{
  "Top": "aes_top",
  "RtlTop": "aes_top",
  "RtlPrefix": "",
  "RtlSubPrefix": "aes_top_",
  "SourceLanguage": "cpp",
  "HostMachineBits": "64",
  "FunctionProtocol": "ap_ctrl_hs",
  "ResetStyle": "control",
  "Target": {
    "Family": "zynquplus",
    "Device": "xck26",
    "Package": "-sfvc784",
    "Speed": "-2LV-c",
    "Triple": "fpga64-xilinx-none"
  },
  "Args": {
    "in": {
      "index": "0",
      "direction": "in",
      "srcType": "ap_uint<8>*",
      "srcSize": "8",
      "hwRefs": [{
          "type": "interface",
          "interface": "s_axi_control",
          "name": "",
          "usage": "data",
          "direction": "in"
        }]
    },
    "out": {
      "index": "1",
      "direction": "out",
      "srcType": "ap_uint<8>*",
      "srcSize": "8",
      "hwRefs": [{
          "type": "interface",
          "interface": "s_axi_control",
          "name": "",
          "usage": "data",
          "direction": "out"
        }]
    },
    "w": {
      "index": "2",
      "direction": "in",
      "srcType": "ap_uint<32> const *",
      "srcSize": "32",
      "hwRefs": [{
          "type": "memory",
          "interface": "s_axi_control",
          "name": "w",
          "usage": "data",
          "direction": "in"
        }]
    }
  },
  "HlsSolution": {
    "FlowTarget": "vivado",
    "ConfigTcl": [
      "config_export -format=ip_catalog",
      "config_export -flow=none"
    ],
    "ProfileOption": "0",
    "ProfileType": "none",
    "KernelName": "aes_top"
  },
  "ClockInfo": {
    "ClockName": "ap_clk",
    "ClockPeriod": "10",
    "Uncertainty": "2.7",
    "IsCombinational": "0",
    "II": "700 ~ 760",
    "Latency": "699"
  },
  "Xdc": {"OocClocks": ["create_clock -name ap_clk -period 10.000 [get_ports ap_clk]"]},
  "Ipx": {
    "Vendor": "xilinx.com",
    "Library": "hls",
    "Name": "aes_top",
    "Version": "1.0",
    "DisplayName": "Aes_top",
    "Revision": "2114181023",
    "Description": "An IP generated by Vitis HLS",
    "Taxonomy": "\/VITIS_HLS_IP",
    "AutoFamilySupport": "",
    "ZipFile": "xilinx_com_hls_aes_top_1_0.zip"
  },
  "Files": {
    "CSource": [
      "..\/..\/..\/..\/COMP4601_prj_encryption\/AES_hls_cpp\/aes_cipher.cpp",
      "..\/..\/..\/..\/COMP4601_prj_encryption\/AES_hls_cpp\/HLS_top.cpp"
    ],
    "TestBench": ["..\/..\/..\/..\/COMP4601_prj_encryption\/AES_hls_cpp\/aes_tb.cpp"],
    "Vhdl": [
      "impl\/vhdl\/aes_top_Cipher.vhd",
      "impl\/vhdl\/aes_top_Cipher_Pipeline_VITIS_LOOP_78_1_VITIS_LOOP_79_2.vhd",
      "impl\/vhdl\/aes_top_Cipher_Pipeline_VITIS_LOOP_78_1_VITIS_LOOP_79_2_sbox_ROM_AUTO_1R.vhd",
      "impl\/vhdl\/aes_top_Cipher_Pipeline_VITIS_LOOP_78_1_VITIS_LOOP_79_22.vhd",
      "impl\/vhdl\/aes_top_Cipher_Pipeline_VITIS_LOOP_85_2.vhd",
      "impl\/vhdl\/aes_top_Cipher_Pipeline_VITIS_LOOP_85_23.vhd",
      "impl\/vhdl\/aes_top_Cipher_Pipeline_VITIS_LOOP_96_1.vhd",
      "impl\/vhdl\/aes_top_Cipher_Pipeline_VITIS_LOOP_110_1.vhd",
      "impl\/vhdl\/aes_top_Cipher_Pipeline_VITIS_LOOP_110_11.vhd",
      "impl\/vhdl\/aes_top_Cipher_Pipeline_VITIS_LOOP_110_14.vhd",
      "impl\/vhdl\/aes_top_Cipher_Pipeline_VITIS_LOOP_149_1.vhd",
      "impl\/vhdl\/aes_top_Cipher_Pipeline_VITIS_LOOP_165_3.vhd",
      "impl\/vhdl\/aes_top_Cipher_state_1_RAM_AUTO_1R1W.vhd",
      "impl\/vhdl\/aes_top_Cipher_state_RAM_AUTO_1R1W.vhd",
      "impl\/vhdl\/aes_top_control_s_axi.vhd",
      "impl\/vhdl\/aes_top_flow_control_loop_pipe_sequential_init.vhd",
      "impl\/vhdl\/aes_top_gmul.vhd",
      "impl\/vhdl\/aes_top_sparsemux_7_2_8_1_1.vhd",
      "impl\/vhdl\/aes_top_sparsemux_9_2_8_1_1.vhd",
      "impl\/vhdl\/aes_top.vhd"
    ],
    "Verilog": [
      "impl\/verilog\/aes_top_Cipher.v",
      "impl\/verilog\/aes_top_Cipher_Pipeline_VITIS_LOOP_78_1_VITIS_LOOP_79_2.v",
      "impl\/verilog\/aes_top_Cipher_Pipeline_VITIS_LOOP_78_1_VITIS_LOOP_79_2_sbox_ROM_AUTO_1R.dat",
      "impl\/verilog\/aes_top_Cipher_Pipeline_VITIS_LOOP_78_1_VITIS_LOOP_79_2_sbox_ROM_AUTO_1R.v",
      "impl\/verilog\/aes_top_Cipher_Pipeline_VITIS_LOOP_78_1_VITIS_LOOP_79_22.v",
      "impl\/verilog\/aes_top_Cipher_Pipeline_VITIS_LOOP_85_2.v",
      "impl\/verilog\/aes_top_Cipher_Pipeline_VITIS_LOOP_85_23.v",
      "impl\/verilog\/aes_top_Cipher_Pipeline_VITIS_LOOP_96_1.v",
      "impl\/verilog\/aes_top_Cipher_Pipeline_VITIS_LOOP_110_1.v",
      "impl\/verilog\/aes_top_Cipher_Pipeline_VITIS_LOOP_110_11.v",
      "impl\/verilog\/aes_top_Cipher_Pipeline_VITIS_LOOP_110_14.v",
      "impl\/verilog\/aes_top_Cipher_Pipeline_VITIS_LOOP_149_1.v",
      "impl\/verilog\/aes_top_Cipher_Pipeline_VITIS_LOOP_165_3.v",
      "impl\/verilog\/aes_top_Cipher_state_1_RAM_AUTO_1R1W.v",
      "impl\/verilog\/aes_top_Cipher_state_RAM_AUTO_1R1W.v",
      "impl\/verilog\/aes_top_control_s_axi.v",
      "impl\/verilog\/aes_top_flow_control_loop_pipe_sequential_init.v",
      "impl\/verilog\/aes_top_gmul.v",
      "impl\/verilog\/aes_top_sparsemux_7_2_8_1_1.v",
      "impl\/verilog\/aes_top_sparsemux_9_2_8_1_1.v",
      "impl\/verilog\/aes_top.v"
    ],
    "SwDriver": [
      "impl\/misc\/drivers\/aes_top_v1_0\/data\/aes_top.mdd",
      "impl\/misc\/drivers\/aes_top_v1_0\/data\/aes_top.tcl",
      "impl\/misc\/drivers\/aes_top_v1_0\/data\/aes_top.yaml",
      "impl\/misc\/drivers\/aes_top_v1_0\/src\/CMakeLists.txt",
      "impl\/misc\/drivers\/aes_top_v1_0\/src\/Makefile",
      "impl\/misc\/drivers\/aes_top_v1_0\/src\/xaes_top.c",
      "impl\/misc\/drivers\/aes_top_v1_0\/src\/xaes_top.h",
      "impl\/misc\/drivers\/aes_top_v1_0\/src\/xaes_top_hw.h",
      "impl\/misc\/drivers\/aes_top_v1_0\/src\/xaes_top_linux.c",
      "impl\/misc\/drivers\/aes_top_v1_0\/src\/xaes_top_sinit.c"
    ],
    "IpMisc": ["impl\/misc\/logo.png"],
    "CsynthXml": "syn\/report\/csynth.xml",
    "DebugDir": ".debug",
    "KernelXml": ".autopilot\/db\/kernel.internal.xml",
    "Xo": "",
    "XoHlsDir": "",
    "ProtoInst": [".debug\/aes_top.protoinst"]
  },
  "SubcoreInfo": {
    "HasXpmMemory": false,
    "HasClockedDsp": false,
    "Ip": [
      
    ]
  },
  "Interfaces": {
    "s_axi_control": {
      "type": "axi4lite",
      "busTypeName": "aximm",
      "mode": "slave",
      "dataWidth": "32",
      "addrWidth": "9",
      "portPrefix": "s_axi_control_",
      "paramPrefix": "C_S_AXI_CONTROL_",
      "ports": [
        "s_axi_control_ARADDR",
        "s_axi_control_ARREADY",
        "s_axi_control_ARVALID",
        "s_axi_control_AWADDR",
        "s_axi_control_AWREADY",
        "s_axi_control_AWVALID",
        "s_axi_control_BREADY",
        "s_axi_control_BRESP",
        "s_axi_control_BVALID",
        "s_axi_control_RDATA",
        "s_axi_control_RREADY",
        "s_axi_control_RRESP",
        "s_axi_control_RVALID",
        "s_axi_control_WDATA",
        "s_axi_control_WREADY",
        "s_axi_control_WSTRB",
        "s_axi_control_WVALID"
      ],
      "memories": {
        "in_r": {
          "offset": "16",
          "range": "16"
        },
        "out_r": {
          "offset": "32",
          "range": "16"
        },
        "w": {
          "offset": "256",
          "range": "256"
        }
      },
      "registers": [
        {
          "offset": "0x00",
          "name": "CTRL",
          "access": "RW",
          "description": "Control signals",
          "range": "32",
          "fields": [
            {
              "offset": "0",
              "width": "1",
              "name": "AP_START",
              "access": "RW",
              "description": "Control signal Register for 'ap_start'."
            },
            {
              "offset": "1",
              "width": "1",
              "name": "AP_DONE",
              "access": "R",
              "description": "Control signal Register for 'ap_done'."
            },
            {
              "offset": "2",
              "width": "1",
              "name": "AP_IDLE",
              "access": "R",
              "description": "Control signal Register for 'ap_idle'."
            },
            {
              "offset": "3",
              "width": "1",
              "name": "AP_READY",
              "access": "R",
              "description": "Control signal Register for 'ap_ready'."
            },
            {
              "offset": "4",
              "width": "3",
              "name": "RESERVED_1",
              "access": "R",
              "description": "Reserved.  0s on read."
            },
            {
              "offset": "7",
              "width": "1",
              "name": "AUTO_RESTART",
              "access": "RW",
              "description": "Control signal Register for 'auto_restart'."
            },
            {
              "offset": "8",
              "width": "1",
              "name": "RESERVED_2",
              "access": "R",
              "description": "Reserved.  0s on read."
            },
            {
              "offset": "9",
              "width": "1",
              "name": "INTERRUPT",
              "access": "R",
              "description": "Control signal Register for 'interrupt'."
            },
            {
              "offset": "10",
              "width": "22",
              "name": "RESERVED_3",
              "access": "R",
              "description": "Reserved.  0s on read."
            }
          ]
        },
        {
          "offset": "0x04",
          "name": "GIER",
          "access": "RW",
          "description": "Global Interrupt Enable Register",
          "range": "32",
          "fields": [
            {
              "offset": "0",
              "width": "1",
              "name": "Enable",
              "access": "RW",
              "description": "Master enable for the device interrupt output to the system interrupt controller: 0 = Disabled, 1 = Enabled"
            },
            {
              "offset": "1",
              "width": "31",
              "name": "RESERVED",
              "access": "R",
              "description": "Reserved.  0s on read."
            }
          ]
        },
        {
          "offset": "0x08",
          "name": "IP_IER",
          "access": "RW",
          "description": "IP Interrupt Enable Register",
          "range": "32",
          "fields": [
            {
              "offset": "0",
              "width": "1",
              "name": "CHAN0_INT_EN",
              "access": "RW",
              "description": "Enable Channel 0 (ap_done) Interrupt.  0 = Disabled, 1 = Enabled."
            },
            {
              "offset": "1",
              "width": "1",
              "name": "CHAN1_INT_EN",
              "access": "RW",
              "description": "Enable Channel 1 (ap_ready) Interrupt.  0 = Disabled, 1 = Enabled."
            },
            {
              "offset": "2",
              "width": "30",
              "name": "RESERVED_0",
              "access": "R",
              "description": "Reserved.  0s on read."
            }
          ]
        },
        {
          "offset": "0x0c",
          "name": "IP_ISR",
          "access": "RW",
          "description": "IP Interrupt Status Register",
          "range": "32",
          "fields": [
            {
              "offset": "0",
              "width": "1",
              "name": "CHAN0_INT_ST",
              "access": "RTOW",
              "description": "Channel 0 (ap_done) Interrupt Status. 0 = No Channel 0 interrupt, 1 = Channel 0 interrupt."
            },
            {
              "offset": "1",
              "width": "1",
              "name": "CHAN1_INT_ST",
              "access": "RTOW",
              "description": "Channel 1 (ap_ready) Interrupt Status. 0 = No Channel 1 interrupt, 1 = Channel 1 interrupt."
            },
            {
              "offset": "2",
              "width": "30",
              "name": "RESERVED_0",
              "access": "R",
              "description": "Reserved.  0s on read."
            }
          ]
        }
      ],
      "constraints": [
        {
          "constraint_type": "pragma interface",
          "mode": "s_axilite",
          "register_option": "0",
          "offset": "16",
          "argName": "in"
        },
        {
          "constraint_type": "pragma interface",
          "mode": "s_axilite",
          "register_option": "0",
          "offset": "32",
          "argName": "out"
        },
        {
          "constraint_type": "pragma interface",
          "mode": "s_axilite",
          "register_option": "0",
          "offset": "256",
          "argName": "w"
        }
      ]
    },
    "ap_clk": {
      "type": "clock",
      "busTypeName": "clock",
      "mode": "slave",
      "busParams": {
        "ASSOCIATED_BUSIF": "s_axi_control",
        "ASSOCIATED_RESET": "ap_rst_n"
      },
      "portMap": {"ap_clk": "CLK"},
      "ports": ["ap_clk"]
    },
    "ap_rst_n": {
      "type": "reset",
      "busTypeName": "reset",
      "mode": "slave",
      "busParams": {"POLARITY": "ACTIVE_LOW"},
      "portMap": {"ap_rst_n": "RST"},
      "ports": ["ap_rst_n"]
    },
    "interrupt": {
      "type": "interrupt",
      "busTypeName": "interrupt",
      "mode": "master",
      "dataWidth": "1",
      "busParams": {"SENSITIVITY": "LEVEL_HIGH"},
      "portMap": {"interrupt": "INTERRUPT"},
      "ports": ["interrupt"]
    }
  },
  "RtlPorts": {
    "s_axi_control_AWVALID": {
      "dir": "in",
      "width": "1"
    },
    "s_axi_control_AWREADY": {
      "dir": "out",
      "width": "1"
    },
    "s_axi_control_AWADDR": {
      "dir": "in",
      "width": "9"
    },
    "s_axi_control_WVALID": {
      "dir": "in",
      "width": "1"
    },
    "s_axi_control_WREADY": {
      "dir": "out",
      "width": "1"
    },
    "s_axi_control_WDATA": {
      "dir": "in",
      "width": "32"
    },
    "s_axi_control_WSTRB": {
      "dir": "in",
      "width": "4"
    },
    "s_axi_control_ARVALID": {
      "dir": "in",
      "width": "1"
    },
    "s_axi_control_ARREADY": {
      "dir": "out",
      "width": "1"
    },
    "s_axi_control_ARADDR": {
      "dir": "in",
      "width": "9"
    },
    "s_axi_control_RVALID": {
      "dir": "out",
      "width": "1"
    },
    "s_axi_control_RREADY": {
      "dir": "in",
      "width": "1"
    },
    "s_axi_control_RDATA": {
      "dir": "out",
      "width": "32"
    },
    "s_axi_control_RRESP": {
      "dir": "out",
      "width": "2"
    },
    "s_axi_control_BVALID": {
      "dir": "out",
      "width": "1"
    },
    "s_axi_control_BREADY": {
      "dir": "in",
      "width": "1"
    },
    "s_axi_control_BRESP": {
      "dir": "out",
      "width": "2"
    },
    "ap_clk": {
      "dir": "in",
      "width": "1"
    },
    "ap_rst_n": {
      "dir": "in",
      "width": "1"
    },
    "interrupt": {
      "dir": "out",
      "width": "1"
    }
  },
  "ModuleInfo": {
    "Hierarchy": {
      "ModuleName": "aes_top",
      "BindInstances": "control_s_axi_U",
      "Instances": [{
          "ModuleName": "Cipher",
          "InstanceName": "grp_Cipher_fu_46",
          "BindInstances": "state_1_U state_2_U state_3_U state_U icmp_ln154_fu_616_p2 icmp_ln84_1_fu_627_p2 sparsemux_7_2_8_1_1_U64 sparsemux_7_2_8_1_1_U65 sparsemux_7_2_8_1_1_U66 sparsemux_7_2_8_1_1_U67 add_ln84_1_fu_754_p2 add_ln154_fu_633_p2 icmp_ln84_fu_771_p2 sparsemux_7_2_8_1_1_U68 sparsemux_7_2_8_1_1_U69 sparsemux_7_2_8_1_1_U70 sparsemux_7_2_8_1_1_U71 add_ln84_fu_885_p2",
          "Instances": [
            {
              "ModuleName": "Cipher_Pipeline_VITIS_LOOP_149_1",
              "InstanceName": "grp_Cipher_Pipeline_VITIS_LOOP_149_1_fu_499",
              "BindInstances": "icmp_ln149_fu_141_p2 add_ln149_fu_147_p2"
            },
            {
              "ModuleName": "Cipher_Pipeline_VITIS_LOOP_110_1",
              "InstanceName": "grp_Cipher_Pipeline_VITIS_LOOP_110_1_fu_513",
              "BindInstances": "icmp_ln110_fu_155_p2 add_ln110_fu_161_p2 xor_ln113_fu_191_p2 xor_ln113_1_fu_222_p2 xor_ln113_2_fu_229_p2 xor_ln113_3_fu_236_p2"
            },
            {
              "ModuleName": "Cipher_Pipeline_VITIS_LOOP_78_1_VITIS_LOOP_79_2",
              "InstanceName": "grp_Cipher_Pipeline_VITIS_LOOP_78_1_VITIS_LOOP_79_2_fu_523",
              "BindInstances": "icmp_ln78_fu_169_p2 add_ln78_fu_175_p2 icmp_ln79_fu_184_p2 select_ln78_fu_190_p3 add_ln78_2_fu_225_p2 select_ln78_2_fu_231_p3 sparsemux_9_2_8_1_1_U11 add_ln79_fu_206_p2 sbox_U"
            },
            {
              "ModuleName": "Cipher_Pipeline_VITIS_LOOP_78_1_VITIS_LOOP_79_22",
              "InstanceName": "grp_Cipher_Pipeline_VITIS_LOOP_78_1_VITIS_LOOP_79_22_fu_533",
              "BindInstances": "icmp_ln78_fu_169_p2 add_ln78_fu_175_p2 icmp_ln79_fu_184_p2 select_ln78_fu_190_p3 add_ln78_1_fu_225_p2 select_ln78_1_fu_231_p3 sparsemux_9_2_8_1_1_U39 add_ln79_fu_206_p2 sbox_U"
            },
            {
              "ModuleName": "Cipher_Pipeline_VITIS_LOOP_85_2",
              "InstanceName": "grp_Cipher_Pipeline_VITIS_LOOP_85_2_fu_543",
              "BindInstances": "icmp_ln85_fu_168_p2 add_ln85_fu_173_p2"
            },
            {
              "ModuleName": "Cipher_Pipeline_VITIS_LOOP_96_1",
              "InstanceName": "grp_Cipher_Pipeline_VITIS_LOOP_96_1_fu_556",
              "BindInstances": "icmp_ln96_fu_184_p2 add_ln96_fu_190_p2 xor_ln100_fu_209_p2 xor_ln100_1_fu_215_p2 xor_ln100_2_fu_221_p2 xor_ln101_fu_228_p2 xor_ln101_1_fu_234_p2 xor_ln101_2_fu_240_p2 xor_ln102_fu_247_p2 xor_ln102_1_fu_253_p2 xor_ln102_2_fu_259_p2 xor_ln103_fu_266_p2 xor_ln103_1_fu_272_p2 xor_ln103_2_fu_278_p2",
              "Instances": [
                {
                  "ModuleName": "gmul",
                  "InstanceName": "ref_tmp11_i_gmul_fu_112",
                  "BindInstances": "select_ln55_fu_72_p3 select_ln55_1_fu_100_p3 select_ln55_2_fu_124_p3 select_ln55_3_fu_152_p3 select_ln55_4_fu_176_p3 select_ln55_5_fu_204_p3 select_ln55_6_fu_228_p3 select_ln55_7_fu_256_p3 xor_ln55_fu_264_p2 xor_ln55_1_fu_274_p2 xor_ln55_2_fu_280_p2 xor_ln55_3_fu_290_p2 xor_ln55_4_fu_300_p2 xor_ln55_5_fu_306_p2 ap_return"
                },
                {
                  "ModuleName": "gmul",
                  "InstanceName": "ref_tmp14_i_gmul_fu_120",
                  "BindInstances": "select_ln55_fu_72_p3 select_ln55_1_fu_100_p3 select_ln55_2_fu_124_p3 select_ln55_3_fu_152_p3 select_ln55_4_fu_176_p3 select_ln55_5_fu_204_p3 select_ln55_6_fu_228_p3 select_ln55_7_fu_256_p3 xor_ln55_fu_264_p2 xor_ln55_1_fu_274_p2 xor_ln55_2_fu_280_p2 xor_ln55_3_fu_290_p2 xor_ln55_4_fu_300_p2 xor_ln55_5_fu_306_p2 ap_return"
                },
                {
                  "ModuleName": "gmul",
                  "InstanceName": "ref_tmp25_i_gmul_fu_128",
                  "BindInstances": "select_ln55_fu_72_p3 select_ln55_1_fu_100_p3 select_ln55_2_fu_124_p3 select_ln55_3_fu_152_p3 select_ln55_4_fu_176_p3 select_ln55_5_fu_204_p3 select_ln55_6_fu_228_p3 select_ln55_7_fu_256_p3 xor_ln55_fu_264_p2 xor_ln55_1_fu_274_p2 xor_ln55_2_fu_280_p2 xor_ln55_3_fu_290_p2 xor_ln55_4_fu_300_p2 xor_ln55_5_fu_306_p2 ap_return"
                },
                {
                  "ModuleName": "gmul",
                  "InstanceName": "ref_tmp29_i_gmul_fu_136",
                  "BindInstances": "select_ln55_fu_72_p3 select_ln55_1_fu_100_p3 select_ln55_2_fu_124_p3 select_ln55_3_fu_152_p3 select_ln55_4_fu_176_p3 select_ln55_5_fu_204_p3 select_ln55_6_fu_228_p3 select_ln55_7_fu_256_p3 xor_ln55_fu_264_p2 xor_ln55_1_fu_274_p2 xor_ln55_2_fu_280_p2 xor_ln55_3_fu_290_p2 xor_ln55_4_fu_300_p2 xor_ln55_5_fu_306_p2 ap_return"
                },
                {
                  "ModuleName": "gmul",
                  "InstanceName": "ref_tmp40_i_gmul_fu_144",
                  "BindInstances": "select_ln55_fu_72_p3 select_ln55_1_fu_100_p3 select_ln55_2_fu_124_p3 select_ln55_3_fu_152_p3 select_ln55_4_fu_176_p3 select_ln55_5_fu_204_p3 select_ln55_6_fu_228_p3 select_ln55_7_fu_256_p3 xor_ln55_fu_264_p2 xor_ln55_1_fu_274_p2 xor_ln55_2_fu_280_p2 xor_ln55_3_fu_290_p2 xor_ln55_4_fu_300_p2 xor_ln55_5_fu_306_p2 ap_return"
                },
                {
                  "ModuleName": "gmul",
                  "InstanceName": "ref_tmp44_i_gmul_fu_152",
                  "BindInstances": "select_ln55_fu_72_p3 select_ln55_1_fu_100_p3 select_ln55_2_fu_124_p3 select_ln55_3_fu_152_p3 select_ln55_4_fu_176_p3 select_ln55_5_fu_204_p3 select_ln55_6_fu_228_p3 select_ln55_7_fu_256_p3 xor_ln55_fu_264_p2 xor_ln55_1_fu_274_p2 xor_ln55_2_fu_280_p2 xor_ln55_3_fu_290_p2 xor_ln55_4_fu_300_p2 xor_ln55_5_fu_306_p2 ap_return"
                },
                {
                  "ModuleName": "gmul",
                  "InstanceName": "ref_tmp52_i_gmul_fu_160",
                  "BindInstances": "select_ln55_fu_72_p3 select_ln55_1_fu_100_p3 select_ln55_2_fu_124_p3 select_ln55_3_fu_152_p3 select_ln55_4_fu_176_p3 select_ln55_5_fu_204_p3 select_ln55_6_fu_228_p3 select_ln55_7_fu_256_p3 xor_ln55_fu_264_p2 xor_ln55_1_fu_274_p2 xor_ln55_2_fu_280_p2 xor_ln55_3_fu_290_p2 xor_ln55_4_fu_300_p2 xor_ln55_5_fu_306_p2 ap_return"
                },
                {
                  "ModuleName": "gmul",
                  "InstanceName": "ref_tmp58_i_gmul_fu_168",
                  "BindInstances": "select_ln55_fu_72_p3 select_ln55_1_fu_100_p3 select_ln55_2_fu_124_p3 select_ln55_3_fu_152_p3 select_ln55_4_fu_176_p3 select_ln55_5_fu_204_p3 select_ln55_6_fu_228_p3 select_ln55_7_fu_256_p3 xor_ln55_fu_264_p2 xor_ln55_1_fu_274_p2 xor_ln55_2_fu_280_p2 xor_ln55_3_fu_290_p2 xor_ln55_4_fu_300_p2 xor_ln55_5_fu_306_p2 ap_return"
                }
              ]
            },
            {
              "ModuleName": "Cipher_Pipeline_VITIS_LOOP_110_11",
              "InstanceName": "grp_Cipher_Pipeline_VITIS_LOOP_110_11_fu_564",
              "BindInstances": "icmp_ln110_fu_165_p2 add_ln110_fu_171_p2 arrayidx15_sum_fu_189_p2 xor_ln113_fu_215_p2 xor_ln113_4_fu_246_p2 xor_ln113_5_fu_253_p2 xor_ln113_6_fu_260_p2"
            },
            {
              "ModuleName": "Cipher_Pipeline_VITIS_LOOP_110_14",
              "InstanceName": "grp_Cipher_Pipeline_VITIS_LOOP_110_14_fu_575",
              "BindInstances": "icmp_ln110_fu_159_p2 add_ln110_fu_165_p2 xor_ln113_fu_207_p2 xor_ln113_1_fu_238_p2 xor_ln113_2_fu_245_p2 xor_ln113_3_fu_252_p2"
            },
            {
              "ModuleName": "Cipher_Pipeline_VITIS_LOOP_85_23",
              "InstanceName": "grp_Cipher_Pipeline_VITIS_LOOP_85_23_fu_585",
              "BindInstances": "icmp_ln85_fu_168_p2 add_ln85_fu_173_p2"
            },
            {
              "ModuleName": "Cipher_Pipeline_VITIS_LOOP_165_3",
              "InstanceName": "grp_Cipher_Pipeline_VITIS_LOOP_165_3_fu_598",
              "BindInstances": "icmp_ln165_fu_143_p2 add_ln165_fu_149_p2 sparsemux_9_2_8_1_1_U58"
            }
          ]
        }]
    },
    "Info": {
      "Cipher_Pipeline_VITIS_LOOP_149_1": {
        "FunctionProtocol": "ap_ctrl_hs",
        "isTaskLevelControl": "0",
        "isPipelined": "1",
        "isCombinational": "0",
        "isOneStateSeq": "0"
      },
      "Cipher_Pipeline_VITIS_LOOP_110_1": {
        "FunctionProtocol": "ap_ctrl_hs",
        "isTaskLevelControl": "0",
        "isPipelined": "1",
        "isCombinational": "0",
        "isOneStateSeq": "0"
      },
      "Cipher_Pipeline_VITIS_LOOP_78_1_VITIS_LOOP_79_2": {
        "FunctionProtocol": "ap_ctrl_hs",
        "isTaskLevelControl": "0",
        "isPipelined": "1",
        "isCombinational": "0",
        "isOneStateSeq": "0"
      },
      "Cipher_Pipeline_VITIS_LOOP_85_2": {
        "FunctionProtocol": "ap_ctrl_hs",
        "isTaskLevelControl": "0",
        "isPipelined": "1",
        "isCombinational": "0",
        "isOneStateSeq": "0"
      },
      "gmul": {
        "FunctionProtocol": "ap_ctrl_hs",
        "isTaskLevelControl": "0",
        "isPipelined": "0",
        "isCombinational": "1",
        "isOneStateSeq": "0"
      },
      "Cipher_Pipeline_VITIS_LOOP_96_1": {
        "FunctionProtocol": "ap_ctrl_hs",
        "isTaskLevelControl": "0",
        "isPipelined": "1",
        "isCombinational": "0",
        "isOneStateSeq": "0"
      },
      "Cipher_Pipeline_VITIS_LOOP_110_11": {
        "FunctionProtocol": "ap_ctrl_hs",
        "isTaskLevelControl": "0",
        "isPipelined": "1",
        "isCombinational": "0",
        "isOneStateSeq": "0"
      },
      "Cipher_Pipeline_VITIS_LOOP_78_1_VITIS_LOOP_79_22": {
        "FunctionProtocol": "ap_ctrl_hs",
        "isTaskLevelControl": "0",
        "isPipelined": "1",
        "isCombinational": "0",
        "isOneStateSeq": "0"
      },
      "Cipher_Pipeline_VITIS_LOOP_85_23": {
        "FunctionProtocol": "ap_ctrl_hs",
        "isTaskLevelControl": "0",
        "isPipelined": "1",
        "isCombinational": "0",
        "isOneStateSeq": "0"
      },
      "Cipher_Pipeline_VITIS_LOOP_110_14": {
        "FunctionProtocol": "ap_ctrl_hs",
        "isTaskLevelControl": "0",
        "isPipelined": "1",
        "isCombinational": "0",
        "isOneStateSeq": "0"
      },
      "Cipher_Pipeline_VITIS_LOOP_165_3": {
        "FunctionProtocol": "ap_ctrl_hs",
        "isTaskLevelControl": "0",
        "isPipelined": "1",
        "isCombinational": "0",
        "isOneStateSeq": "0"
      },
      "Cipher": {
        "FunctionProtocol": "ap_ctrl_hs",
        "isTaskLevelControl": "0",
        "isPipelined": "0",
        "isCombinational": "0",
        "isOneStateSeq": "0"
      },
      "aes_top": {
        "FunctionProtocol": "ap_ctrl_hs",
        "isTaskLevelControl": "0",
        "isPipelined": "0",
        "isCombinational": "0",
        "isOneStateSeq": "0"
      }
    },
    "Metrics": {
      "Cipher_Pipeline_VITIS_LOOP_149_1": {
        "Latency": {
          "LatencyBest": "18",
          "LatencyAvg": "18",
          "LatencyWorst": "18",
          "PipelineII": "17",
          "PipelineDepth": "",
          "PipelineType": "loop auto-rewind stp (delay=0 clock cycles(s))"
        },
        "Timing": {
          "Target": "10.00",
          "Uncertainty": "2.70",
          "Estimate": "1.643"
        },
        "Loops": [{
            "Name": "VITIS_LOOP_149_1",
            "TripCount": "16",
            "Latency": "16",
            "PipelineII": "1",
            "PipelineDepth": "2"
          }],
        "Area": {
          "FF": "12",
          "AVAIL_FF": "234240",
          "UTIL_FF": "~0",
          "LUT": "63",
          "AVAIL_LUT": "117120",
          "UTIL_LUT": "~0",
          "BRAM_18K": "0",
          "AVAIL_BRAM": "288",
          "UTIL_BRAM": "0",
          "DSP": "0",
          "AVAIL_DSP": "1248",
          "UTIL_DSP": "0",
          "URAM": "0",
          "AVAIL_URAM": "64",
          "UTIL_URAM": "0"
        }
      },
      "Cipher_Pipeline_VITIS_LOOP_110_1": {
        "Latency": {
          "LatencyBest": "6",
          "LatencyAvg": "6",
          "LatencyWorst": "6",
          "PipelineII": "5",
          "PipelineDepth": "",
          "PipelineType": "loop auto-rewind stp (delay=0 clock cycles(s))"
        },
        "Timing": {
          "Target": "10.00",
          "Uncertainty": "2.70",
          "Estimate": "2.249"
        },
        "Loops": [{
            "Name": "VITIS_LOOP_110_1",
            "TripCount": "4",
            "Latency": "4",
            "PipelineII": "1",
            "PipelineDepth": "2"
          }],
        "Area": {
          "FF": "14",
          "AVAIL_FF": "234240",
          "UTIL_FF": "~0",
          "LUT": "92",
          "AVAIL_LUT": "117120",
          "UTIL_LUT": "~0",
          "BRAM_18K": "0",
          "AVAIL_BRAM": "288",
          "UTIL_BRAM": "0",
          "DSP": "0",
          "AVAIL_DSP": "1248",
          "UTIL_DSP": "0",
          "URAM": "0",
          "AVAIL_URAM": "64",
          "UTIL_URAM": "0"
        }
      },
      "Cipher_Pipeline_VITIS_LOOP_78_1_VITIS_LOOP_79_2": {
        "Latency": {
          "LatencyBest": "19",
          "LatencyAvg": "19",
          "LatencyWorst": "19",
          "PipelineII": "17",
          "PipelineDepth": "",
          "PipelineType": "loop auto-rewind stp (delay=0 clock cycles(s))"
        },
        "Timing": {
          "Target": "10.00",
          "Uncertainty": "2.70",
          "Estimate": "2.643"
        },
        "Loops": [{
            "Name": "VITIS_LOOP_78_1_VITIS_LOOP_79_2",
            "TripCount": "16",
            "Latency": "17",
            "PipelineII": "1",
            "PipelineDepth": "3"
          }],
        "Area": {
          "BRAM_18K": "1",
          "AVAIL_BRAM": "288",
          "UTIL_BRAM": "~0",
          "FF": "35",
          "AVAIL_FF": "234240",
          "UTIL_FF": "~0",
          "LUT": "148",
          "AVAIL_LUT": "117120",
          "UTIL_LUT": "~0",
          "DSP": "0",
          "AVAIL_DSP": "1248",
          "UTIL_DSP": "0",
          "URAM": "0",
          "AVAIL_URAM": "64",
          "UTIL_URAM": "0"
        }
      },
      "Cipher_Pipeline_VITIS_LOOP_85_2": {
        "Latency": {
          "LatencyBest": "3",
          "LatencyAvg": "4",
          "LatencyWorst": "5",
          "PipelineIIMin": "2",
          "PipelineIIMax": "4",
          "PipelineII": "2 ~ 4",
          "PipelineDepth": "",
          "PipelineType": "loop auto-rewind stp (delay=0 clock cycles(s))"
        },
        "Timing": {
          "Target": "10.00",
          "Uncertainty": "2.70",
          "Estimate": "0.975"
        },
        "Loops": [{
            "Name": "VITIS_LOOP_85_2",
            "TripCount": "",
            "LatencyMin": "1",
            "LatencyMax": "3",
            "Latency": "1 ~ 3",
            "PipelineII": "1",
            "PipelineDepth": "1"
          }],
        "Area": {
          "FF": "37",
          "AVAIL_FF": "234240",
          "UTIL_FF": "~0",
          "LUT": "83",
          "AVAIL_LUT": "117120",
          "UTIL_LUT": "~0",
          "BRAM_18K": "0",
          "AVAIL_BRAM": "288",
          "UTIL_BRAM": "0",
          "DSP": "0",
          "AVAIL_DSP": "1248",
          "UTIL_DSP": "0",
          "URAM": "0",
          "AVAIL_URAM": "64",
          "UTIL_URAM": "0"
        }
      },
      "gmul": {
        "Latency": {
          "LatencyBest": "0",
          "LatencyAvg": "0",
          "LatencyWorst": "0",
          "PipelineII": "1",
          "PipelineDepth": "1",
          "PipelineType": "yes"
        },
        "Timing": {
          "Target": "10.00",
          "Uncertainty": "2.70",
          "Estimate": "1.015"
        },
        "Area": {
          "FF": "0",
          "AVAIL_FF": "234240",
          "UTIL_FF": "0",
          "LUT": "87",
          "AVAIL_LUT": "117120",
          "UTIL_LUT": "~0",
          "BRAM_18K": "0",
          "AVAIL_BRAM": "288",
          "UTIL_BRAM": "0",
          "DSP": "0",
          "AVAIL_DSP": "1248",
          "UTIL_DSP": "0",
          "URAM": "0",
          "AVAIL_URAM": "64",
          "UTIL_URAM": "0"
        }
      },
      "Cipher_Pipeline_VITIS_LOOP_96_1": {
        "Latency": {
          "LatencyBest": "6",
          "LatencyAvg": "6",
          "LatencyWorst": "6",
          "PipelineII": "5",
          "PipelineDepth": "",
          "PipelineType": "loop auto-rewind stp (delay=0 clock cycles(s))"
        },
        "Timing": {
          "Target": "10.00",
          "Uncertainty": "2.70",
          "Estimate": "2.704"
        },
        "Loops": [{
            "Name": "VITIS_LOOP_96_1",
            "TripCount": "4",
            "Latency": "4",
            "PipelineII": "1",
            "PipelineDepth": "2"
          }],
        "Area": {
          "FF": "15",
          "AVAIL_FF": "234240",
          "UTIL_FF": "~0",
          "LUT": "852",
          "AVAIL_LUT": "117120",
          "UTIL_LUT": "~0",
          "BRAM_18K": "0",
          "AVAIL_BRAM": "288",
          "UTIL_BRAM": "0",
          "DSP": "0",
          "AVAIL_DSP": "1248",
          "UTIL_DSP": "0",
          "URAM": "0",
          "AVAIL_URAM": "64",
          "UTIL_URAM": "0"
        }
      },
      "Cipher_Pipeline_VITIS_LOOP_110_11": {
        "Latency": {
          "LatencyBest": "6",
          "LatencyAvg": "6",
          "LatencyWorst": "6",
          "PipelineII": "5",
          "PipelineDepth": "",
          "PipelineType": "loop auto-rewind stp (delay=0 clock cycles(s))"
        },
        "Timing": {
          "Target": "10.00",
          "Uncertainty": "2.70",
          "Estimate": "2.445"
        },
        "Loops": [{
            "Name": "VITIS_LOOP_110_1",
            "TripCount": "4",
            "Latency": "4",
            "PipelineII": "1",
            "PipelineDepth": "2"
          }],
        "Area": {
          "FF": "14",
          "AVAIL_FF": "234240",
          "UTIL_FF": "~0",
          "LUT": "105",
          "AVAIL_LUT": "117120",
          "UTIL_LUT": "~0",
          "BRAM_18K": "0",
          "AVAIL_BRAM": "288",
          "UTIL_BRAM": "0",
          "DSP": "0",
          "AVAIL_DSP": "1248",
          "UTIL_DSP": "0",
          "URAM": "0",
          "AVAIL_URAM": "64",
          "UTIL_URAM": "0"
        }
      },
      "Cipher_Pipeline_VITIS_LOOP_78_1_VITIS_LOOP_79_22": {
        "Latency": {
          "LatencyBest": "19",
          "LatencyAvg": "19",
          "LatencyWorst": "19",
          "PipelineII": "17",
          "PipelineDepth": "",
          "PipelineType": "loop auto-rewind stp (delay=0 clock cycles(s))"
        },
        "Timing": {
          "Target": "10.00",
          "Uncertainty": "2.70",
          "Estimate": "2.643"
        },
        "Loops": [{
            "Name": "VITIS_LOOP_78_1_VITIS_LOOP_79_2",
            "TripCount": "16",
            "Latency": "17",
            "PipelineII": "1",
            "PipelineDepth": "3"
          }],
        "Area": {
          "BRAM_18K": "1",
          "AVAIL_BRAM": "288",
          "UTIL_BRAM": "~0",
          "FF": "35",
          "AVAIL_FF": "234240",
          "UTIL_FF": "~0",
          "LUT": "148",
          "AVAIL_LUT": "117120",
          "UTIL_LUT": "~0",
          "DSP": "0",
          "AVAIL_DSP": "1248",
          "UTIL_DSP": "0",
          "URAM": "0",
          "AVAIL_URAM": "64",
          "UTIL_URAM": "0"
        }
      },
      "Cipher_Pipeline_VITIS_LOOP_85_23": {
        "Latency": {
          "LatencyBest": "3",
          "LatencyAvg": "4",
          "LatencyWorst": "5",
          "PipelineIIMin": "2",
          "PipelineIIMax": "4",
          "PipelineII": "2 ~ 4",
          "PipelineDepth": "",
          "PipelineType": "loop auto-rewind stp (delay=0 clock cycles(s))"
        },
        "Timing": {
          "Target": "10.00",
          "Uncertainty": "2.70",
          "Estimate": "0.975"
        },
        "Loops": [{
            "Name": "VITIS_LOOP_85_2",
            "TripCount": "",
            "LatencyMin": "1",
            "LatencyMax": "3",
            "Latency": "1 ~ 3",
            "PipelineII": "1",
            "PipelineDepth": "1"
          }],
        "Area": {
          "FF": "37",
          "AVAIL_FF": "234240",
          "UTIL_FF": "~0",
          "LUT": "83",
          "AVAIL_LUT": "117120",
          "UTIL_LUT": "~0",
          "BRAM_18K": "0",
          "AVAIL_BRAM": "288",
          "UTIL_BRAM": "0",
          "DSP": "0",
          "AVAIL_DSP": "1248",
          "UTIL_DSP": "0",
          "URAM": "0",
          "AVAIL_URAM": "64",
          "UTIL_URAM": "0"
        }
      },
      "Cipher_Pipeline_VITIS_LOOP_110_14": {
        "Latency": {
          "LatencyBest": "6",
          "LatencyAvg": "6",
          "LatencyWorst": "6",
          "PipelineII": "5",
          "PipelineDepth": "",
          "PipelineType": "loop auto-rewind stp (delay=0 clock cycles(s))"
        },
        "Timing": {
          "Target": "10.00",
          "Uncertainty": "2.70",
          "Estimate": "2.249"
        },
        "Loops": [{
            "Name": "VITIS_LOOP_110_1",
            "TripCount": "4",
            "Latency": "4",
            "PipelineII": "1",
            "PipelineDepth": "2"
          }],
        "Area": {
          "FF": "14",
          "AVAIL_FF": "234240",
          "UTIL_FF": "~0",
          "LUT": "92",
          "AVAIL_LUT": "117120",
          "UTIL_LUT": "~0",
          "BRAM_18K": "0",
          "AVAIL_BRAM": "288",
          "UTIL_BRAM": "0",
          "DSP": "0",
          "AVAIL_DSP": "1248",
          "UTIL_DSP": "0",
          "URAM": "0",
          "AVAIL_URAM": "64",
          "UTIL_URAM": "0"
        }
      },
      "Cipher_Pipeline_VITIS_LOOP_165_3": {
        "Latency": {
          "LatencyBest": "19",
          "LatencyAvg": "19",
          "LatencyWorst": "19",
          "PipelineII": "17",
          "PipelineDepth": "",
          "PipelineType": "loop auto-rewind stp (delay=0 clock cycles(s))"
        },
        "Timing": {
          "Target": "10.00",
          "Uncertainty": "2.70",
          "Estimate": "1.879"
        },
        "Loops": [{
            "Name": "VITIS_LOOP_165_3",
            "TripCount": "16",
            "Latency": "17",
            "PipelineII": "1",
            "PipelineDepth": "3"
          }],
        "Area": {
          "FF": "15",
          "AVAIL_FF": "234240",
          "UTIL_FF": "~0",
          "LUT": "83",
          "AVAIL_LUT": "117120",
          "UTIL_LUT": "~0",
          "BRAM_18K": "0",
          "AVAIL_BRAM": "288",
          "UTIL_BRAM": "0",
          "DSP": "0",
          "AVAIL_DSP": "1248",
          "UTIL_DSP": "0",
          "URAM": "0",
          "AVAIL_URAM": "64",
          "UTIL_URAM": "0"
        }
      },
      "Cipher": {
        "Latency": {
          "LatencyBest": "698",
          "LatencyAvg": "728",
          "LatencyWorst": "758",
          "PipelineIIMin": "698",
          "PipelineIIMax": "758",
          "PipelineII": "698 ~ 758",
          "PipelineDepth": "",
          "PipelineType": "no"
        },
        "Timing": {
          "Target": "10.00",
          "Uncertainty": "2.70",
          "Estimate": "2.704"
        },
        "Loops": [
          {
            "Name": "VITIS_LOOP_154_2",
            "TripCount": "9",
            "LatencyMin": "594",
            "LatencyMax": "648",
            "Latency": "594 ~ 648",
            "PipelineII": "",
            "PipelineDepthMin": "66",
            "PipelineDepthMax": "72",
            "PipelineDepth": "66 ~ 72",
            "Loops": [{
                "Name": "VITIS_LOOP_84_1",
                "TripCount": "3",
                "LatencyMin": "24",
                "LatencyMax": "30",
                "Latency": "24 ~ 30",
                "PipelineII": "",
                "PipelineDepthMin": "8",
                "PipelineDepthMax": "10",
                "PipelineDepth": "8 ~ 10"
              }]
          },
          {
            "Name": "VITIS_LOOP_84_1",
            "TripCount": "3",
            "LatencyMin": "27",
            "LatencyMax": "33",
            "Latency": "27 ~ 33",
            "PipelineII": "",
            "PipelineDepthMin": "9",
            "PipelineDepthMax": "11",
            "PipelineDepth": "9 ~ 11"
          }
        ],
        "Area": {
          "BRAM_18K": "2",
          "AVAIL_BRAM": "288",
          "UTIL_BRAM": "~0",
          "FF": "588",
          "AVAIL_FF": "234240",
          "UTIL_FF": "~0",
          "LUT": "3621",
          "AVAIL_LUT": "117120",
          "UTIL_LUT": "3",
          "URAM": "0",
          "AVAIL_URAM": "64",
          "UTIL_URAM": "0",
          "DSP": "0",
          "AVAIL_DSP": "1248",
          "UTIL_DSP": "0"
        }
      },
      "aes_top": {
        "Latency": {
          "LatencyBest": "699",
          "LatencyAvg": "729",
          "LatencyWorst": "759",
          "PipelineIIMin": "700",
          "PipelineIIMax": "760",
          "PipelineII": "700 ~ 760",
          "PipelineDepth": "",
          "PipelineType": "no"
        },
        "Timing": {
          "Target": "10.00",
          "Uncertainty": "2.70",
          "Estimate": "2.704"
        },
        "Area": {
          "BRAM_18K": "4",
          "AVAIL_BRAM": "288",
          "UTIL_BRAM": "1",
          "FF": "899",
          "AVAIL_FF": "234240",
          "UTIL_FF": "~0",
          "LUT": "3889",
          "AVAIL_LUT": "117120",
          "UTIL_LUT": "3",
          "URAM": "0",
          "AVAIL_URAM": "64",
          "UTIL_URAM": "0",
          "DSP": "0",
          "AVAIL_DSP": "1248",
          "UTIL_DSP": "0"
        }
      }
    }
  },
  "GenerateBdFiles": "0",
  "GenData": {
    "DataVersion": "0.2",
    "Time": "2025-07-21 15:23:13 +1000",
    "ToolName": "vitis_hls",
    "ToolVersion": "2025.1"
  }
}
