{
  "version": "0.2.0",
  "configurations": [
    {
      "type": "tcf-debug",
      "request": "launch",
      "name": "hello_world_app_hw_1",
      "debugType": "baremetal-zu",
      "attachToRunningTargetOptions": {
        "targetSetupMode": "standalone",
        "executeScript": true,
        "scriptPath": ""
      },
      "autoAttachProcessChildren": false,
      "target": {
        "targetConnectionId": "Local",
        "peersIniPath": "../../_ide/.peers.ini",
        "context": "ZUPlus"
      },
      "pathMap": [],
      "targetSetup": {
        "resetSystem": true,
        "programDevice": true,
        "partialBitstream": false,
        "skipRevisionCheck": false,
        "device": {
          "plDevice": "Auto Detect",
          "psDevice": "Auto Detect"
        },
        "enableRPUSplitMode": false,
        "resetAPU": false,
        "resetRPU": false,
        "bitstreamFile": "${workspaceFolder}\\hello_world\\_ide\\bitstream\\kria_starter_kit_wrapper.bit",
        "zuInitialization": {
          "isFsbl": true,
          "usingFSBL": {
            "initWithFSBL": true,
            "fsblFile": "${workspaceFolder}\\platform\\export\\platform\\sw\\boot\\fsbl.elf",
            "fsblExitSymbol": "XFsbl_Exit"
          },
          "usingPsuInit": {
            "runPsuInit": true,
            "plPowerup": true,
            "psuInitTclFile": "${workspaceFolder}\\hello_world\\_ide\\psinit\\psu_init.tcl"
          }
        },
        "zuTraceOptions": {
          "isSelected": false,
          "scratchAddress": "0x60000",
          "scratchSize": "0x60000",
          "traceOutputPath": ""
        },
        "downloadElf": [
          {
            "core": "psu_cortexa53_0",
            "resetProcessor": true,
            "elfFile": "${workspaceFolder}\\hello_world\\build\\hello_world.elf",
            "stopAtEntry": false,
            "isSelfRelocatingApp": false,
            "relativeAddress": ""
          }
        ],
        "crossTriggerBreakpoints": {
          "isSelected": false,
          "breakpoints": []
        }
      },
      "internalConsoleOptions": "openOnSessionStart"
    }
  ]
}