<profile>

<section name = "Vitis HLS Report for 'aes_top'" level="0">
<item name = "Date">Mon Jul 21 15:22:52 2025
</item>
<item name = "Version">2025.1 (Build 6135595 on May 21 2025)</item>
<item name = "Project">aes_core</item>
<item name = "Solution">hls (Vivado IP Flow Target)</item>
<item name = "Product family">zynquplus</item>
<item name = "Target device">xck26-sfvc784-2LV-c</item>
</section>

<section name = "Performance Estimates" level="0">
<item name = "Timing">
<section name = "" level="1">
<item name = "Summary"><table name="" hasTotal="0">
<keys size="4">Clock, Target, Estimated, Uncertainty</keys>
<column name="ap_clk">10.00 ns, 2.704 ns, 2.70 ns</column>
</table>
</item>
</section>
</item>
<item name = "Latency">
<section name = "" level="1">
<item name = "Summary"><table name="" hasTotal="0">
<keys size="8">, min, max, min, max, min, max, Type</keys>
<column name="">699, 759, 6.990 us, 7.590 us, 700, 760, no</column>
</table>
</item>
<item name = "Detail">
<section name = "" level="1">
<item name = "Instance"><table name="" hasTotal="0">
<keys size="9">Instance, Module, min, max, min, max, min, max, Type</keys>
<column name="grp_Cipher_fu_46">Cipher, 698, 758, 6.980 us, 7.580 us, 698, 758, no</column>
</table>
</item>
<item name = "Loop"><table name="" hasTotal="0">
<keys size="8">Loop Name, min, max, Latency, achieved, target, Count, Pipelined</keys>
</table>
</item>
</section>
</item>
</section>
</item>
</section>

<section name = "Utilization Estimates" level="0">
<item name = "Summary"><table name="" hasTotal="1">
<keys size="6">Name, BRAM_18K, DSP, FF, LUT, URAM</keys>
<column name="DSP">-, -, -, -, -</column>
<column name="Expression">-, -, -, -, -</column>
<column name="FIFO">-, -, -, -, -</column>
<column name="Instance">4, -, 896, 3875, 0</column>
<column name="Memory">-, -, -, -, -</column>
<column name="Multiplexer">-, -, 0, 14, -</column>
<column name="Register">-, -, 3, -, -</column>
<specialColumn name="Available">288, 1248, 234240, 117120, 64</specialColumn>
<specialColumn name="Utilization (%)">1, 0, ~0, 3, 0</specialColumn>
</table>
</item>
<item name = "Detail">
<section name = "" level="1">
<item name = "Instance"><table name="" hasTotal="1">
<keys size="7">Instance, Module, BRAM_18K, DSP, FF, LUT, URAM</keys>
<column name="grp_Cipher_fu_46">Cipher, 2, 0, 588, 3621, 0</column>
<column name="control_s_axi_U">control_s_axi, 2, 0, 308, 254, 0</column>
</table>
</item>
<item name = "DSP"><table name="" hasTotal="0">
<keys size="3">Instance, Module, Expression</keys>
</table>
</item>
<item name = "Memory"><table name="" hasTotal="1">
<keys size="10">Memory, Module, BRAM_18K, FF, LUT, URAM, Words, Bits, Banks, W*Bits*Banks</keys>
</table>
</item>
<item name = "FIFO"><table name="" hasTotal="1">
<keys size="8">Name, BRAM_18K, FF, LUT, URAM, Depth, Bits, Size:D*B</keys>
</table>
</item>
<item name = "Expression"><table name="" hasTotal="1">
<keys size="7">Variable Name, Operation, DSP, FF, LUT, Bitwidth P0, Bitwidth P1</keys>
</table>
</item>
<item name = "Multiplexer"><table name="" hasTotal="1">
<keys size="5">Name, LUT, Input Size, Bits, Total Bits</keys>
<column name="ap_NS_fsm">14, 3, 1, 3</column>
</table>
</item>
<item name = "Register"><table name="" hasTotal="1">
<keys size="5">Name, FF, LUT, Bits, Const Bits</keys>
<column name="ap_CS_fsm">2, 0, 2, 0</column>
<column name="grp_Cipher_fu_46_ap_start_reg">1, 0, 1, 0</column>
</table>
</item>
</section>
</item>
</section>

<section name = "Interface" level="0">
<item name = "Summary"><table name="" hasTotal="0">
<keys size="6">RTL Ports, Dir, Bits, Protocol, Source Object, C Type</keys>
<column name="s_axi_control_AWVALID">in, 1, s_axi, control, array</column>
<column name="s_axi_control_AWREADY">out, 1, s_axi, control, array</column>
<column name="s_axi_control_AWADDR">in, 9, s_axi, control, array</column>
<column name="s_axi_control_WVALID">in, 1, s_axi, control, array</column>
<column name="s_axi_control_WREADY">out, 1, s_axi, control, array</column>
<column name="s_axi_control_WDATA">in, 32, s_axi, control, array</column>
<column name="s_axi_control_WSTRB">in, 4, s_axi, control, array</column>
<column name="s_axi_control_ARVALID">in, 1, s_axi, control, array</column>
<column name="s_axi_control_ARREADY">out, 1, s_axi, control, array</column>
<column name="s_axi_control_ARADDR">in, 9, s_axi, control, array</column>
<column name="s_axi_control_RVALID">out, 1, s_axi, control, array</column>
<column name="s_axi_control_RREADY">in, 1, s_axi, control, array</column>
<column name="s_axi_control_RDATA">out, 32, s_axi, control, array</column>
<column name="s_axi_control_RRESP">out, 2, s_axi, control, array</column>
<column name="s_axi_control_BVALID">out, 1, s_axi, control, array</column>
<column name="s_axi_control_BREADY">in, 1, s_axi, control, array</column>
<column name="s_axi_control_BRESP">out, 2, s_axi, control, array</column>
<column name="ap_clk">in, 1, ap_ctrl_hs, aes_top, return value</column>
<column name="ap_rst_n">in, 1, ap_ctrl_hs, aes_top, return value</column>
<column name="interrupt">out, 1, ap_ctrl_hs, aes_top, return value</column>
</table>
</item>
</section>
</profile>
