<stg><name>aes_top</name>


<trans_list>

<trans id="20" from="1" to="2">
<condition id="-1">
<or_exp><and_exp></and_exp></or_exp>
</condition>
</trans>
</trans_list>



<state_list>

<state id="1" st_id="1">

<operation id="3" st_id="1" stage="2" lat="2">
<core></core>
<MemPortIdVec></MemPortIdVec>
<condition id="-1">
<or_exp><and_exp></and_exp></or_exp>
</condition>

<Node id="19" bw="0" op_0_bw="0" op_1_bw="8" op_2_bw="8" op_3_bw="32" op_4_bw="8">
<![CDATA[
entry:14 %call_ln17 = call void @Cipher, i8 %in_r, i8 %out_r, i32 %w, i8 %sbox

]]></Node>
<StgValue><ssdm name="call_ln17"/></StgValue>
</operation>
</state>

<state id="2" st_id="2">

<operation id="4" st_id="2" stage="1" lat="1">
<core>NULL</core>
<MemPortIdVec></MemPortIdVec>
<condition id="-1">
<or_exp><and_exp></and_exp></or_exp>
</condition>

<Node id="5" bw="0" op_0_bw="0" op_1_bw="0">
<![CDATA[
entry:0 %spectopmodule_ln11 = spectopmodule void @_ssdm_op_SpecTopModule, void @empty_6

]]></Node>
<StgValue><ssdm name="spectopmodule_ln11"/></StgValue>
</operation>

<operation id="5" st_id="2" stage="1" lat="1">
<core>NULL</core>
<MemPortIdVec></MemPortIdVec>
<condition id="-1">
<or_exp><and_exp></and_exp></or_exp>
</condition>

<Node id="6" bw="0" op_0_bw="0" op_1_bw="8" op_2_bw="0" op_3_bw="32" op_4_bw="32" op_5_bw="0" op_6_bw="32" op_7_bw="32" op_8_bw="0" op_9_bw="0" op_10_bw="0" op_11_bw="32" op_12_bw="32" op_13_bw="32" op_14_bw="32" op_15_bw="0" op_16_bw="0" op_17_bw="32" op_18_bw="32" op_19_bw="32">
<![CDATA[
entry:1 %specinterface_ln0 = specinterface void @_ssdm_op_SpecInterface, i8 %in_r, void @empty, i32 0, i32 0, void @empty_0, i32 0, i32 0, void @empty_1, void @empty_2, void @empty_0, i32 0, i32 0, i32 0, i32 0, void @empty_0, void @empty_0, i32 4294967295, i32 0, i32 0

]]></Node>
<StgValue><ssdm name="specinterface_ln0"/></StgValue>
</operation>

<operation id="6" st_id="2" stage="1" lat="1">
<core>NULL</core>
<MemPortIdVec></MemPortIdVec>
<condition id="-1">
<or_exp><and_exp></and_exp></or_exp>
</condition>

<Node id="7" bw="0" op_0_bw="0" op_1_bw="8" op_2_bw="0" op_3_bw="32" op_4_bw="32" op_5_bw="0" op_6_bw="32" op_7_bw="32" op_8_bw="0" op_9_bw="0" op_10_bw="0" op_11_bw="32" op_12_bw="32" op_13_bw="32" op_14_bw="32" op_15_bw="0" op_16_bw="0" op_17_bw="32" op_18_bw="32" op_19_bw="32">
<![CDATA[
entry:2 %specinterface_ln0 = specinterface void @_ssdm_op_SpecInterface, i8 %in_r, void @empty_3, i32 0, i32 0, void @empty_0, i32 1, i32 0, void @empty_0, void @empty_0, void @empty_0, i32 0, i32 0, i32 0, i32 0, void @empty_0, void @empty_0, i32 4294967295, i32 0, i32 0

]]></Node>
<StgValue><ssdm name="specinterface_ln0"/></StgValue>
</operation>

<operation id="7" st_id="2" stage="1" lat="1">
<core>NULL</core>
<MemPortIdVec></MemPortIdVec>
<condition id="-1">
<or_exp><and_exp></and_exp></or_exp>
</condition>

<Node id="8" bw="0" op_0_bw="0" op_1_bw="8" op_2_bw="64" op_3_bw="64" op_4_bw="64">
<![CDATA[
entry:3 %specmemcore_ln0 = specmemcore void @_ssdm_op_SpecMemCore, i8 %in_r, i64 666, i64 207, i64 1

]]></Node>
<StgValue><ssdm name="specmemcore_ln0"/></StgValue>
</operation>

<operation id="8" st_id="2" stage="1" lat="1">
<core>NULL</core>
<MemPortIdVec></MemPortIdVec>
<condition id="-1">
<or_exp><and_exp></and_exp></or_exp>
</condition>

<Node id="9" bw="0" op_0_bw="0" op_1_bw="8">
<![CDATA[
entry:4 %specbitsmap_ln0 = specbitsmap void @_ssdm_op_SpecBitsMap, i8 %in_r

]]></Node>
<StgValue><ssdm name="specbitsmap_ln0"/></StgValue>
</operation>

<operation id="9" st_id="2" stage="1" lat="1">
<core>NULL</core>
<MemPortIdVec></MemPortIdVec>
<condition id="-1">
<or_exp><and_exp></and_exp></or_exp>
</condition>

<Node id="10" bw="0" op_0_bw="0" op_1_bw="8" op_2_bw="0" op_3_bw="32" op_4_bw="32" op_5_bw="0" op_6_bw="32" op_7_bw="32" op_8_bw="0" op_9_bw="0" op_10_bw="0" op_11_bw="32" op_12_bw="32" op_13_bw="32" op_14_bw="32" op_15_bw="0" op_16_bw="0" op_17_bw="32" op_18_bw="32" op_19_bw="32">
<![CDATA[
entry:5 %specinterface_ln0 = specinterface void @_ssdm_op_SpecInterface, i8 %out_r, void @empty, i32 0, i32 0, void @empty_0, i32 0, i32 0, void @empty_1, void @empty_4, void @empty_0, i32 0, i32 0, i32 0, i32 0, void @empty_0, void @empty_0, i32 4294967295, i32 0, i32 0

]]></Node>
<StgValue><ssdm name="specinterface_ln0"/></StgValue>
</operation>

<operation id="10" st_id="2" stage="1" lat="1">
<core>NULL</core>
<MemPortIdVec></MemPortIdVec>
<condition id="-1">
<or_exp><and_exp></and_exp></or_exp>
</condition>

<Node id="11" bw="0" op_0_bw="0" op_1_bw="8" op_2_bw="0" op_3_bw="32" op_4_bw="32" op_5_bw="0" op_6_bw="32" op_7_bw="32" op_8_bw="0" op_9_bw="0" op_10_bw="0" op_11_bw="32" op_12_bw="32" op_13_bw="32" op_14_bw="32" op_15_bw="0" op_16_bw="0" op_17_bw="32" op_18_bw="32" op_19_bw="32">
<![CDATA[
entry:6 %specinterface_ln0 = specinterface void @_ssdm_op_SpecInterface, i8 %out_r, void @empty_3, i32 0, i32 0, void @empty_0, i32 1, i32 0, void @empty_0, void @empty_0, void @empty_0, i32 0, i32 0, i32 0, i32 0, void @empty_0, void @empty_0, i32 4294967295, i32 0, i32 0

]]></Node>
<StgValue><ssdm name="specinterface_ln0"/></StgValue>
</operation>

<operation id="11" st_id="2" stage="1" lat="1">
<core>NULL</core>
<MemPortIdVec></MemPortIdVec>
<condition id="-1">
<or_exp><and_exp></and_exp></or_exp>
</condition>

<Node id="12" bw="0" op_0_bw="0" op_1_bw="8" op_2_bw="64" op_3_bw="64" op_4_bw="64">
<![CDATA[
entry:7 %specmemcore_ln0 = specmemcore void @_ssdm_op_SpecMemCore, i8 %out_r, i64 666, i64 207, i64 1

]]></Node>
<StgValue><ssdm name="specmemcore_ln0"/></StgValue>
</operation>

<operation id="12" st_id="2" stage="1" lat="1">
<core>NULL</core>
<MemPortIdVec></MemPortIdVec>
<condition id="-1">
<or_exp><and_exp></and_exp></or_exp>
</condition>

<Node id="13" bw="0" op_0_bw="0" op_1_bw="8">
<![CDATA[
entry:8 %specbitsmap_ln0 = specbitsmap void @_ssdm_op_SpecBitsMap, i8 %out_r

]]></Node>
<StgValue><ssdm name="specbitsmap_ln0"/></StgValue>
</operation>

<operation id="13" st_id="2" stage="1" lat="1">
<core>NULL</core>
<MemPortIdVec></MemPortIdVec>
<condition id="-1">
<or_exp><and_exp></and_exp></or_exp>
</condition>

<Node id="14" bw="0" op_0_bw="0" op_1_bw="32" op_2_bw="0" op_3_bw="32" op_4_bw="32" op_5_bw="0" op_6_bw="32" op_7_bw="32" op_8_bw="0" op_9_bw="0" op_10_bw="0" op_11_bw="32" op_12_bw="32" op_13_bw="32" op_14_bw="32" op_15_bw="0" op_16_bw="0" op_17_bw="32" op_18_bw="32" op_19_bw="32">
<![CDATA[
entry:9 %specinterface_ln0 = specinterface void @_ssdm_op_SpecInterface, i32 %w, void @empty, i32 0, i32 0, void @empty_0, i32 0, i32 0, void @empty_1, void @empty_5, void @empty_0, i32 0, i32 0, i32 0, i32 0, void @empty_0, void @empty_0, i32 4294967295, i32 0, i32 0

]]></Node>
<StgValue><ssdm name="specinterface_ln0"/></StgValue>
</operation>

<operation id="14" st_id="2" stage="1" lat="1">
<core>NULL</core>
<MemPortIdVec></MemPortIdVec>
<condition id="-1">
<or_exp><and_exp></and_exp></or_exp>
</condition>

<Node id="15" bw="0" op_0_bw="0" op_1_bw="32" op_2_bw="0" op_3_bw="32" op_4_bw="32" op_5_bw="0" op_6_bw="32" op_7_bw="32" op_8_bw="0" op_9_bw="0" op_10_bw="0" op_11_bw="32" op_12_bw="32" op_13_bw="32" op_14_bw="32" op_15_bw="0" op_16_bw="0" op_17_bw="32" op_18_bw="32" op_19_bw="32">
<![CDATA[
entry:10 %specinterface_ln0 = specinterface void @_ssdm_op_SpecInterface, i32 %w, void @empty_3, i32 0, i32 0, void @empty_0, i32 1, i32 0, void @empty_0, void @empty_0, void @empty_0, i32 0, i32 0, i32 0, i32 0, void @empty_0, void @empty_0, i32 4294967295, i32 0, i32 0

]]></Node>
<StgValue><ssdm name="specinterface_ln0"/></StgValue>
</operation>

<operation id="15" st_id="2" stage="1" lat="1">
<core>NULL</core>
<MemPortIdVec></MemPortIdVec>
<condition id="-1">
<or_exp><and_exp></and_exp></or_exp>
</condition>

<Node id="16" bw="0" op_0_bw="0" op_1_bw="32" op_2_bw="64" op_3_bw="64" op_4_bw="64">
<![CDATA[
entry:11 %specmemcore_ln0 = specmemcore void @_ssdm_op_SpecMemCore, i32 %w, i64 666, i64 207, i64 1

]]></Node>
<StgValue><ssdm name="specmemcore_ln0"/></StgValue>
</operation>

<operation id="16" st_id="2" stage="1" lat="1">
<core>NULL</core>
<MemPortIdVec></MemPortIdVec>
<condition id="-1">
<or_exp><and_exp></and_exp></or_exp>
</condition>

<Node id="17" bw="0" op_0_bw="0" op_1_bw="32">
<![CDATA[
entry:12 %specbitsmap_ln0 = specbitsmap void @_ssdm_op_SpecBitsMap, i32 %w

]]></Node>
<StgValue><ssdm name="specbitsmap_ln0"/></StgValue>
</operation>

<operation id="17" st_id="2" stage="1" lat="1">
<core>NULL</core>
<MemPortIdVec></MemPortIdVec>
<condition id="-1">
<or_exp><and_exp></and_exp></or_exp>
</condition>

<Node id="18" bw="0" op_0_bw="0" op_1_bw="32" op_2_bw="0" op_3_bw="32" op_4_bw="32" op_5_bw="0" op_6_bw="32" op_7_bw="32" op_8_bw="0" op_9_bw="0" op_10_bw="0" op_11_bw="32" op_12_bw="32" op_13_bw="32" op_14_bw="32" op_15_bw="0" op_16_bw="0" op_17_bw="32" op_18_bw="32" op_19_bw="32">
<![CDATA[
entry:13 %specinterface_ln0 = specinterface void @_ssdm_op_SpecInterface, i32 0, void @empty, i32 0, i32 0, void @empty_0, i32 0, i32 0, void @empty_1, void @empty_0, void @empty_0, i32 0, i32 0, i32 0, i32 0, void @empty_0, void @empty_0, i32 4294967295, i32 0, i32 0

]]></Node>
<StgValue><ssdm name="specinterface_ln0"/></StgValue>
</operation>

<operation id="18" st_id="2" stage="1" lat="2">
<core></core>
<MemPortIdVec></MemPortIdVec>
<condition id="-1">
<or_exp><and_exp></and_exp></or_exp>
</condition>

<Node id="19" bw="0" op_0_bw="0" op_1_bw="8" op_2_bw="8" op_3_bw="32" op_4_bw="8">
<![CDATA[
entry:14 %call_ln17 = call void @Cipher, i8 %in_r, i8 %out_r, i32 %w, i8 %sbox

]]></Node>
<StgValue><ssdm name="call_ln17"/></StgValue>
</operation>

<operation id="19" st_id="2" stage="1" lat="1">
<core>NULL</core>
<MemPortIdVec></MemPortIdVec>
<condition id="-1">
<or_exp><and_exp></and_exp></or_exp>
</condition>

<Node id="20" bw="0">
<![CDATA[
entry:15 %ret_ln18 = ret

]]></Node>
<StgValue><ssdm name="ret_ln18"/></StgValue>
</operation>
</state>
</state_list>


<ports>
<port id="21" name="in_r" dir="0" iftype="1">
<core>RAM_1P</core><StgValue><ssdm name="in_r"/><MemPortTyVec>1 </MemPortTyVec>
</StgValue>
</port>
<port id="22" name="out_r" dir="1" iftype="1">
<core>RAM_1P</core><StgValue><ssdm name="out_r"/><MemPortTyVec>0 </MemPortTyVec>
</StgValue>
</port>
<port id="23" name="w" dir="0" iftype="1">
<core>RAM_1P</core><StgValue><ssdm name="w"/><MemPortTyVec>1 </MemPortTyVec>
</StgValue>
</port>
<port id="24" name="sbox" dir="0" iftype="1">
<core>ROM</core><StgValue><ssdm name="sbox"/><MemPortTyVec>1 </MemPortTyVec>
</StgValue>
</port>
</ports>


<dataflows>
<dataflow id="26" from="Cipher" to="call_ln17" fromId="25" toId="3">
</dataflow>
<dataflow id="27" from="in_r" to="call_ln17" fromId="21" toId="3">
</dataflow>
<dataflow id="28" from="out_r" to="call_ln17" fromId="22" toId="3">
</dataflow>
<dataflow id="29" from="w" to="call_ln17" fromId="23" toId="3">
</dataflow>
<dataflow id="30" from="sbox" to="call_ln17" fromId="24" toId="3">
</dataflow>
<dataflow id="32" from="_ssdm_op_SpecTopModule" to="spectopmodule_ln11" fromId="31" toId="4">
</dataflow>
<dataflow id="34" from="empty_6" to="spectopmodule_ln11" fromId="33" toId="4">
</dataflow>
<dataflow id="36" from="_ssdm_op_SpecInterface" to="specinterface_ln0" fromId="35" toId="5">
</dataflow>
<dataflow id="37" from="in_r" to="specinterface_ln0" fromId="21" toId="5">
</dataflow>
<dataflow id="39" from="empty" to="specinterface_ln0" fromId="38" toId="5">
</dataflow>
<dataflow id="41" from="StgValue_40" to="specinterface_ln0" fromId="40" toId="5">
</dataflow>
<dataflow id="42" from="StgValue_40" to="specinterface_ln0" fromId="40" toId="5">
</dataflow>
<dataflow id="44" from="empty_0" to="specinterface_ln0" fromId="43" toId="5">
</dataflow>
<dataflow id="45" from="StgValue_40" to="specinterface_ln0" fromId="40" toId="5">
</dataflow>
<dataflow id="46" from="StgValue_40" to="specinterface_ln0" fromId="40" toId="5">
</dataflow>
<dataflow id="48" from="empty_1" to="specinterface_ln0" fromId="47" toId="5">
</dataflow>
<dataflow id="50" from="empty_2" to="specinterface_ln0" fromId="49" toId="5">
</dataflow>
<dataflow id="51" from="empty_0" to="specinterface_ln0" fromId="43" toId="5">
</dataflow>
<dataflow id="52" from="StgValue_40" to="specinterface_ln0" fromId="40" toId="5">
</dataflow>
<dataflow id="53" from="StgValue_40" to="specinterface_ln0" fromId="40" toId="5">
</dataflow>
<dataflow id="54" from="StgValue_40" to="specinterface_ln0" fromId="40" toId="5">
</dataflow>
<dataflow id="55" from="StgValue_40" to="specinterface_ln0" fromId="40" toId="5">
</dataflow>
<dataflow id="56" from="empty_0" to="specinterface_ln0" fromId="43" toId="5">
</dataflow>
<dataflow id="57" from="empty_0" to="specinterface_ln0" fromId="43" toId="5">
</dataflow>
<dataflow id="59" from="StgValue_58" to="specinterface_ln0" fromId="58" toId="5">
</dataflow>
<dataflow id="60" from="StgValue_40" to="specinterface_ln0" fromId="40" toId="5">
</dataflow>
<dataflow id="61" from="StgValue_40" to="specinterface_ln0" fromId="40" toId="5">
</dataflow>
<dataflow id="62" from="_ssdm_op_SpecInterface" to="specinterface_ln0" fromId="35" toId="6">
</dataflow>
<dataflow id="63" from="in_r" to="specinterface_ln0" fromId="21" toId="6">
</dataflow>
<dataflow id="65" from="empty_3" to="specinterface_ln0" fromId="64" toId="6">
</dataflow>
<dataflow id="66" from="StgValue_40" to="specinterface_ln0" fromId="40" toId="6">
</dataflow>
<dataflow id="67" from="StgValue_40" to="specinterface_ln0" fromId="40" toId="6">
</dataflow>
<dataflow id="68" from="empty_0" to="specinterface_ln0" fromId="43" toId="6">
</dataflow>
<dataflow id="70" from="StgValue_69" to="specinterface_ln0" fromId="69" toId="6">
</dataflow>
<dataflow id="71" from="StgValue_40" to="specinterface_ln0" fromId="40" toId="6">
</dataflow>
<dataflow id="72" from="empty_0" to="specinterface_ln0" fromId="43" toId="6">
</dataflow>
<dataflow id="73" from="empty_0" to="specinterface_ln0" fromId="43" toId="6">
</dataflow>
<dataflow id="74" from="empty_0" to="specinterface_ln0" fromId="43" toId="6">
</dataflow>
<dataflow id="75" from="StgValue_40" to="specinterface_ln0" fromId="40" toId="6">
</dataflow>
<dataflow id="76" from="StgValue_40" to="specinterface_ln0" fromId="40" toId="6">
</dataflow>
<dataflow id="77" from="StgValue_40" to="specinterface_ln0" fromId="40" toId="6">
</dataflow>
<dataflow id="78" from="StgValue_40" to="specinterface_ln0" fromId="40" toId="6">
</dataflow>
<dataflow id="79" from="empty_0" to="specinterface_ln0" fromId="43" toId="6">
</dataflow>
<dataflow id="80" from="empty_0" to="specinterface_ln0" fromId="43" toId="6">
</dataflow>
<dataflow id="81" from="StgValue_58" to="specinterface_ln0" fromId="58" toId="6">
</dataflow>
<dataflow id="82" from="StgValue_40" to="specinterface_ln0" fromId="40" toId="6">
</dataflow>
<dataflow id="83" from="StgValue_40" to="specinterface_ln0" fromId="40" toId="6">
</dataflow>
<dataflow id="85" from="_ssdm_op_SpecMemCore" to="specmemcore_ln0" fromId="84" toId="7">
</dataflow>
<dataflow id="86" from="in_r" to="specmemcore_ln0" fromId="21" toId="7">
</dataflow>
<dataflow id="88" from="StgValue_87" to="specmemcore_ln0" fromId="87" toId="7">
</dataflow>
<dataflow id="90" from="StgValue_89" to="specmemcore_ln0" fromId="89" toId="7">
</dataflow>
<dataflow id="92" from="StgValue_91" to="specmemcore_ln0" fromId="91" toId="7">
</dataflow>
<dataflow id="94" from="_ssdm_op_SpecBitsMap" to="specbitsmap_ln0" fromId="93" toId="8">
</dataflow>
<dataflow id="95" from="in_r" to="specbitsmap_ln0" fromId="21" toId="8">
</dataflow>
<dataflow id="96" from="_ssdm_op_SpecInterface" to="specinterface_ln0" fromId="35" toId="9">
</dataflow>
<dataflow id="97" from="out_r" to="specinterface_ln0" fromId="22" toId="9">
</dataflow>
<dataflow id="98" from="empty" to="specinterface_ln0" fromId="38" toId="9">
</dataflow>
<dataflow id="99" from="StgValue_40" to="specinterface_ln0" fromId="40" toId="9">
</dataflow>
<dataflow id="100" from="StgValue_40" to="specinterface_ln0" fromId="40" toId="9">
</dataflow>
<dataflow id="101" from="empty_0" to="specinterface_ln0" fromId="43" toId="9">
</dataflow>
<dataflow id="102" from="StgValue_40" to="specinterface_ln0" fromId="40" toId="9">
</dataflow>
<dataflow id="103" from="StgValue_40" to="specinterface_ln0" fromId="40" toId="9">
</dataflow>
<dataflow id="104" from="empty_1" to="specinterface_ln0" fromId="47" toId="9">
</dataflow>
<dataflow id="106" from="empty_4" to="specinterface_ln0" fromId="105" toId="9">
</dataflow>
<dataflow id="107" from="empty_0" to="specinterface_ln0" fromId="43" toId="9">
</dataflow>
<dataflow id="108" from="StgValue_40" to="specinterface_ln0" fromId="40" toId="9">
</dataflow>
<dataflow id="109" from="StgValue_40" to="specinterface_ln0" fromId="40" toId="9">
</dataflow>
<dataflow id="110" from="StgValue_40" to="specinterface_ln0" fromId="40" toId="9">
</dataflow>
<dataflow id="111" from="StgValue_40" to="specinterface_ln0" fromId="40" toId="9">
</dataflow>
<dataflow id="112" from="empty_0" to="specinterface_ln0" fromId="43" toId="9">
</dataflow>
<dataflow id="113" from="empty_0" to="specinterface_ln0" fromId="43" toId="9">
</dataflow>
<dataflow id="114" from="StgValue_58" to="specinterface_ln0" fromId="58" toId="9">
</dataflow>
<dataflow id="115" from="StgValue_40" to="specinterface_ln0" fromId="40" toId="9">
</dataflow>
<dataflow id="116" from="StgValue_40" to="specinterface_ln0" fromId="40" toId="9">
</dataflow>
<dataflow id="117" from="_ssdm_op_SpecInterface" to="specinterface_ln0" fromId="35" toId="10">
</dataflow>
<dataflow id="118" from="out_r" to="specinterface_ln0" fromId="22" toId="10">
</dataflow>
<dataflow id="119" from="empty_3" to="specinterface_ln0" fromId="64" toId="10">
</dataflow>
<dataflow id="120" from="StgValue_40" to="specinterface_ln0" fromId="40" toId="10">
</dataflow>
<dataflow id="121" from="StgValue_40" to="specinterface_ln0" fromId="40" toId="10">
</dataflow>
<dataflow id="122" from="empty_0" to="specinterface_ln0" fromId="43" toId="10">
</dataflow>
<dataflow id="123" from="StgValue_69" to="specinterface_ln0" fromId="69" toId="10">
</dataflow>
<dataflow id="124" from="StgValue_40" to="specinterface_ln0" fromId="40" toId="10">
</dataflow>
<dataflow id="125" from="empty_0" to="specinterface_ln0" fromId="43" toId="10">
</dataflow>
<dataflow id="126" from="empty_0" to="specinterface_ln0" fromId="43" toId="10">
</dataflow>
<dataflow id="127" from="empty_0" to="specinterface_ln0" fromId="43" toId="10">
</dataflow>
<dataflow id="128" from="StgValue_40" to="specinterface_ln0" fromId="40" toId="10">
</dataflow>
<dataflow id="129" from="StgValue_40" to="specinterface_ln0" fromId="40" toId="10">
</dataflow>
<dataflow id="130" from="StgValue_40" to="specinterface_ln0" fromId="40" toId="10">
</dataflow>
<dataflow id="131" from="StgValue_40" to="specinterface_ln0" fromId="40" toId="10">
</dataflow>
<dataflow id="132" from="empty_0" to="specinterface_ln0" fromId="43" toId="10">
</dataflow>
<dataflow id="133" from="empty_0" to="specinterface_ln0" fromId="43" toId="10">
</dataflow>
<dataflow id="134" from="StgValue_58" to="specinterface_ln0" fromId="58" toId="10">
</dataflow>
<dataflow id="135" from="StgValue_40" to="specinterface_ln0" fromId="40" toId="10">
</dataflow>
<dataflow id="136" from="StgValue_40" to="specinterface_ln0" fromId="40" toId="10">
</dataflow>
<dataflow id="137" from="_ssdm_op_SpecMemCore" to="specmemcore_ln0" fromId="84" toId="11">
</dataflow>
<dataflow id="138" from="out_r" to="specmemcore_ln0" fromId="22" toId="11">
</dataflow>
<dataflow id="139" from="StgValue_87" to="specmemcore_ln0" fromId="87" toId="11">
</dataflow>
<dataflow id="140" from="StgValue_89" to="specmemcore_ln0" fromId="89" toId="11">
</dataflow>
<dataflow id="141" from="StgValue_91" to="specmemcore_ln0" fromId="91" toId="11">
</dataflow>
<dataflow id="142" from="_ssdm_op_SpecBitsMap" to="specbitsmap_ln0" fromId="93" toId="12">
</dataflow>
<dataflow id="143" from="out_r" to="specbitsmap_ln0" fromId="22" toId="12">
</dataflow>
<dataflow id="144" from="_ssdm_op_SpecInterface" to="specinterface_ln0" fromId="35" toId="13">
</dataflow>
<dataflow id="145" from="w" to="specinterface_ln0" fromId="23" toId="13">
</dataflow>
<dataflow id="146" from="empty" to="specinterface_ln0" fromId="38" toId="13">
</dataflow>
<dataflow id="147" from="StgValue_40" to="specinterface_ln0" fromId="40" toId="13">
</dataflow>
<dataflow id="148" from="StgValue_40" to="specinterface_ln0" fromId="40" toId="13">
</dataflow>
<dataflow id="149" from="empty_0" to="specinterface_ln0" fromId="43" toId="13">
</dataflow>
<dataflow id="150" from="StgValue_40" to="specinterface_ln0" fromId="40" toId="13">
</dataflow>
<dataflow id="151" from="StgValue_40" to="specinterface_ln0" fromId="40" toId="13">
</dataflow>
<dataflow id="152" from="empty_1" to="specinterface_ln0" fromId="47" toId="13">
</dataflow>
<dataflow id="154" from="empty_5" to="specinterface_ln0" fromId="153" toId="13">
</dataflow>
<dataflow id="155" from="empty_0" to="specinterface_ln0" fromId="43" toId="13">
</dataflow>
<dataflow id="156" from="StgValue_40" to="specinterface_ln0" fromId="40" toId="13">
</dataflow>
<dataflow id="157" from="StgValue_40" to="specinterface_ln0" fromId="40" toId="13">
</dataflow>
<dataflow id="158" from="StgValue_40" to="specinterface_ln0" fromId="40" toId="13">
</dataflow>
<dataflow id="159" from="StgValue_40" to="specinterface_ln0" fromId="40" toId="13">
</dataflow>
<dataflow id="160" from="empty_0" to="specinterface_ln0" fromId="43" toId="13">
</dataflow>
<dataflow id="161" from="empty_0" to="specinterface_ln0" fromId="43" toId="13">
</dataflow>
<dataflow id="162" from="StgValue_58" to="specinterface_ln0" fromId="58" toId="13">
</dataflow>
<dataflow id="163" from="StgValue_40" to="specinterface_ln0" fromId="40" toId="13">
</dataflow>
<dataflow id="164" from="StgValue_40" to="specinterface_ln0" fromId="40" toId="13">
</dataflow>
<dataflow id="165" from="_ssdm_op_SpecInterface" to="specinterface_ln0" fromId="35" toId="14">
</dataflow>
<dataflow id="166" from="w" to="specinterface_ln0" fromId="23" toId="14">
</dataflow>
<dataflow id="167" from="empty_3" to="specinterface_ln0" fromId="64" toId="14">
</dataflow>
<dataflow id="168" from="StgValue_40" to="specinterface_ln0" fromId="40" toId="14">
</dataflow>
<dataflow id="169" from="StgValue_40" to="specinterface_ln0" fromId="40" toId="14">
</dataflow>
<dataflow id="170" from="empty_0" to="specinterface_ln0" fromId="43" toId="14">
</dataflow>
<dataflow id="171" from="StgValue_69" to="specinterface_ln0" fromId="69" toId="14">
</dataflow>
<dataflow id="172" from="StgValue_40" to="specinterface_ln0" fromId="40" toId="14">
</dataflow>
<dataflow id="173" from="empty_0" to="specinterface_ln0" fromId="43" toId="14">
</dataflow>
<dataflow id="174" from="empty_0" to="specinterface_ln0" fromId="43" toId="14">
</dataflow>
<dataflow id="175" from="empty_0" to="specinterface_ln0" fromId="43" toId="14">
</dataflow>
<dataflow id="176" from="StgValue_40" to="specinterface_ln0" fromId="40" toId="14">
</dataflow>
<dataflow id="177" from="StgValue_40" to="specinterface_ln0" fromId="40" toId="14">
</dataflow>
<dataflow id="178" from="StgValue_40" to="specinterface_ln0" fromId="40" toId="14">
</dataflow>
<dataflow id="179" from="StgValue_40" to="specinterface_ln0" fromId="40" toId="14">
</dataflow>
<dataflow id="180" from="empty_0" to="specinterface_ln0" fromId="43" toId="14">
</dataflow>
<dataflow id="181" from="empty_0" to="specinterface_ln0" fromId="43" toId="14">
</dataflow>
<dataflow id="182" from="StgValue_58" to="specinterface_ln0" fromId="58" toId="14">
</dataflow>
<dataflow id="183" from="StgValue_40" to="specinterface_ln0" fromId="40" toId="14">
</dataflow>
<dataflow id="184" from="StgValue_40" to="specinterface_ln0" fromId="40" toId="14">
</dataflow>
<dataflow id="185" from="_ssdm_op_SpecMemCore" to="specmemcore_ln0" fromId="84" toId="15">
</dataflow>
<dataflow id="186" from="w" to="specmemcore_ln0" fromId="23" toId="15">
</dataflow>
<dataflow id="187" from="StgValue_87" to="specmemcore_ln0" fromId="87" toId="15">
</dataflow>
<dataflow id="188" from="StgValue_89" to="specmemcore_ln0" fromId="89" toId="15">
</dataflow>
<dataflow id="189" from="StgValue_91" to="specmemcore_ln0" fromId="91" toId="15">
</dataflow>
<dataflow id="190" from="_ssdm_op_SpecBitsMap" to="specbitsmap_ln0" fromId="93" toId="16">
</dataflow>
<dataflow id="191" from="w" to="specbitsmap_ln0" fromId="23" toId="16">
</dataflow>
<dataflow id="192" from="_ssdm_op_SpecInterface" to="specinterface_ln0" fromId="35" toId="17">
</dataflow>
<dataflow id="193" from="StgValue_40" to="specinterface_ln0" fromId="40" toId="17">
</dataflow>
<dataflow id="194" from="empty" to="specinterface_ln0" fromId="38" toId="17">
</dataflow>
<dataflow id="195" from="StgValue_40" to="specinterface_ln0" fromId="40" toId="17">
</dataflow>
<dataflow id="196" from="StgValue_40" to="specinterface_ln0" fromId="40" toId="17">
</dataflow>
<dataflow id="197" from="empty_0" to="specinterface_ln0" fromId="43" toId="17">
</dataflow>
<dataflow id="198" from="StgValue_40" to="specinterface_ln0" fromId="40" toId="17">
</dataflow>
<dataflow id="199" from="StgValue_40" to="specinterface_ln0" fromId="40" toId="17">
</dataflow>
<dataflow id="200" from="empty_1" to="specinterface_ln0" fromId="47" toId="17">
</dataflow>
<dataflow id="201" from="empty_0" to="specinterface_ln0" fromId="43" toId="17">
</dataflow>
<dataflow id="202" from="empty_0" to="specinterface_ln0" fromId="43" toId="17">
</dataflow>
<dataflow id="203" from="StgValue_40" to="specinterface_ln0" fromId="40" toId="17">
</dataflow>
<dataflow id="204" from="StgValue_40" to="specinterface_ln0" fromId="40" toId="17">
</dataflow>
<dataflow id="205" from="StgValue_40" to="specinterface_ln0" fromId="40" toId="17">
</dataflow>
<dataflow id="206" from="StgValue_40" to="specinterface_ln0" fromId="40" toId="17">
</dataflow>
<dataflow id="207" from="empty_0" to="specinterface_ln0" fromId="43" toId="17">
</dataflow>
<dataflow id="208" from="empty_0" to="specinterface_ln0" fromId="43" toId="17">
</dataflow>
<dataflow id="209" from="StgValue_58" to="specinterface_ln0" fromId="58" toId="17">
</dataflow>
<dataflow id="210" from="StgValue_40" to="specinterface_ln0" fromId="40" toId="17">
</dataflow>
<dataflow id="211" from="StgValue_40" to="specinterface_ln0" fromId="40" toId="17">
</dataflow>
<dataflow id="212" from="Cipher" to="call_ln17" fromId="25" toId="18">
</dataflow>
<dataflow id="213" from="in_r" to="call_ln17" fromId="21" toId="18">
</dataflow>
<dataflow id="214" from="out_r" to="call_ln17" fromId="22" toId="18">
</dataflow>
<dataflow id="215" from="w" to="call_ln17" fromId="23" toId="18">
</dataflow>
<dataflow id="216" from="sbox" to="call_ln17" fromId="24" toId="18">
</dataflow>
</dataflows>


</stg>
