<stg><name>Cipher_Pipeline_VITIS_LOOP_165_3</name>


<trans_list>

<trans id="51" from="1" to="2">
<condition id="-1">
<or_exp><and_exp></and_exp></or_exp>
</condition>
</trans>

<trans id="48" from="2" to="3">
<condition id="-1">
<or_exp><and_exp></and_exp></or_exp>
</condition>
</trans>
</trans_list>



<state_list>

<state id="1" st_id="2">

<operation id="6" st_id="1" stage="1" lat="1">
<core>NULL</core>
<MemPortIdVec></MemPortIdVec>
<condition id="-1">
<or_exp><and_exp></and_exp></or_exp>
</condition>

<Node id="6" bw="5" op_0_bw="32">
<![CDATA[
newFuncRoot:0 %i = alloca i32 1

]]></Node>
<StgValue><ssdm name="i"/></StgValue>
</operation>

<operation id="7" st_id="1" stage="1" lat="1">
<core>NULL</core>
<MemPortIdVec></MemPortIdVec>
<condition id="-1">
<or_exp><and_exp></and_exp></or_exp>
</condition>

<Node id="7" bw="0" op_0_bw="0" op_1_bw="8" op_2_bw="64" op_3_bw="64" op_4_bw="64">
<![CDATA[
newFuncRoot:1 %specmemcore_ln0 = specmemcore void @_ssdm_op_SpecMemCore, i8 %out_r, i64 666, i64 207, i64 1

]]></Node>
<StgValue><ssdm name="specmemcore_ln0"/></StgValue>
</operation>

<operation id="8" st_id="1" stage="1" lat="1">
<core>NULL</core>
<MemPortIdVec></MemPortIdVec>
<condition id="-1">
<or_exp><and_exp></and_exp></or_exp>
</condition>

<Node id="8" bw="0" op_0_bw="0" op_1_bw="8" op_2_bw="0" op_3_bw="32" op_4_bw="32" op_5_bw="0" op_6_bw="32" op_7_bw="32" op_8_bw="0" op_9_bw="0" op_10_bw="0" op_11_bw="32" op_12_bw="32" op_13_bw="32" op_14_bw="32" op_15_bw="0" op_16_bw="0" op_17_bw="32" op_18_bw="32" op_19_bw="32">
<![CDATA[
newFuncRoot:2 %specinterface_ln0 = specinterface void @_ssdm_op_SpecInterface, i8 %out_r, void @empty_3, i32 0, i32 0, void @empty_0, i32 1, i32 0, void @empty_0, void @empty_0, void @empty_0, i32 0, i32 0, i32 0, i32 0, void @empty_0, void @empty_0, i32 4294967295, i32 0, i32 0

]]></Node>
<StgValue><ssdm name="specinterface_ln0"/></StgValue>
</operation>

<operation id="9" st_id="1" stage="1" lat="1">
<core>NULL</core>
<MemPortIdVec></MemPortIdVec>
<condition id="-1">
<or_exp><and_exp></and_exp></or_exp>
</condition>

<Node id="9" bw="0" op_0_bw="5" op_1_bw="5">
<![CDATA[
newFuncRoot:3 %store_ln165 = store i5 0, i5 %i

]]></Node>
<StgValue><ssdm name="store_ln165"/></StgValue>
</operation>

<operation id="10" st_id="1" stage="1" lat="1">
<core>NULL</core>
<MemPortIdVec></MemPortIdVec>
<condition id="-1">
<or_exp><and_exp></and_exp></or_exp>
</condition>

<Node id="10" bw="0" op_0_bw="0">
<![CDATA[
newFuncRoot:4 %br_ln0 = br void %for.inc36

]]></Node>
<StgValue><ssdm name="br_ln0"/></StgValue>
</operation>

<operation id="11" st_id="1" stage="1" lat="1">
<core>NULL</core>
<MemPortIdVec></MemPortIdVec>
<condition id="-1">
<or_exp><and_exp></and_exp></or_exp>
</condition>

<Node id="12" bw="5" op_0_bw="5" op_1_bw="0">
<![CDATA[
for.inc36:0 %i_1 = load i5 %i

]]></Node>
<StgValue><ssdm name="i_1"/></StgValue>
</operation>

<operation id="12" st_id="1" stage="1" lat="1">
<core>Cmp</core>
<MemPortIdVec></MemPortIdVec>
<condition id="-1">
<or_exp><and_exp></and_exp></or_exp>
</condition>

<Node id="13" bw="1" op_0_bw="5" op_1_bw="5">
<![CDATA[
for.inc36:1 %icmp_ln165 = icmp_eq  i5 %i_1, i5 16

]]></Node>
<StgValue><ssdm name="icmp_ln165"/></StgValue>
</operation>

<operation id="13" st_id="1" stage="1" lat="1">
<core>Adder</core>
<MemPortIdVec></MemPortIdVec>
<condition id="-1">
<or_exp><and_exp></and_exp></or_exp>
</condition>

<Node id="14" bw="5" op_0_bw="5" op_1_bw="5">
<![CDATA[
for.inc36:2 %add_ln165 = add i5 %i_1, i5 1

]]></Node>
<StgValue><ssdm name="add_ln165"/></StgValue>
</operation>

<operation id="14" st_id="1" stage="1" lat="1">
<core>NULL</core>
<MemPortIdVec></MemPortIdVec>
<condition id="-1">
<or_exp><and_exp></and_exp></or_exp>
</condition>

<Node id="15" bw="0" op_0_bw="1" op_1_bw="0" op_2_bw="0">
<![CDATA[
for.inc36:3 %br_ln165 = br i1 %icmp_ln165, void %for.inc36.split, void %for.end38.exitStub

]]></Node>
<StgValue><ssdm name="br_ln165"/></StgValue>
</operation>

<operation id="15" st_id="1" stage="1" lat="1">
<core>NULL</core>
<MemPortIdVec></MemPortIdVec>
<condition id="-1">
<or_exp><and_exp><literal name="icmp_ln165" val="0"/>
</and_exp></or_exp>
</condition>

<Node id="22" bw="2" op_0_bw="2" op_1_bw="5" op_2_bw="32" op_3_bw="32">
<![CDATA[
for.inc36.split:5 %lshr_ln1 = partselect i2 @_ssdm_op_PartSelect.i2.i5.i32.i32, i5 %i_1, i32 2, i32 3

]]></Node>
<StgValue><ssdm name="lshr_ln1"/></StgValue>
</operation>

<operation id="16" st_id="1" stage="1" lat="1">
<core>NULL</core>
<MemPortIdVec></MemPortIdVec>
<condition id="-1">
<or_exp><and_exp><literal name="icmp_ln165" val="0"/>
</and_exp></or_exp>
</condition>

<Node id="23" bw="64" op_0_bw="2">
<![CDATA[
for.inc36.split:6 %zext_ln166 = zext i2 %lshr_ln1

]]></Node>
<StgValue><ssdm name="zext_ln166"/></StgValue>
</operation>

<operation id="17" st_id="1" stage="1" lat="1">
<core>NULL</core>
<MemPortIdVec></MemPortIdVec>
<condition id="-1">
<or_exp><and_exp><literal name="icmp_ln165" val="0"/>
</and_exp></or_exp>
</condition>

<Node id="24" bw="2" op_0_bw="8" op_1_bw="64" op_2_bw="64">
<![CDATA[
for.inc36.split:7 %state_addr = getelementptr i8 %state, i64 0, i64 %zext_ln166

]]></Node>
<StgValue><ssdm name="state_addr"/></StgValue>
</operation>

<operation id="18" st_id="1" stage="2" lat="2">
<core>RAM</core>
<MemPortIdVec>0 </MemPortIdVec>
<condition id="-1">
<or_exp><and_exp><literal name="icmp_ln165" val="0"/>
</and_exp></or_exp>
</condition>

<Node id="25" bw="8" op_0_bw="2">
<![CDATA[
for.inc36.split:8 %state_load = load i2 %state_addr

]]></Node>
<StgValue><ssdm name="state_load"/></StgValue>
</operation>

<operation id="19" st_id="1" stage="1" lat="1">
<core>NULL</core>
<MemPortIdVec></MemPortIdVec>
<condition id="-1">
<or_exp><and_exp><literal name="icmp_ln165" val="0"/>
</and_exp></or_exp>
</condition>

<Node id="26" bw="2" op_0_bw="8" op_1_bw="64" op_2_bw="64">
<![CDATA[
for.inc36.split:9 %state_1_addr = getelementptr i8 %state_1, i64 0, i64 %zext_ln166

]]></Node>
<StgValue><ssdm name="state_1_addr"/></StgValue>
</operation>

<operation id="20" st_id="1" stage="2" lat="2">
<core>RAM</core>
<MemPortIdVec>0 </MemPortIdVec>
<condition id="-1">
<or_exp><and_exp><literal name="icmp_ln165" val="0"/>
</and_exp></or_exp>
</condition>

<Node id="27" bw="8" op_0_bw="2">
<![CDATA[
for.inc36.split:10 %state_1_load = load i2 %state_1_addr

]]></Node>
<StgValue><ssdm name="state_1_load"/></StgValue>
</operation>

<operation id="21" st_id="1" stage="1" lat="1">
<core>NULL</core>
<MemPortIdVec></MemPortIdVec>
<condition id="-1">
<or_exp><and_exp><literal name="icmp_ln165" val="0"/>
</and_exp></or_exp>
</condition>

<Node id="28" bw="2" op_0_bw="8" op_1_bw="64" op_2_bw="64">
<![CDATA[
for.inc36.split:11 %state_2_addr = getelementptr i8 %state_2, i64 0, i64 %zext_ln166

]]></Node>
<StgValue><ssdm name="state_2_addr"/></StgValue>
</operation>

<operation id="22" st_id="1" stage="2" lat="2">
<core>RAM</core>
<MemPortIdVec>0 </MemPortIdVec>
<condition id="-1">
<or_exp><and_exp><literal name="icmp_ln165" val="0"/>
</and_exp></or_exp>
</condition>

<Node id="29" bw="8" op_0_bw="2">
<![CDATA[
for.inc36.split:12 %state_2_load = load i2 %state_2_addr

]]></Node>
<StgValue><ssdm name="state_2_load"/></StgValue>
</operation>

<operation id="23" st_id="1" stage="1" lat="1">
<core>NULL</core>
<MemPortIdVec></MemPortIdVec>
<condition id="-1">
<or_exp><and_exp><literal name="icmp_ln165" val="0"/>
</and_exp></or_exp>
</condition>

<Node id="30" bw="2" op_0_bw="8" op_1_bw="64" op_2_bw="64">
<![CDATA[
for.inc36.split:13 %state_3_addr = getelementptr i8 %state_3, i64 0, i64 %zext_ln166

]]></Node>
<StgValue><ssdm name="state_3_addr"/></StgValue>
</operation>

<operation id="24" st_id="1" stage="2" lat="2">
<core>RAM</core>
<MemPortIdVec>0 </MemPortIdVec>
<condition id="-1">
<or_exp><and_exp><literal name="icmp_ln165" val="0"/>
</and_exp></or_exp>
</condition>

<Node id="31" bw="8" op_0_bw="2">
<![CDATA[
for.inc36.split:14 %state_3_load = load i2 %state_3_addr

]]></Node>
<StgValue><ssdm name="state_3_load"/></StgValue>
</operation>

<operation id="25" st_id="1" stage="1" lat="1">
<core>NULL</core>
<MemPortIdVec></MemPortIdVec>
<condition id="-1">
<or_exp><and_exp><literal name="icmp_ln165" val="0"/>
</and_exp></or_exp>
</condition>

<Node id="35" bw="0" op_0_bw="5" op_1_bw="5" op_2_bw="0" op_3_bw="0">
<![CDATA[
for.inc36.split:18 %store_ln165 = store i5 %add_ln165, i5 %i

]]></Node>
<StgValue><ssdm name="store_ln165"/></StgValue>
</operation>
</state>

<state id="2" st_id="3">

<operation id="26" st_id="2" stage="1" lat="1">
<core>NULL</core>
<MemPortIdVec></MemPortIdVec>
<condition id="-1">
<or_exp><and_exp></and_exp></or_exp>
</condition>

<Node id="17" bw="64" op_0_bw="5">
<![CDATA[
for.inc36.split:0 %zext_ln165 = zext i5 %i_1

]]></Node>
<StgValue><ssdm name="zext_ln165"/></StgValue>
</operation>

<operation id="27" st_id="2" stage="1" lat="1">
<core>NULL</core>
<MemPortIdVec></MemPortIdVec>
<condition id="-1">
<or_exp><and_exp></and_exp></or_exp>
</condition>

<Node id="21" bw="2" op_0_bw="5">
<![CDATA[
for.inc36.split:4 %trunc_ln166 = trunc i5 %i_1

]]></Node>
<StgValue><ssdm name="trunc_ln166"/></StgValue>
</operation>

<operation id="28" st_id="2" stage="1" lat="2">
<core>RAM</core>
<MemPortIdVec>0 </MemPortIdVec>
<condition id="-1">
<or_exp><and_exp></and_exp></or_exp>
</condition>

<Node id="25" bw="8" op_0_bw="2">
<![CDATA[
for.inc36.split:8 %state_load = load i2 %state_addr

]]></Node>
<StgValue><ssdm name="state_load"/></StgValue>
</operation>

<operation id="29" st_id="2" stage="1" lat="2">
<core>RAM</core>
<MemPortIdVec>0 </MemPortIdVec>
<condition id="-1">
<or_exp><and_exp></and_exp></or_exp>
</condition>

<Node id="27" bw="8" op_0_bw="2">
<![CDATA[
for.inc36.split:10 %state_1_load = load i2 %state_1_addr

]]></Node>
<StgValue><ssdm name="state_1_load"/></StgValue>
</operation>

<operation id="30" st_id="2" stage="1" lat="2">
<core>RAM</core>
<MemPortIdVec>0 </MemPortIdVec>
<condition id="-1">
<or_exp><and_exp></and_exp></or_exp>
</condition>

<Node id="29" bw="8" op_0_bw="2">
<![CDATA[
for.inc36.split:12 %state_2_load = load i2 %state_2_addr

]]></Node>
<StgValue><ssdm name="state_2_load"/></StgValue>
</operation>

<operation id="31" st_id="2" stage="1" lat="2">
<core>RAM</core>
<MemPortIdVec>0 </MemPortIdVec>
<condition id="-1">
<or_exp><and_exp></and_exp></or_exp>
</condition>

<Node id="31" bw="8" op_0_bw="2">
<![CDATA[
for.inc36.split:14 %state_3_load = load i2 %state_3_addr

]]></Node>
<StgValue><ssdm name="state_3_load"/></StgValue>
</operation>

<operation id="32" st_id="2" stage="1" lat="1">
<core>BinarySparseMux_DontCare</core>
<MemPortIdVec></MemPortIdVec>
<condition id="-1">
<or_exp><and_exp></and_exp></or_exp>
</condition>

<Node id="32" bw="8" op_0_bw="8" op_1_bw="2" op_2_bw="8" op_3_bw="2" op_4_bw="8" op_5_bw="2" op_6_bw="8" op_7_bw="2" op_8_bw="8" op_9_bw="8" op_10_bw="2">
<![CDATA[
for.inc36.split:15 %tmp_s = sparsemux i8 @_ssdm_op_SparseMux.ap_auto.4i8.i8.i2, i2 0, i8 %state_load, i2 1, i8 %state_1_load, i2 2, i8 %state_2_load, i2 3, i8 %state_3_load, i8 0, i2 %trunc_ln166

]]></Node>
<StgValue><ssdm name="tmp_s"/></StgValue>
</operation>

<operation id="33" st_id="2" stage="1" lat="1">
<core>NULL</core>
<MemPortIdVec></MemPortIdVec>
<condition id="-1">
<or_exp><and_exp></and_exp></or_exp>
</condition>

<Node id="33" bw="4" op_0_bw="8" op_1_bw="64" op_2_bw="64">
<![CDATA[
for.inc36.split:16 %out_r_addr = getelementptr i8 %out_r, i64 0, i64 %zext_ln165

]]></Node>
<StgValue><ssdm name="out_r_addr"/></StgValue>
</operation>

<operation id="34" st_id="2" stage="2" lat="2">
<core>RAM_1P</core>
<MemPortIdVec>0 </MemPortIdVec>
<condition id="-1">
<or_exp><and_exp></and_exp></or_exp>
</condition>

<Node id="34" bw="0" op_0_bw="8" op_1_bw="4">
<![CDATA[
for.inc36.split:17 %store_ln166 = store i8 %tmp_s, i4 %out_r_addr

]]></Node>
<StgValue><ssdm name="store_ln166"/></StgValue>
</operation>

<operation id="40" st_id="2" stage="1" lat="1">
<core>NULL</core>
<MemPortIdVec></MemPortIdVec>
<condition id="-1">
<or_exp><and_exp><literal name="icmp_ln165" val="1"/>
</and_exp></or_exp>
</condition>

<Node id="38" bw="0">
<![CDATA[
for.end38.exitStub:0 %ret_ln0 = ret

]]></Node>
<StgValue><ssdm name="ret_ln0"/></StgValue>
</operation>
</state>

<state id="3" st_id="4">

<operation id="35" st_id="3" stage="1" lat="1">
<core>NULL</core>
<MemPortIdVec></MemPortIdVec>
<condition id="-1">
<or_exp><and_exp></and_exp></or_exp>
</condition>

<Node id="18" bw="0" op_0_bw="0" op_1_bw="32" op_2_bw="32" op_3_bw="32" op_4_bw="32" op_5_bw="0">
<![CDATA[
for.inc36.split:1 %specpipeline_ln165 = specpipeline void @_ssdm_op_SpecPipeline, i32 4294967295, i32 0, i32 0, i32 0, void @empty_0

]]></Node>
<StgValue><ssdm name="specpipeline_ln165"/></StgValue>
</operation>

<operation id="36" st_id="3" stage="1" lat="1">
<core>NULL</core>
<MemPortIdVec></MemPortIdVec>
<condition id="-1">
<or_exp><and_exp></and_exp></or_exp>
</condition>

<Node id="19" bw="0" op_0_bw="0" op_1_bw="64" op_2_bw="64" op_3_bw="64">
<![CDATA[
for.inc36.split:2 %speclooptripcount_ln165 = speclooptripcount void @_ssdm_op_SpecLoopTripCount, i64 16, i64 16, i64 16

]]></Node>
<StgValue><ssdm name="speclooptripcount_ln165"/></StgValue>
</operation>

<operation id="37" st_id="3" stage="1" lat="1">
<core>NULL</core>
<MemPortIdVec></MemPortIdVec>
<condition id="-1">
<or_exp><and_exp></and_exp></or_exp>
</condition>

<Node id="20" bw="0" op_0_bw="0" op_1_bw="0">
<![CDATA[
for.inc36.split:3 %specloopname_ln165 = specloopname void @_ssdm_op_SpecLoopName, void @empty_7

]]></Node>
<StgValue><ssdm name="specloopname_ln165"/></StgValue>
</operation>

<operation id="38" st_id="3" stage="1" lat="2">
<core>RAM_1P</core>
<MemPortIdVec>0 </MemPortIdVec>
<condition id="-1">
<or_exp><and_exp></and_exp></or_exp>
</condition>

<Node id="34" bw="0" op_0_bw="8" op_1_bw="4">
<![CDATA[
for.inc36.split:17 %store_ln166 = store i8 %tmp_s, i4 %out_r_addr

]]></Node>
<StgValue><ssdm name="store_ln166"/></StgValue>
</operation>

<operation id="39" st_id="3" stage="1" lat="1">
<core>NULL</core>
<MemPortIdVec></MemPortIdVec>
<condition id="-1">
<or_exp><and_exp></and_exp></or_exp>
</condition>

<Node id="36" bw="0" op_0_bw="0">
<![CDATA[
for.inc36.split:19 %br_ln165 = br void %for.inc36

]]></Node>
<StgValue><ssdm name="br_ln165"/></StgValue>
</operation>
</state>
</state_list>


<ports>
<port id="52" name="state" dir="0" iftype="1">
<core>RAM</core><StgValue><ssdm name="state"/><MemPortTyVec>1 3 </MemPortTyVec>
</StgValue>
</port>
<port id="53" name="state_1" dir="0" iftype="1">
<core>RAM</core><StgValue><ssdm name="state_1"/><MemPortTyVec>1 3 </MemPortTyVec>
</StgValue>
</port>
<port id="54" name="state_2" dir="0" iftype="1">
<core>RAM</core><StgValue><ssdm name="state_2"/><MemPortTyVec>1 3 </MemPortTyVec>
</StgValue>
</port>
<port id="55" name="state_3" dir="0" iftype="1">
<core>RAM</core><StgValue><ssdm name="state_3"/><MemPortTyVec>1 3 </MemPortTyVec>
</StgValue>
</port>
<port id="56" name="out_r" dir="1" iftype="1">
<core>RAM_1P</core><StgValue><ssdm name="out_r"/><MemPortTyVec>0 </MemPortTyVec>
</StgValue>
</port>
</ports>


<dataflows>
<dataflow id="58" from="StgValue_57" to="i" fromId="57" toId="6">
</dataflow>
<dataflow id="60" from="_ssdm_op_SpecMemCore" to="specmemcore_ln0" fromId="59" toId="7">
</dataflow>
<dataflow id="61" from="out_r" to="specmemcore_ln0" fromId="56" toId="7">
</dataflow>
<dataflow id="63" from="StgValue_62" to="specmemcore_ln0" fromId="62" toId="7">
</dataflow>
<dataflow id="65" from="StgValue_64" to="specmemcore_ln0" fromId="64" toId="7">
</dataflow>
<dataflow id="67" from="StgValue_66" to="specmemcore_ln0" fromId="66" toId="7">
</dataflow>
<dataflow id="69" from="_ssdm_op_SpecInterface" to="specinterface_ln0" fromId="68" toId="8">
</dataflow>
<dataflow id="70" from="out_r" to="specinterface_ln0" fromId="56" toId="8">
</dataflow>
<dataflow id="72" from="empty_3" to="specinterface_ln0" fromId="71" toId="8">
</dataflow>
<dataflow id="74" from="StgValue_73" to="specinterface_ln0" fromId="73" toId="8">
</dataflow>
<dataflow id="75" from="StgValue_73" to="specinterface_ln0" fromId="73" toId="8">
</dataflow>
<dataflow id="77" from="empty_0" to="specinterface_ln0" fromId="76" toId="8">
</dataflow>
<dataflow id="78" from="StgValue_57" to="specinterface_ln0" fromId="57" toId="8">
</dataflow>
<dataflow id="79" from="StgValue_73" to="specinterface_ln0" fromId="73" toId="8">
</dataflow>
<dataflow id="80" from="empty_0" to="specinterface_ln0" fromId="76" toId="8">
</dataflow>
<dataflow id="81" from="empty_0" to="specinterface_ln0" fromId="76" toId="8">
</dataflow>
<dataflow id="82" from="empty_0" to="specinterface_ln0" fromId="76" toId="8">
</dataflow>
<dataflow id="83" from="StgValue_73" to="specinterface_ln0" fromId="73" toId="8">
</dataflow>
<dataflow id="84" from="StgValue_73" to="specinterface_ln0" fromId="73" toId="8">
</dataflow>
<dataflow id="85" from="StgValue_73" to="specinterface_ln0" fromId="73" toId="8">
</dataflow>
<dataflow id="86" from="StgValue_73" to="specinterface_ln0" fromId="73" toId="8">
</dataflow>
<dataflow id="87" from="empty_0" to="specinterface_ln0" fromId="76" toId="8">
</dataflow>
<dataflow id="88" from="empty_0" to="specinterface_ln0" fromId="76" toId="8">
</dataflow>
<dataflow id="90" from="StgValue_89" to="specinterface_ln0" fromId="89" toId="8">
</dataflow>
<dataflow id="91" from="StgValue_73" to="specinterface_ln0" fromId="73" toId="8">
</dataflow>
<dataflow id="92" from="StgValue_73" to="specinterface_ln0" fromId="73" toId="8">
</dataflow>
<dataflow id="94" from="StgValue_93" to="store_ln165" fromId="93" toId="9">
</dataflow>
<dataflow id="95" from="i" to="store_ln165" fromId="6" toId="9">
</dataflow>
<dataflow id="96" from="i" to="i_1" fromId="6" toId="11">
</dataflow>
<dataflow id="97" from="i_1" to="icmp_ln165" fromId="11" toId="12">
</dataflow>
<dataflow id="99" from="StgValue_98" to="icmp_ln165" fromId="98" toId="12">
</dataflow>
<dataflow id="100" from="i_1" to="add_ln165" fromId="11" toId="13">
</dataflow>
<dataflow id="102" from="StgValue_101" to="add_ln165" fromId="101" toId="13">
</dataflow>
<dataflow id="103" from="icmp_ln165" to="br_ln165" fromId="12" toId="14">
</dataflow>
<dataflow id="105" from="_ssdm_op_PartSelect.i2.i5.i32.i32" to="lshr_ln1" fromId="104" toId="15">
</dataflow>
<dataflow id="106" from="i_1" to="lshr_ln1" fromId="11" toId="15">
</dataflow>
<dataflow id="108" from="StgValue_107" to="lshr_ln1" fromId="107" toId="15">
</dataflow>
<dataflow id="110" from="StgValue_109" to="lshr_ln1" fromId="109" toId="15">
</dataflow>
<dataflow id="111" from="lshr_ln1" to="zext_ln166" fromId="15" toId="16">
</dataflow>
<dataflow id="112" from="state" to="state_addr" fromId="52" toId="17">
</dataflow>
<dataflow id="114" from="StgValue_113" to="state_addr" fromId="113" toId="17">
</dataflow>
<dataflow id="115" from="zext_ln166" to="state_addr" fromId="16" toId="17">
</dataflow>
<dataflow id="116" from="state_addr" to="state_load" fromId="17" toId="18">
</dataflow>
<dataflow id="117" from="state_1" to="state_1_addr" fromId="53" toId="19">
</dataflow>
<dataflow id="118" from="StgValue_113" to="state_1_addr" fromId="113" toId="19">
</dataflow>
<dataflow id="119" from="zext_ln166" to="state_1_addr" fromId="16" toId="19">
</dataflow>
<dataflow id="120" from="state_1_addr" to="state_1_load" fromId="19" toId="20">
</dataflow>
<dataflow id="121" from="state_2" to="state_2_addr" fromId="54" toId="21">
</dataflow>
<dataflow id="122" from="StgValue_113" to="state_2_addr" fromId="113" toId="21">
</dataflow>
<dataflow id="123" from="zext_ln166" to="state_2_addr" fromId="16" toId="21">
</dataflow>
<dataflow id="124" from="state_2_addr" to="state_2_load" fromId="21" toId="22">
</dataflow>
<dataflow id="125" from="state_3" to="state_3_addr" fromId="55" toId="23">
</dataflow>
<dataflow id="126" from="StgValue_113" to="state_3_addr" fromId="113" toId="23">
</dataflow>
<dataflow id="127" from="zext_ln166" to="state_3_addr" fromId="16" toId="23">
</dataflow>
<dataflow id="128" from="state_3_addr" to="state_3_load" fromId="23" toId="24">
</dataflow>
<dataflow id="129" from="add_ln165" to="store_ln165" fromId="13" toId="25">
</dataflow>
<dataflow id="130" from="i" to="store_ln165" fromId="6" toId="25">
</dataflow>
<dataflow id="131" from="i_1" to="zext_ln165" fromId="11" toId="26">
</dataflow>
<dataflow id="132" from="i_1" to="trunc_ln166" fromId="11" toId="27">
</dataflow>
<dataflow id="133" from="state_addr" to="state_load" fromId="17" toId="28">
</dataflow>
<dataflow id="134" from="state_1_addr" to="state_1_load" fromId="19" toId="29">
</dataflow>
<dataflow id="135" from="state_2_addr" to="state_2_load" fromId="21" toId="30">
</dataflow>
<dataflow id="136" from="state_3_addr" to="state_3_load" fromId="23" toId="31">
</dataflow>
<dataflow id="138" from="_ssdm_op_SparseMux.ap_auto.4i8.i8.i2" to="tmp_s" fromId="137" toId="32">
</dataflow>
<dataflow id="140" from="StgValue_139" to="tmp_s" fromId="139" toId="32">
</dataflow>
<dataflow id="141" from="state_load" to="tmp_s" fromId="28" toId="32">
</dataflow>
<dataflow id="143" from="StgValue_142" to="tmp_s" fromId="142" toId="32">
</dataflow>
<dataflow id="144" from="state_1_load" to="tmp_s" fromId="29" toId="32">
</dataflow>
<dataflow id="146" from="StgValue_145" to="tmp_s" fromId="145" toId="32">
</dataflow>
<dataflow id="147" from="state_2_load" to="tmp_s" fromId="30" toId="32">
</dataflow>
<dataflow id="149" from="StgValue_148" to="tmp_s" fromId="148" toId="32">
</dataflow>
<dataflow id="150" from="state_3_load" to="tmp_s" fromId="31" toId="32">
</dataflow>
<dataflow id="152" from="StgValue_151" to="tmp_s" fromId="151" toId="32">
</dataflow>
<dataflow id="153" from="trunc_ln166" to="tmp_s" fromId="27" toId="32">
</dataflow>
<dataflow id="154" from="out_r" to="out_r_addr" fromId="56" toId="33">
</dataflow>
<dataflow id="155" from="StgValue_113" to="out_r_addr" fromId="113" toId="33">
</dataflow>
<dataflow id="156" from="zext_ln165" to="out_r_addr" fromId="26" toId="33">
</dataflow>
<dataflow id="157" from="tmp_s" to="store_ln166" fromId="32" toId="34">
</dataflow>
<dataflow id="158" from="out_r_addr" to="store_ln166" fromId="33" toId="34">
</dataflow>
<dataflow id="160" from="_ssdm_op_SpecPipeline" to="specpipeline_ln165" fromId="159" toId="35">
</dataflow>
<dataflow id="161" from="StgValue_89" to="specpipeline_ln165" fromId="89" toId="35">
</dataflow>
<dataflow id="162" from="StgValue_73" to="specpipeline_ln165" fromId="73" toId="35">
</dataflow>
<dataflow id="163" from="StgValue_73" to="specpipeline_ln165" fromId="73" toId="35">
</dataflow>
<dataflow id="164" from="StgValue_73" to="specpipeline_ln165" fromId="73" toId="35">
</dataflow>
<dataflow id="165" from="empty_0" to="specpipeline_ln165" fromId="76" toId="35">
</dataflow>
<dataflow id="167" from="_ssdm_op_SpecLoopTripCount" to="speclooptripcount_ln165" fromId="166" toId="36">
</dataflow>
<dataflow id="169" from="StgValue_168" to="speclooptripcount_ln165" fromId="168" toId="36">
</dataflow>
<dataflow id="170" from="StgValue_168" to="speclooptripcount_ln165" fromId="168" toId="36">
</dataflow>
<dataflow id="171" from="StgValue_168" to="speclooptripcount_ln165" fromId="168" toId="36">
</dataflow>
<dataflow id="173" from="_ssdm_op_SpecLoopName" to="specloopname_ln165" fromId="172" toId="37">
</dataflow>
<dataflow id="175" from="empty_7" to="specloopname_ln165" fromId="174" toId="37">
</dataflow>
<dataflow id="176" from="tmp_s" to="store_ln166" fromId="32" toId="38">
</dataflow>
<dataflow id="177" from="out_r_addr" to="store_ln166" fromId="33" toId="38">
</dataflow>
<dataflow id="178" from="icmp_ln165" to="StgValue_2" fromId="12" toId="2">
</dataflow>
<dataflow id="179" from="icmp_ln165" to="StgValue_3" fromId="12" toId="3">
</dataflow>
</dataflows>


</stg>
