<stg><name>Cipher_Pipeline_VITIS_LOOP_78_1_VITIS_LOOP_79_2</name>


<trans_list>

<trans id="71" from="1" to="2">
<condition id="-1">
<or_exp><and_exp></and_exp></or_exp>
</condition>
</trans>

<trans id="68" from="2" to="3">
<condition id="-1">
<or_exp><and_exp></and_exp></or_exp>
</condition>
</trans>
</trans_list>



<state_list>

<state id="1" st_id="2">

<operation id="6" st_id="1" stage="1" lat="1">
<core>NULL</core>
<MemPortIdVec></MemPortIdVec>
<condition id="-1">
<or_exp><and_exp></and_exp></or_exp>
</condition>

<Node id="6" bw="3" op_0_bw="32">
<![CDATA[
newFuncRoot:0 %c_1 = alloca i32 1

]]></Node>
<StgValue><ssdm name="c_1"/></StgValue>
</operation>

<operation id="7" st_id="1" stage="1" lat="1">
<core>NULL</core>
<MemPortIdVec></MemPortIdVec>
<condition id="-1">
<or_exp><and_exp></and_exp></or_exp>
</condition>

<Node id="7" bw="3" op_0_bw="32">
<![CDATA[
newFuncRoot:1 %r = alloca i32 1

]]></Node>
<StgValue><ssdm name="r"/></StgValue>
</operation>

<operation id="8" st_id="1" stage="1" lat="1">
<core>NULL</core>
<MemPortIdVec></MemPortIdVec>
<condition id="-1">
<or_exp><and_exp></and_exp></or_exp>
</condition>

<Node id="8" bw="5" op_0_bw="32">
<![CDATA[
newFuncRoot:2 %indvar_flatten = alloca i32 1

]]></Node>
<StgValue><ssdm name="indvar_flatten"/></StgValue>
</operation>

<operation id="9" st_id="1" stage="1" lat="1">
<core>NULL</core>
<MemPortIdVec></MemPortIdVec>
<condition id="-1">
<or_exp><and_exp></and_exp></or_exp>
</condition>

<Node id="9" bw="0" op_0_bw="5" op_1_bw="5">
<![CDATA[
newFuncRoot:3 %store_ln0 = store i5 0, i5 %indvar_flatten

]]></Node>
<StgValue><ssdm name="store_ln0"/></StgValue>
</operation>

<operation id="10" st_id="1" stage="1" lat="1">
<core>NULL</core>
<MemPortIdVec></MemPortIdVec>
<condition id="-1">
<or_exp><and_exp></and_exp></or_exp>
</condition>

<Node id="10" bw="0" op_0_bw="3" op_1_bw="3">
<![CDATA[
newFuncRoot:4 %store_ln78 = store i3 0, i3 %r

]]></Node>
<StgValue><ssdm name="store_ln78"/></StgValue>
</operation>

<operation id="11" st_id="1" stage="1" lat="1">
<core>NULL</core>
<MemPortIdVec></MemPortIdVec>
<condition id="-1">
<or_exp><and_exp></and_exp></or_exp>
</condition>

<Node id="11" bw="0" op_0_bw="3" op_1_bw="3">
<![CDATA[
newFuncRoot:5 %store_ln79 = store i3 0, i3 %c_1

]]></Node>
<StgValue><ssdm name="store_ln79"/></StgValue>
</operation>

<operation id="12" st_id="1" stage="1" lat="1">
<core>NULL</core>
<MemPortIdVec></MemPortIdVec>
<condition id="-1">
<or_exp><and_exp></and_exp></or_exp>
</condition>

<Node id="12" bw="0" op_0_bw="0">
<![CDATA[
newFuncRoot:6 %br_ln0 = br void %for.inc.i

]]></Node>
<StgValue><ssdm name="br_ln0"/></StgValue>
</operation>

<operation id="13" st_id="1" stage="1" lat="1">
<core>NULL</core>
<MemPortIdVec></MemPortIdVec>
<condition id="-1">
<or_exp><and_exp></and_exp></or_exp>
</condition>

<Node id="14" bw="5" op_0_bw="5" op_1_bw="0">
<![CDATA[
for.inc.i:0 %indvar_flatten_load = load i5 %indvar_flatten

]]></Node>
<StgValue><ssdm name="indvar_flatten_load"/></StgValue>
</operation>

<operation id="14" st_id="1" stage="1" lat="1">
<core>Cmp</core>
<MemPortIdVec></MemPortIdVec>
<condition id="-1">
<or_exp><and_exp></and_exp></or_exp>
</condition>

<Node id="15" bw="1" op_0_bw="5" op_1_bw="5">
<![CDATA[
for.inc.i:1 %icmp_ln78 = icmp_eq  i5 %indvar_flatten_load, i5 16

]]></Node>
<StgValue><ssdm name="icmp_ln78"/></StgValue>
</operation>

<operation id="15" st_id="1" stage="1" lat="1">
<core>Adder</core>
<MemPortIdVec></MemPortIdVec>
<condition id="-1">
<or_exp><and_exp></and_exp></or_exp>
</condition>

<Node id="16" bw="5" op_0_bw="5" op_1_bw="5">
<![CDATA[
for.inc.i:2 %add_ln78 = add i5 %indvar_flatten_load, i5 1

]]></Node>
<StgValue><ssdm name="add_ln78"/></StgValue>
</operation>

<operation id="16" st_id="1" stage="1" lat="1">
<core>NULL</core>
<MemPortIdVec></MemPortIdVec>
<condition id="-1">
<or_exp><and_exp></and_exp></or_exp>
</condition>

<Node id="17" bw="0" op_0_bw="1" op_1_bw="0" op_2_bw="0">
<![CDATA[
for.inc.i:3 %br_ln78 = br i1 %icmp_ln78, void %for.inc12.i, void %_Z8SubBytesPA4_7ap_uintILi8EE.exit.exitStub

]]></Node>
<StgValue><ssdm name="br_ln78"/></StgValue>
</operation>

<operation id="17" st_id="1" stage="1" lat="1">
<core>NULL</core>
<MemPortIdVec></MemPortIdVec>
<condition id="-1">
<or_exp><and_exp><literal name="icmp_ln78" val="0"/>
</and_exp></or_exp>
</condition>

<Node id="19" bw="3" op_0_bw="3" op_1_bw="0">
<![CDATA[
for.inc12.i:0 %c_1_load = load i3 %c_1

]]></Node>
<StgValue><ssdm name="c_1_load"/></StgValue>
</operation>

<operation id="18" st_id="1" stage="1" lat="1">
<core>Cmp</core>
<MemPortIdVec></MemPortIdVec>
<condition id="-1">
<or_exp><and_exp><literal name="icmp_ln78" val="0"/>
</and_exp></or_exp>
</condition>

<Node id="23" bw="1" op_0_bw="3" op_1_bw="3">
<![CDATA[
for.inc12.i:4 %icmp_ln79 = icmp_eq  i3 %c_1_load, i3 4

]]></Node>
<StgValue><ssdm name="icmp_ln79"/></StgValue>
</operation>

<operation id="19" st_id="1" stage="1" lat="1">
<core>Sel</core>
<MemPortIdVec></MemPortIdVec>
<condition id="-1">
<or_exp><and_exp><literal name="icmp_ln78" val="0"/>
</and_exp></or_exp>
</condition>

<Node id="24" bw="3" op_0_bw="1" op_1_bw="3" op_2_bw="3">
<![CDATA[
for.inc12.i:5 %select_ln78 = select i1 %icmp_ln79, i3 0, i3 %c_1_load

]]></Node>
<StgValue><ssdm name="select_ln78"/></StgValue>
</operation>

<operation id="20" st_id="1" stage="1" lat="1">
<core>NULL</core>
<MemPortIdVec></MemPortIdVec>
<condition id="-1">
<or_exp><and_exp><literal name="icmp_ln78" val="0"/>
</and_exp></or_exp>
</condition>

<Node id="28" bw="64" op_0_bw="3">
<![CDATA[
for.inc12.i:9 %zext_ln79 = zext i3 %select_ln78

]]></Node>
<StgValue><ssdm name="zext_ln79"/></StgValue>
</operation>

<operation id="21" st_id="1" stage="1" lat="1">
<core>NULL</core>
<MemPortIdVec></MemPortIdVec>
<condition id="-1">
<or_exp><and_exp><literal name="icmp_ln78" val="0"/>
</and_exp></or_exp>
</condition>

<Node id="30" bw="2" op_0_bw="8" op_1_bw="64" op_2_bw="64">
<![CDATA[
for.inc12.i:11 %state_addr = getelementptr i8 %state, i64 0, i64 %zext_ln79

]]></Node>
<StgValue><ssdm name="state_addr"/></StgValue>
</operation>

<operation id="22" st_id="1" stage="2" lat="2">
<core>RAM</core>
<MemPortIdVec>1 </MemPortIdVec>
<condition id="-1">
<or_exp><and_exp><literal name="icmp_ln78" val="0"/>
</and_exp></or_exp>
</condition>

<Node id="31" bw="8" op_0_bw="2">
<![CDATA[
for.inc12.i:12 %state_load = load i2 %state_addr

]]></Node>
<StgValue><ssdm name="state_load"/></StgValue>
</operation>

<operation id="23" st_id="1" stage="1" lat="1">
<core>NULL</core>
<MemPortIdVec></MemPortIdVec>
<condition id="-1">
<or_exp><and_exp><literal name="icmp_ln78" val="0"/>
</and_exp></or_exp>
</condition>

<Node id="32" bw="2" op_0_bw="8" op_1_bw="64" op_2_bw="64">
<![CDATA[
for.inc12.i:13 %state_1_addr = getelementptr i8 %state_1, i64 0, i64 %zext_ln79

]]></Node>
<StgValue><ssdm name="state_1_addr"/></StgValue>
</operation>

<operation id="24" st_id="1" stage="2" lat="2">
<core>RAM</core>
<MemPortIdVec>1 </MemPortIdVec>
<condition id="-1">
<or_exp><and_exp><literal name="icmp_ln78" val="0"/>
</and_exp></or_exp>
</condition>

<Node id="33" bw="8" op_0_bw="2">
<![CDATA[
for.inc12.i:14 %state_1_load = load i2 %state_1_addr

]]></Node>
<StgValue><ssdm name="state_1_load"/></StgValue>
</operation>

<operation id="25" st_id="1" stage="1" lat="1">
<core>NULL</core>
<MemPortIdVec></MemPortIdVec>
<condition id="-1">
<or_exp><and_exp><literal name="icmp_ln78" val="0"/>
</and_exp></or_exp>
</condition>

<Node id="34" bw="2" op_0_bw="8" op_1_bw="64" op_2_bw="64">
<![CDATA[
for.inc12.i:15 %state_2_addr = getelementptr i8 %state_2, i64 0, i64 %zext_ln79

]]></Node>
<StgValue><ssdm name="state_2_addr"/></StgValue>
</operation>

<operation id="26" st_id="1" stage="2" lat="2">
<core>RAM</core>
<MemPortIdVec>1 </MemPortIdVec>
<condition id="-1">
<or_exp><and_exp><literal name="icmp_ln78" val="0"/>
</and_exp></or_exp>
</condition>

<Node id="35" bw="8" op_0_bw="2">
<![CDATA[
for.inc12.i:16 %state_2_load = load i2 %state_2_addr

]]></Node>
<StgValue><ssdm name="state_2_load"/></StgValue>
</operation>

<operation id="27" st_id="1" stage="1" lat="1">
<core>NULL</core>
<MemPortIdVec></MemPortIdVec>
<condition id="-1">
<or_exp><and_exp><literal name="icmp_ln78" val="0"/>
</and_exp></or_exp>
</condition>

<Node id="36" bw="2" op_0_bw="8" op_1_bw="64" op_2_bw="64">
<![CDATA[
for.inc12.i:17 %state_3_addr = getelementptr i8 %state_3, i64 0, i64 %zext_ln79

]]></Node>
<StgValue><ssdm name="state_3_addr"/></StgValue>
</operation>

<operation id="28" st_id="1" stage="2" lat="2">
<core>RAM</core>
<MemPortIdVec>1 </MemPortIdVec>
<condition id="-1">
<or_exp><and_exp><literal name="icmp_ln78" val="0"/>
</and_exp></or_exp>
</condition>

<Node id="37" bw="8" op_0_bw="2">
<![CDATA[
for.inc12.i:18 %state_3_load = load i2 %state_3_addr

]]></Node>
<StgValue><ssdm name="state_3_load"/></StgValue>
</operation>

<operation id="29" st_id="1" stage="1" lat="1">
<core>Adder</core>
<MemPortIdVec></MemPortIdVec>
<condition id="-1">
<or_exp><and_exp><literal name="icmp_ln78" val="0"/>
</and_exp></or_exp>
</condition>

<Node id="56" bw="3" op_0_bw="3" op_1_bw="3">
<![CDATA[
V1.i3.i95.exit:0 %add_ln79 = add i3 %select_ln78, i3 1

]]></Node>
<StgValue><ssdm name="add_ln79"/></StgValue>
</operation>

<operation id="30" st_id="1" stage="1" lat="1">
<core>NULL</core>
<MemPortIdVec></MemPortIdVec>
<condition id="-1">
<or_exp><and_exp><literal name="icmp_ln78" val="0"/>
</and_exp></or_exp>
</condition>

<Node id="57" bw="0" op_0_bw="5" op_1_bw="5" op_2_bw="0" op_3_bw="0">
<![CDATA[
V1.i3.i95.exit:1 %store_ln78 = store i5 %add_ln78, i5 %indvar_flatten

]]></Node>
<StgValue><ssdm name="store_ln78"/></StgValue>
</operation>

<operation id="31" st_id="1" stage="1" lat="1">
<core>NULL</core>
<MemPortIdVec></MemPortIdVec>
<condition id="-1">
<or_exp><and_exp><literal name="icmp_ln78" val="0"/>
</and_exp></or_exp>
</condition>

<Node id="59" bw="0" op_0_bw="3" op_1_bw="3" op_2_bw="0" op_3_bw="0">
<![CDATA[
V1.i3.i95.exit:3 %store_ln79 = store i3 %add_ln79, i3 %c_1

]]></Node>
<StgValue><ssdm name="store_ln79"/></StgValue>
</operation>
</state>

<state id="2" st_id="3">

<operation id="32" st_id="2" stage="1" lat="1">
<core>NULL</core>
<MemPortIdVec></MemPortIdVec>
<condition id="-1">
<or_exp><and_exp></and_exp></or_exp>
</condition>

<Node id="20" bw="3" op_0_bw="3" op_1_bw="0">
<![CDATA[
for.inc12.i:1 %r_load = load i3 %r

]]></Node>
<StgValue><ssdm name="r_load"/></StgValue>
</operation>

<operation id="33" st_id="2" stage="1" lat="1">
<core>Adder</core>
<MemPortIdVec></MemPortIdVec>
<condition id="-1">
<or_exp><and_exp><literal name="icmp_ln79" val="1"/>
</and_exp></or_exp>
</condition>

<Node id="25" bw="3" op_0_bw="3" op_1_bw="3">
<![CDATA[
for.inc12.i:6 %add_ln78_2 = add i3 %r_load, i3 1

]]></Node>
<StgValue><ssdm name="add_ln78_2"/></StgValue>
</operation>

<operation id="34" st_id="2" stage="1" lat="1">
<core>Sel</core>
<MemPortIdVec></MemPortIdVec>
<condition id="-1">
<or_exp><and_exp></and_exp></or_exp>
</condition>

<Node id="26" bw="3" op_0_bw="1" op_1_bw="3" op_2_bw="3">
<![CDATA[
for.inc12.i:7 %select_ln78_2 = select i1 %icmp_ln79, i3 %add_ln78_2, i3 %r_load

]]></Node>
<StgValue><ssdm name="select_ln78_2"/></StgValue>
</operation>

<operation id="35" st_id="2" stage="1" lat="1">
<core>NULL</core>
<MemPortIdVec></MemPortIdVec>
<condition id="-1">
<or_exp><and_exp></and_exp></or_exp>
</condition>

<Node id="27" bw="2" op_0_bw="3">
<![CDATA[
for.inc12.i:8 %trunc_ln78 = trunc i3 %select_ln78_2

]]></Node>
<StgValue><ssdm name="trunc_ln78"/></StgValue>
</operation>

<operation id="36" st_id="2" stage="1" lat="2">
<core>RAM</core>
<MemPortIdVec>1 </MemPortIdVec>
<condition id="-1">
<or_exp><and_exp></and_exp></or_exp>
</condition>

<Node id="31" bw="8" op_0_bw="2">
<![CDATA[
for.inc12.i:12 %state_load = load i2 %state_addr

]]></Node>
<StgValue><ssdm name="state_load"/></StgValue>
</operation>

<operation id="37" st_id="2" stage="1" lat="2">
<core>RAM</core>
<MemPortIdVec>1 </MemPortIdVec>
<condition id="-1">
<or_exp><and_exp></and_exp></or_exp>
</condition>

<Node id="33" bw="8" op_0_bw="2">
<![CDATA[
for.inc12.i:14 %state_1_load = load i2 %state_1_addr

]]></Node>
<StgValue><ssdm name="state_1_load"/></StgValue>
</operation>

<operation id="38" st_id="2" stage="1" lat="2">
<core>RAM</core>
<MemPortIdVec>1 </MemPortIdVec>
<condition id="-1">
<or_exp><and_exp></and_exp></or_exp>
</condition>

<Node id="35" bw="8" op_0_bw="2">
<![CDATA[
for.inc12.i:16 %state_2_load = load i2 %state_2_addr

]]></Node>
<StgValue><ssdm name="state_2_load"/></StgValue>
</operation>

<operation id="39" st_id="2" stage="1" lat="2">
<core>RAM</core>
<MemPortIdVec>1 </MemPortIdVec>
<condition id="-1">
<or_exp><and_exp></and_exp></or_exp>
</condition>

<Node id="37" bw="8" op_0_bw="2">
<![CDATA[
for.inc12.i:18 %state_3_load = load i2 %state_3_addr

]]></Node>
<StgValue><ssdm name="state_3_load"/></StgValue>
</operation>

<operation id="40" st_id="2" stage="1" lat="1">
<core>BinarySparseMux_DontCare</core>
<MemPortIdVec></MemPortIdVec>
<condition id="-1">
<or_exp><and_exp></and_exp></or_exp>
</condition>

<Node id="38" bw="8" op_0_bw="8" op_1_bw="2" op_2_bw="8" op_3_bw="2" op_4_bw="8" op_5_bw="2" op_6_bw="8" op_7_bw="2" op_8_bw="8" op_9_bw="8" op_10_bw="2">
<![CDATA[
for.inc12.i:19 %tmp_9 = sparsemux i8 @_ssdm_op_SparseMux.ap_auto.4i8.i8.i2, i2 0, i8 %state_load, i2 1, i8 %state_1_load, i2 2, i8 %state_2_load, i2 3, i8 %state_3_load, i8 0, i2 %trunc_ln78

]]></Node>
<StgValue><ssdm name="tmp_9"/></StgValue>
</operation>

<operation id="41" st_id="2" stage="1" lat="1">
<core>NULL</core>
<MemPortIdVec></MemPortIdVec>
<condition id="-1">
<or_exp><and_exp></and_exp></or_exp>
</condition>

<Node id="39" bw="64" op_0_bw="8">
<![CDATA[
for.inc12.i:20 %zext_ln80 = zext i8 %tmp_9

]]></Node>
<StgValue><ssdm name="zext_ln80"/></StgValue>
</operation>

<operation id="42" st_id="2" stage="1" lat="1">
<core>NULL</core>
<MemPortIdVec></MemPortIdVec>
<condition id="-1">
<or_exp><and_exp></and_exp></or_exp>
</condition>

<Node id="40" bw="8" op_0_bw="8" op_1_bw="64" op_2_bw="64">
<![CDATA[
for.inc12.i:21 %sbox_addr = getelementptr i8 %sbox, i64 0, i64 %zext_ln80

]]></Node>
<StgValue><ssdm name="sbox_addr"/></StgValue>
</operation>

<operation id="43" st_id="2" stage="2" lat="2">
<core>ROM</core>
<MemPortIdVec>0 </MemPortIdVec>
<condition id="-1">
<or_exp><and_exp></and_exp></or_exp>
</condition>

<Node id="41" bw="8" op_0_bw="8">
<![CDATA[
for.inc12.i:22 %sbox_load = load i8 %sbox_addr

]]></Node>
<StgValue><ssdm name="sbox_load"/></StgValue>
</operation>

<operation id="44" st_id="2" stage="1" lat="1">
<core>NULL</core>
<MemPortIdVec></MemPortIdVec>
<condition id="-1">
<or_exp><and_exp></and_exp></or_exp>
</condition>

<Node id="42" bw="0" op_0_bw="2" op_1_bw="0" op_2_bw="2" op_3_bw="0" op_4_bw="2" op_5_bw="0" op_6_bw="2" op_7_bw="0">
<![CDATA[
for.inc12.i:23 %switch_ln80 = switch i2 %trunc_ln78, void %V1.i3.i95.case.3, i2 0, void %V1.i3.i95.case.0, i2 1, void %V1.i3.i95.case.1, i2 2, void %V1.i3.i95.case.2

]]></Node>
<StgValue><ssdm name="switch_ln80"/></StgValue>
</operation>

<operation id="45" st_id="2" stage="1" lat="1">
<core>NULL</core>
<MemPortIdVec></MemPortIdVec>
<condition id="-1">
<or_exp><and_exp></and_exp></or_exp>
</condition>

<Node id="58" bw="0" op_0_bw="3" op_1_bw="3" op_2_bw="0" op_3_bw="0">
<![CDATA[
V1.i3.i95.exit:2 %store_ln78 = store i3 %select_ln78_2, i3 %r

]]></Node>
<StgValue><ssdm name="store_ln78"/></StgValue>
</operation>

<operation id="46" st_id="2" stage="1" lat="1">
<core>NULL</core>
<MemPortIdVec></MemPortIdVec>
<condition id="-1">
<or_exp><and_exp></and_exp></or_exp>
</condition>

<Node id="60" bw="0" op_0_bw="0">
<![CDATA[
V1.i3.i95.exit:4 %br_ln79 = br void %for.inc.i

]]></Node>
<StgValue><ssdm name="br_ln79"/></StgValue>
</operation>

<operation id="59" st_id="2" stage="1" lat="1">
<core>NULL</core>
<MemPortIdVec></MemPortIdVec>
<condition id="-1">
<or_exp><and_exp><literal name="icmp_ln78" val="1"/>
</and_exp></or_exp>
</condition>

<Node id="62" bw="0">
<![CDATA[
_Z8SubBytesPA4_7ap_uintILi8EE.exit.exitStub:0 %ret_ln0 = ret

]]></Node>
<StgValue><ssdm name="ret_ln0"/></StgValue>
</operation>
</state>

<state id="3" st_id="4">

<operation id="47" st_id="3" stage="1" lat="1">
<core>NULL</core>
<MemPortIdVec></MemPortIdVec>
<condition id="-1">
<or_exp><and_exp></and_exp></or_exp>
</condition>

<Node id="21" bw="0" op_0_bw="0" op_1_bw="0">
<![CDATA[
for.inc12.i:2 %specloopname_ln0 = specloopname void @_ssdm_op_SpecLoopName, void @VITIS_LOOP_78_1_VITIS_LOOP_79_2_str

]]></Node>
<StgValue><ssdm name="specloopname_ln0"/></StgValue>
</operation>

<operation id="48" st_id="3" stage="1" lat="1">
<core>NULL</core>
<MemPortIdVec></MemPortIdVec>
<condition id="-1">
<or_exp><and_exp></and_exp></or_exp>
</condition>

<Node id="22" bw="0" op_0_bw="0" op_1_bw="64" op_2_bw="64" op_3_bw="64">
<![CDATA[
for.inc12.i:3 %speclooptripcount_ln0 = speclooptripcount void @_ssdm_op_SpecLoopTripCount, i64 16, i64 16, i64 16

]]></Node>
<StgValue><ssdm name="speclooptripcount_ln0"/></StgValue>
</operation>

<operation id="49" st_id="3" stage="1" lat="1">
<core>NULL</core>
<MemPortIdVec></MemPortIdVec>
<condition id="-1">
<or_exp><and_exp></and_exp></or_exp>
</condition>

<Node id="29" bw="0" op_0_bw="0" op_1_bw="32" op_2_bw="32" op_3_bw="32" op_4_bw="32" op_5_bw="0">
<![CDATA[
for.inc12.i:10 %specpipeline_ln79 = specpipeline void @_ssdm_op_SpecPipeline, i32 4294967295, i32 0, i32 0, i32 0, void @empty_0

]]></Node>
<StgValue><ssdm name="specpipeline_ln79"/></StgValue>
</operation>

<operation id="50" st_id="3" stage="1" lat="2">
<core>ROM</core>
<MemPortIdVec>0 </MemPortIdVec>
<condition id="-1">
<or_exp><and_exp></and_exp></or_exp>
</condition>

<Node id="41" bw="8" op_0_bw="8">
<![CDATA[
for.inc12.i:22 %sbox_load = load i8 %sbox_addr

]]></Node>
<StgValue><ssdm name="sbox_load"/></StgValue>
</operation>

<operation id="51" st_id="3" stage="1" lat="1">
<core>RAM</core>
<MemPortIdVec>0 </MemPortIdVec>
<condition id="-1">
<or_exp><and_exp><literal name="trunc_ln78" val="-2"/>
</and_exp></or_exp>
</condition>

<Node id="44" bw="0" op_0_bw="8" op_1_bw="2" op_2_bw="0">
<![CDATA[
V1.i3.i95.case.2:0 %store_ln80 = store i8 %sbox_load, i2 %state_2_addr

]]></Node>
<StgValue><ssdm name="store_ln80"/></StgValue>
</operation>

<operation id="52" st_id="3" stage="1" lat="1">
<core>NULL</core>
<MemPortIdVec></MemPortIdVec>
<condition id="-1">
<or_exp><and_exp><literal name="trunc_ln78" val="-2"/>
</and_exp></or_exp>
</condition>

<Node id="45" bw="0" op_0_bw="0">
<![CDATA[
V1.i3.i95.case.2:1 %br_ln80 = br void %V1.i3.i95.exit

]]></Node>
<StgValue><ssdm name="br_ln80"/></StgValue>
</operation>

<operation id="53" st_id="3" stage="1" lat="1">
<core>RAM</core>
<MemPortIdVec>0 </MemPortIdVec>
<condition id="-1">
<or_exp><and_exp><literal name="trunc_ln78" val="1"/>
</and_exp></or_exp>
</condition>

<Node id="47" bw="0" op_0_bw="8" op_1_bw="2" op_2_bw="0">
<![CDATA[
V1.i3.i95.case.1:0 %store_ln80 = store i8 %sbox_load, i2 %state_1_addr

]]></Node>
<StgValue><ssdm name="store_ln80"/></StgValue>
</operation>

<operation id="54" st_id="3" stage="1" lat="1">
<core>NULL</core>
<MemPortIdVec></MemPortIdVec>
<condition id="-1">
<or_exp><and_exp><literal name="trunc_ln78" val="1"/>
</and_exp></or_exp>
</condition>

<Node id="48" bw="0" op_0_bw="0">
<![CDATA[
V1.i3.i95.case.1:1 %br_ln80 = br void %V1.i3.i95.exit

]]></Node>
<StgValue><ssdm name="br_ln80"/></StgValue>
</operation>

<operation id="55" st_id="3" stage="1" lat="1">
<core>RAM</core>
<MemPortIdVec>0 </MemPortIdVec>
<condition id="-1">
<or_exp><and_exp><literal name="trunc_ln78" val="0"/>
</and_exp></or_exp>
</condition>

<Node id="50" bw="0" op_0_bw="8" op_1_bw="2" op_2_bw="0">
<![CDATA[
V1.i3.i95.case.0:0 %store_ln80 = store i8 %sbox_load, i2 %state_addr

]]></Node>
<StgValue><ssdm name="store_ln80"/></StgValue>
</operation>

<operation id="56" st_id="3" stage="1" lat="1">
<core>NULL</core>
<MemPortIdVec></MemPortIdVec>
<condition id="-1">
<or_exp><and_exp><literal name="trunc_ln78" val="0"/>
</and_exp></or_exp>
</condition>

<Node id="51" bw="0" op_0_bw="0">
<![CDATA[
V1.i3.i95.case.0:1 %br_ln80 = br void %V1.i3.i95.exit

]]></Node>
<StgValue><ssdm name="br_ln80"/></StgValue>
</operation>

<operation id="57" st_id="3" stage="1" lat="1">
<core>RAM</core>
<MemPortIdVec>0 </MemPortIdVec>
<condition id="-1">
<or_exp><and_exp><literal name="trunc_ln78" val="-1"/>
</and_exp></or_exp>
</condition>

<Node id="53" bw="0" op_0_bw="8" op_1_bw="2" op_2_bw="0">
<![CDATA[
V1.i3.i95.case.3:0 %store_ln80 = store i8 %sbox_load, i2 %state_3_addr

]]></Node>
<StgValue><ssdm name="store_ln80"/></StgValue>
</operation>

<operation id="58" st_id="3" stage="1" lat="1">
<core>NULL</core>
<MemPortIdVec></MemPortIdVec>
<condition id="-1">
<or_exp><and_exp><literal name="trunc_ln78" val="-1"/>
</and_exp></or_exp>
</condition>

<Node id="54" bw="0" op_0_bw="0">
<![CDATA[
V1.i3.i95.case.3:1 %br_ln80 = br void %V1.i3.i95.exit

]]></Node>
<StgValue><ssdm name="br_ln80"/></StgValue>
</operation>
</state>
</state_list>


<ports>
<port id="72" name="state_3" dir="2" iftype="1">
<core>RAM</core><StgValue><ssdm name="state_3"/><MemPortTyVec>0 1 </MemPortTyVec>
</StgValue>
</port>
<port id="73" name="state_2" dir="2" iftype="1">
<core>RAM</core><StgValue><ssdm name="state_2"/><MemPortTyVec>0 1 </MemPortTyVec>
</StgValue>
</port>
<port id="74" name="state_1" dir="2" iftype="1">
<core>RAM</core><StgValue><ssdm name="state_1"/><MemPortTyVec>0 1 </MemPortTyVec>
</StgValue>
</port>
<port id="75" name="state" dir="2" iftype="1">
<core>RAM</core><StgValue><ssdm name="state"/><MemPortTyVec>0 1 </MemPortTyVec>
</StgValue>
</port>
<port id="76" name="sbox" dir="0" iftype="1">
<core>ROM</core><StgValue><ssdm name="sbox"/><MemPortTyVec>1 </MemPortTyVec>
</StgValue>
</port>
</ports>


<dataflows>
<dataflow id="78" from="StgValue_77" to="c_1" fromId="77" toId="6">
</dataflow>
<dataflow id="79" from="StgValue_77" to="r" fromId="77" toId="7">
</dataflow>
<dataflow id="80" from="StgValue_77" to="indvar_flatten" fromId="77" toId="8">
</dataflow>
<dataflow id="82" from="StgValue_81" to="store_ln0" fromId="81" toId="9">
</dataflow>
<dataflow id="83" from="indvar_flatten" to="store_ln0" fromId="8" toId="9">
</dataflow>
<dataflow id="85" from="StgValue_84" to="store_ln78" fromId="84" toId="10">
</dataflow>
<dataflow id="86" from="r" to="store_ln78" fromId="7" toId="10">
</dataflow>
<dataflow id="87" from="StgValue_84" to="store_ln79" fromId="84" toId="11">
</dataflow>
<dataflow id="88" from="c_1" to="store_ln79" fromId="6" toId="11">
</dataflow>
<dataflow id="89" from="indvar_flatten" to="indvar_flatten_load" fromId="8" toId="13">
</dataflow>
<dataflow id="90" from="indvar_flatten_load" to="icmp_ln78" fromId="13" toId="14">
</dataflow>
<dataflow id="92" from="StgValue_91" to="icmp_ln78" fromId="91" toId="14">
</dataflow>
<dataflow id="93" from="indvar_flatten_load" to="add_ln78" fromId="13" toId="15">
</dataflow>
<dataflow id="95" from="StgValue_94" to="add_ln78" fromId="94" toId="15">
</dataflow>
<dataflow id="96" from="icmp_ln78" to="br_ln78" fromId="14" toId="16">
</dataflow>
<dataflow id="97" from="c_1" to="c_1_load" fromId="6" toId="17">
</dataflow>
<dataflow id="98" from="c_1_load" to="icmp_ln79" fromId="17" toId="18">
</dataflow>
<dataflow id="100" from="StgValue_99" to="icmp_ln79" fromId="99" toId="18">
</dataflow>
<dataflow id="101" from="icmp_ln79" to="select_ln78" fromId="18" toId="19">
</dataflow>
<dataflow id="102" from="StgValue_84" to="select_ln78" fromId="84" toId="19">
</dataflow>
<dataflow id="103" from="c_1_load" to="select_ln78" fromId="17" toId="19">
</dataflow>
<dataflow id="104" from="select_ln78" to="zext_ln79" fromId="19" toId="20">
</dataflow>
<dataflow id="105" from="state" to="state_addr" fromId="75" toId="21">
</dataflow>
<dataflow id="107" from="StgValue_106" to="state_addr" fromId="106" toId="21">
</dataflow>
<dataflow id="108" from="zext_ln79" to="state_addr" fromId="20" toId="21">
</dataflow>
<dataflow id="109" from="state_addr" to="state_load" fromId="21" toId="22">
</dataflow>
<dataflow id="110" from="state_1" to="state_1_addr" fromId="74" toId="23">
</dataflow>
<dataflow id="111" from="StgValue_106" to="state_1_addr" fromId="106" toId="23">
</dataflow>
<dataflow id="112" from="zext_ln79" to="state_1_addr" fromId="20" toId="23">
</dataflow>
<dataflow id="113" from="state_1_addr" to="state_1_load" fromId="23" toId="24">
</dataflow>
<dataflow id="114" from="state_2" to="state_2_addr" fromId="73" toId="25">
</dataflow>
<dataflow id="115" from="StgValue_106" to="state_2_addr" fromId="106" toId="25">
</dataflow>
<dataflow id="116" from="zext_ln79" to="state_2_addr" fromId="20" toId="25">
</dataflow>
<dataflow id="117" from="state_2_addr" to="state_2_load" fromId="25" toId="26">
</dataflow>
<dataflow id="118" from="state_3" to="state_3_addr" fromId="72" toId="27">
</dataflow>
<dataflow id="119" from="StgValue_106" to="state_3_addr" fromId="106" toId="27">
</dataflow>
<dataflow id="120" from="zext_ln79" to="state_3_addr" fromId="20" toId="27">
</dataflow>
<dataflow id="121" from="state_3_addr" to="state_3_load" fromId="27" toId="28">
</dataflow>
<dataflow id="122" from="select_ln78" to="add_ln79" fromId="19" toId="29">
</dataflow>
<dataflow id="124" from="StgValue_123" to="add_ln79" fromId="123" toId="29">
</dataflow>
<dataflow id="125" from="add_ln78" to="store_ln78" fromId="15" toId="30">
</dataflow>
<dataflow id="126" from="indvar_flatten" to="store_ln78" fromId="8" toId="30">
</dataflow>
<dataflow id="127" from="add_ln79" to="store_ln79" fromId="29" toId="31">
</dataflow>
<dataflow id="128" from="c_1" to="store_ln79" fromId="6" toId="31">
</dataflow>
<dataflow id="129" from="r" to="r_load" fromId="7" toId="32">
</dataflow>
<dataflow id="130" from="r_load" to="add_ln78_2" fromId="32" toId="33">
</dataflow>
<dataflow id="131" from="StgValue_123" to="add_ln78_2" fromId="123" toId="33">
</dataflow>
<dataflow id="132" from="icmp_ln79" to="select_ln78_2" fromId="18" toId="34">
</dataflow>
<dataflow id="133" from="add_ln78_2" to="select_ln78_2" fromId="33" toId="34">
</dataflow>
<dataflow id="134" from="r_load" to="select_ln78_2" fromId="32" toId="34">
</dataflow>
<dataflow id="135" from="select_ln78_2" to="trunc_ln78" fromId="34" toId="35">
</dataflow>
<dataflow id="136" from="state_addr" to="state_load" fromId="21" toId="36">
</dataflow>
<dataflow id="137" from="state_1_addr" to="state_1_load" fromId="23" toId="37">
</dataflow>
<dataflow id="138" from="state_2_addr" to="state_2_load" fromId="25" toId="38">
</dataflow>
<dataflow id="139" from="state_3_addr" to="state_3_load" fromId="27" toId="39">
</dataflow>
<dataflow id="141" from="_ssdm_op_SparseMux.ap_auto.4i8.i8.i2" to="tmp_9" fromId="140" toId="40">
</dataflow>
<dataflow id="143" from="StgValue_142" to="tmp_9" fromId="142" toId="40">
</dataflow>
<dataflow id="144" from="state_load" to="tmp_9" fromId="36" toId="40">
</dataflow>
<dataflow id="146" from="StgValue_145" to="tmp_9" fromId="145" toId="40">
</dataflow>
<dataflow id="147" from="state_1_load" to="tmp_9" fromId="37" toId="40">
</dataflow>
<dataflow id="149" from="StgValue_148" to="tmp_9" fromId="148" toId="40">
</dataflow>
<dataflow id="150" from="state_2_load" to="tmp_9" fromId="38" toId="40">
</dataflow>
<dataflow id="152" from="StgValue_151" to="tmp_9" fromId="151" toId="40">
</dataflow>
<dataflow id="153" from="state_3_load" to="tmp_9" fromId="39" toId="40">
</dataflow>
<dataflow id="155" from="StgValue_154" to="tmp_9" fromId="154" toId="40">
</dataflow>
<dataflow id="156" from="trunc_ln78" to="tmp_9" fromId="35" toId="40">
</dataflow>
<dataflow id="157" from="tmp_9" to="zext_ln80" fromId="40" toId="41">
</dataflow>
<dataflow id="158" from="sbox" to="sbox_addr" fromId="76" toId="42">
</dataflow>
<dataflow id="159" from="StgValue_106" to="sbox_addr" fromId="106" toId="42">
</dataflow>
<dataflow id="160" from="zext_ln80" to="sbox_addr" fromId="41" toId="42">
</dataflow>
<dataflow id="161" from="sbox_addr" to="sbox_load" fromId="42" toId="43">
</dataflow>
<dataflow id="162" from="trunc_ln78" to="switch_ln80" fromId="35" toId="44">
</dataflow>
<dataflow id="163" from="StgValue_142" to="switch_ln80" fromId="142" toId="44">
</dataflow>
<dataflow id="164" from="StgValue_145" to="switch_ln80" fromId="145" toId="44">
</dataflow>
<dataflow id="165" from="StgValue_148" to="switch_ln80" fromId="148" toId="44">
</dataflow>
<dataflow id="166" from="select_ln78_2" to="store_ln78" fromId="34" toId="45">
</dataflow>
<dataflow id="167" from="r" to="store_ln78" fromId="7" toId="45">
</dataflow>
<dataflow id="169" from="_ssdm_op_SpecLoopName" to="specloopname_ln0" fromId="168" toId="47">
</dataflow>
<dataflow id="171" from="VITIS_LOOP_78_1_VITIS_LOOP_79_2_str" to="specloopname_ln0" fromId="170" toId="47">
</dataflow>
<dataflow id="173" from="_ssdm_op_SpecLoopTripCount" to="speclooptripcount_ln0" fromId="172" toId="48">
</dataflow>
<dataflow id="175" from="StgValue_174" to="speclooptripcount_ln0" fromId="174" toId="48">
</dataflow>
<dataflow id="176" from="StgValue_174" to="speclooptripcount_ln0" fromId="174" toId="48">
</dataflow>
<dataflow id="177" from="StgValue_174" to="speclooptripcount_ln0" fromId="174" toId="48">
</dataflow>
<dataflow id="179" from="_ssdm_op_SpecPipeline" to="specpipeline_ln79" fromId="178" toId="49">
</dataflow>
<dataflow id="181" from="StgValue_180" to="specpipeline_ln79" fromId="180" toId="49">
</dataflow>
<dataflow id="183" from="StgValue_182" to="specpipeline_ln79" fromId="182" toId="49">
</dataflow>
<dataflow id="184" from="StgValue_182" to="specpipeline_ln79" fromId="182" toId="49">
</dataflow>
<dataflow id="185" from="StgValue_182" to="specpipeline_ln79" fromId="182" toId="49">
</dataflow>
<dataflow id="187" from="empty_0" to="specpipeline_ln79" fromId="186" toId="49">
</dataflow>
<dataflow id="188" from="sbox_addr" to="sbox_load" fromId="42" toId="50">
</dataflow>
<dataflow id="189" from="sbox_load" to="store_ln80" fromId="50" toId="51">
</dataflow>
<dataflow id="190" from="state_2_addr" to="store_ln80" fromId="25" toId="51">
</dataflow>
<dataflow id="191" from="sbox_load" to="store_ln80" fromId="50" toId="53">
</dataflow>
<dataflow id="192" from="state_1_addr" to="store_ln80" fromId="23" toId="53">
</dataflow>
<dataflow id="193" from="sbox_load" to="store_ln80" fromId="50" toId="55">
</dataflow>
<dataflow id="194" from="state_addr" to="store_ln80" fromId="21" toId="55">
</dataflow>
<dataflow id="195" from="sbox_load" to="store_ln80" fromId="50" toId="57">
</dataflow>
<dataflow id="196" from="state_3_addr" to="store_ln80" fromId="27" toId="57">
</dataflow>
<dataflow id="197" from="icmp_ln78" to="StgValue_2" fromId="14" toId="2">
</dataflow>
<dataflow id="198" from="icmp_ln79" to="StgValue_3" fromId="18" toId="3">
</dataflow>
<dataflow id="199" from="trunc_ln78" to="StgValue_4" fromId="35" toId="4">
</dataflow>
<dataflow id="200" from="icmp_ln78" to="StgValue_3" fromId="14" toId="3">
</dataflow>
</dataflows>


</stg>
