<profile>

<section name = "Vitis HLS Report for 'Cipher_Pipeline_VITIS_LOOP_85_2'" level="0">
<item name = "Date">Mon Jul 21 15:22:41 2025
</item>
<item name = "Version">2025.1 (Build 6135595 on May 21 2025)</item>
<item name = "Project">aes_core</item>
<item name = "Solution">hls (Vivado IP Flow Target)</item>
<item name = "Product family">zynquplus</item>
<item name = "Target device">xck26-sfvc784-2LV-c</item>
</section>

<section name = "Performance Estimates" level="0">
<item name = "Timing">
<section name = "" level="1">
<item name = "Summary"><table name="" hasTotal="0">
<keys size="4">Clock, Target, Estimated, Uncertainty</keys>
<column name="ap_clk">10.00 ns, 0.975 ns, 2.70 ns</column>
</table>
</item>
</section>
</item>
<item name = "Latency">
<section name = "" level="1">
<item name = "Summary"><table name="" hasTotal="0">
<keys size="8">, min, max, min, max, min, max, Type</keys>
<column name="">3, 5, 30.000 ns, 50.000 ns, 2, 4, loop auto-rewind stp (delay=0 clock cycles(s))</column>
</table>
</item>
<item name = "Detail">
<section name = "" level="1">
<item name = "Instance"><table name="" hasTotal="0">
<keys size="9">Instance, Module, min, max, min, max, min, max, Type</keys>
</table>
</item>
<item name = "Loop"><table name="" hasTotal="0">
<keys size="8">Loop Name, min, max, Latency, achieved, target, Count, Pipelined</keys>
<column name="- VITIS_LOOP_85_2">1, 3, 1, 1, 1, 1 ~ 3, yes</column>
</table>
</item>
</section>
</item>
</section>
</item>
</section>
</profile>
