<profile>

<section name = "Vitis HLS Report for 'Cipher'" level="0">
<item name = "Date">Mon Jul 21 15:22:51 2025
</item>
<item name = "Version">2025.1 (Build 6135595 on May 21 2025)</item>
<item name = "Project">aes_core</item>
<item name = "Solution">hls (Vivado IP Flow Target)</item>
<item name = "Product family">zynquplus</item>
<item name = "Target device">xck26-sfvc784-2LV-c</item>
</section>

<section name = "Performance Estimates" level="0">
<item name = "Timing">
<section name = "" level="1">
<item name = "Summary"><table name="" hasTotal="0">
<keys size="4">Clock, Target, Estimated, Uncertainty</keys>
<column name="ap_clk">10.00 ns, 2.704 ns, 2.70 ns</column>
</table>
</item>
</section>
</item>
<item name = "Latency">
<section name = "" level="1">
<item name = "Summary"><table name="" hasTotal="0">
<keys size="8">, min, max, min, max, min, max, Type</keys>
<column name="">698, 758, 6.980 us, 7.580 us, 698, 758, no</column>
</table>
</item>
<item name = "Detail">
<section name = "" level="1">
<item name = "Instance"><table name="" hasTotal="0">
<keys size="9">Instance, Module, min, max, min, max, min, max, Type</keys>
<column name="grp_Cipher_Pipeline_VITIS_LOOP_149_1_fu_499">Cipher_Pipeline_VITIS_LOOP_149_1, 18, 18, 0.180 us, 0.180 us, 17, 17, loop auto-rewind stp (delay=0 clock cycles(s))</column>
<column name="grp_Cipher_Pipeline_VITIS_LOOP_110_1_fu_513">Cipher_Pipeline_VITIS_LOOP_110_1, 6, 6, 60.000 ns, 60.000 ns, 5, 5, loop auto-rewind stp (delay=0 clock cycles(s))</column>
<column name="grp_Cipher_Pipeline_VITIS_LOOP_78_1_VITIS_LOOP_79_2_fu_523">Cipher_Pipeline_VITIS_LOOP_78_1_VITIS_LOOP_79_2, 19, 19, 0.190 us, 0.190 us, 17, 17, loop auto-rewind stp (delay=0 clock cycles(s))</column>
<column name="grp_Cipher_Pipeline_VITIS_LOOP_78_1_VITIS_LOOP_79_22_fu_533">Cipher_Pipeline_VITIS_LOOP_78_1_VITIS_LOOP_79_22, 19, 19, 0.190 us, 0.190 us, 17, 17, loop auto-rewind stp (delay=0 clock cycles(s))</column>
<column name="grp_Cipher_Pipeline_VITIS_LOOP_85_2_fu_543">Cipher_Pipeline_VITIS_LOOP_85_2, 3, 5, 30.000 ns, 50.000 ns, 2, 4, loop auto-rewind stp (delay=0 clock cycles(s))</column>
<column name="grp_Cipher_Pipeline_VITIS_LOOP_96_1_fu_556">Cipher_Pipeline_VITIS_LOOP_96_1, 6, 6, 60.000 ns, 60.000 ns, 5, 5, loop auto-rewind stp (delay=0 clock cycles(s))</column>
<column name="grp_Cipher_Pipeline_VITIS_LOOP_110_11_fu_564">Cipher_Pipeline_VITIS_LOOP_110_11, 6, 6, 60.000 ns, 60.000 ns, 5, 5, loop auto-rewind stp (delay=0 clock cycles(s))</column>
<column name="grp_Cipher_Pipeline_VITIS_LOOP_110_14_fu_575">Cipher_Pipeline_VITIS_LOOP_110_14, 6, 6, 60.000 ns, 60.000 ns, 5, 5, loop auto-rewind stp (delay=0 clock cycles(s))</column>
<column name="grp_Cipher_Pipeline_VITIS_LOOP_85_23_fu_585">Cipher_Pipeline_VITIS_LOOP_85_23, 3, 5, 30.000 ns, 50.000 ns, 2, 4, loop auto-rewind stp (delay=0 clock cycles(s))</column>
<column name="grp_Cipher_Pipeline_VITIS_LOOP_165_3_fu_598">Cipher_Pipeline_VITIS_LOOP_165_3, 19, 19, 0.190 us, 0.190 us, 17, 17, loop auto-rewind stp (delay=0 clock cycles(s))</column>
</table>
</item>
<item name = "Loop"><table name="" hasTotal="0">
<keys size="8">Loop Name, min, max, Latency, achieved, target, Count, Pipelined</keys>
<column name="- VITIS_LOOP_154_2">594, 648, 66 ~ 72, -, -, 9, no</column>
<column name=" + VITIS_LOOP_84_1">24, 30, 8 ~ 10, -, -, 3, no</column>
<column name="- VITIS_LOOP_84_1">27, 33, 9 ~ 11, -, -, 3, no</column>
</table>
</item>
</section>
</item>
</section>
</item>
</section>

<section name = "Utilization Estimates" level="0">
<item name = "Summary"><table name="" hasTotal="1">
<keys size="6">Name, BRAM_18K, DSP, FF, LUT, URAM</keys>
<column name="DSP">-, -, -, -, -</column>
<column name="Expression">-, -, 0, 74, -</column>
<column name="FIFO">-, -, -, -, -</column>
<column name="Instance">2, -, 228, 1861, -</column>
<column name="Memory">0, -, 64, 4, 0</column>
<column name="Multiplexer">-, -, 0, 1682, -</column>
<column name="Register">-, -, 296, -, -</column>
<specialColumn name="Available">288, 1248, 234240, 117120, 64</specialColumn>
<specialColumn name="Utilization (%)">~0, 0, ~0, 3, 0</specialColumn>
</table>
</item>
<item name = "Detail">
<section name = "" level="1">
<item name = "Instance"><table name="" hasTotal="1">
<keys size="7">Instance, Module, BRAM_18K, DSP, FF, LUT, URAM</keys>
<column name="grp_Cipher_Pipeline_VITIS_LOOP_110_1_fu_513">Cipher_Pipeline_VITIS_LOOP_110_1, 0, 0, 14, 92, 0</column>
<column name="grp_Cipher_Pipeline_VITIS_LOOP_110_11_fu_564">Cipher_Pipeline_VITIS_LOOP_110_11, 0, 0, 14, 105, 0</column>
<column name="grp_Cipher_Pipeline_VITIS_LOOP_110_14_fu_575">Cipher_Pipeline_VITIS_LOOP_110_14, 0, 0, 14, 92, 0</column>
<column name="grp_Cipher_Pipeline_VITIS_LOOP_149_1_fu_499">Cipher_Pipeline_VITIS_LOOP_149_1, 0, 0, 12, 63, 0</column>
<column name="grp_Cipher_Pipeline_VITIS_LOOP_165_3_fu_598">Cipher_Pipeline_VITIS_LOOP_165_3, 0, 0, 15, 83, 0</column>
<column name="grp_Cipher_Pipeline_VITIS_LOOP_78_1_VITIS_LOOP_79_2_fu_523">Cipher_Pipeline_VITIS_LOOP_78_1_VITIS_LOOP_79_2, 1, 0, 35, 148, 0</column>
<column name="grp_Cipher_Pipeline_VITIS_LOOP_78_1_VITIS_LOOP_79_22_fu_533">Cipher_Pipeline_VITIS_LOOP_78_1_VITIS_LOOP_79_22, 1, 0, 35, 148, 0</column>
<column name="grp_Cipher_Pipeline_VITIS_LOOP_85_2_fu_543">Cipher_Pipeline_VITIS_LOOP_85_2, 0, 0, 37, 83, 0</column>
<column name="grp_Cipher_Pipeline_VITIS_LOOP_85_23_fu_585">Cipher_Pipeline_VITIS_LOOP_85_23, 0, 0, 37, 83, 0</column>
<column name="grp_Cipher_Pipeline_VITIS_LOOP_96_1_fu_556">Cipher_Pipeline_VITIS_LOOP_96_1, 0, 0, 15, 852, 0</column>
<column name="sparsemux_7_2_8_1_1_U64">sparsemux_7_2_8_1_1, 0, 0, 0, 14, 0</column>
<column name="sparsemux_7_2_8_1_1_U65">sparsemux_7_2_8_1_1, 0, 0, 0, 14, 0</column>
<column name="sparsemux_7_2_8_1_1_U66">sparsemux_7_2_8_1_1, 0, 0, 0, 14, 0</column>
<column name="sparsemux_7_2_8_1_1_U67">sparsemux_7_2_8_1_1, 0, 0, 0, 14, 0</column>
<column name="sparsemux_7_2_8_1_1_U68">sparsemux_7_2_8_1_1, 0, 0, 0, 14, 0</column>
<column name="sparsemux_7_2_8_1_1_U69">sparsemux_7_2_8_1_1, 0, 0, 0, 14, 0</column>
<column name="sparsemux_7_2_8_1_1_U70">sparsemux_7_2_8_1_1, 0, 0, 0, 14, 0</column>
<column name="sparsemux_7_2_8_1_1_U71">sparsemux_7_2_8_1_1, 0, 0, 0, 14, 0</column>
</table>
</item>
<item name = "DSP"><table name="" hasTotal="0">
<keys size="3">Instance, Module, Expression</keys>
</table>
</item>
<item name = "Memory"><table name="" hasTotal="1">
<keys size="10">Memory, Module, BRAM_18K, FF, LUT, URAM, Words, Bits, Banks, W*Bits*Banks</keys>
<column name="state_1_U">Cipher_state_1_RAM_AUTO_1R1W, 0, 16, 1, 0, 4, 8, 1, 32</column>
<column name="state_2_U">Cipher_state_1_RAM_AUTO_1R1W, 0, 16, 1, 0, 4, 8, 1, 32</column>
<column name="state_3_U">Cipher_state_1_RAM_AUTO_1R1W, 0, 16, 1, 0, 4, 8, 1, 32</column>
<column name="state_U">Cipher_state_RAM_AUTO_1R1W, 0, 16, 1, 0, 4, 8, 1, 32</column>
</table>
</item>
<item name = "FIFO"><table name="" hasTotal="1">
<keys size="8">Name, BRAM_18K, FF, LUT, URAM, Depth, Bits, Size:D*B</keys>
</table>
</item>
<item name = "Expression"><table name="" hasTotal="1">
<keys size="7">Variable Name, Operation, DSP, FF, LUT, Bitwidth P0, Bitwidth P1</keys>
<column name="add_ln154_fu_633_p2">+, 0, 0, 12, 4, 1</column>
<column name="add_ln84_1_fu_754_p2">+, 0, 0, 10, 3, 1</column>
<column name="add_ln84_fu_885_p2">+, 0, 0, 10, 3, 1</column>
<column name="icmp_ln154_fu_616_p2">icmp, 0, 0, 12, 4, 4</column>
<column name="icmp_ln84_1_fu_627_p2">icmp, 0, 0, 12, 3, 4</column>
<column name="icmp_ln84_fu_771_p2">icmp, 0, 0, 12, 3, 4</column>
<column name="state_1_we0">or, 0, 0, 2, 1, 1</column>
<column name="state_2_we0">or, 0, 0, 2, 1, 1</column>
<column name="state_3_we0">or, 0, 0, 2, 1, 1</column>
</table>
</item>
<item name = "Multiplexer"><table name="" hasTotal="1">
<keys size="5">Name, LUT, Input Size, Bits, Total Bits</keys>
<column name="ap_NS_fsm">145, 30, 1, 30</column>
<column name="p_0_0_01014_i_lcssa12_reg_484">9, 2, 8, 16</column>
<column name="p_0_0_01014_i_lcssa13_reg_341">9, 2, 8, 16</column>
<column name="p_0_0_01014_i_lcssa15_reg_469">9, 2, 8, 16</column>
<column name="p_0_0_01014_i_lcssa16_reg_330">9, 2, 8, 16</column>
<column name="p_0_0_01014_i_lcssa18_reg_454">9, 2, 8, 16</column>
<column name="p_0_0_01014_i_lcssa19_reg_319">9, 2, 8, 16</column>
<column name="p_0_0_012_i_lcssa30_reg_394">9, 2, 8, 16</column>
<column name="p_0_0_012_i_lcssa31_reg_275">9, 2, 8, 16</column>
<column name="p_0_0_012_i_lcssa33_reg_379">9, 2, 8, 16</column>
<column name="p_0_0_012_i_lcssa34_reg_264">9, 2, 8, 16</column>
<column name="p_0_0_012_i_lcssa36_reg_364">9, 2, 8, 16</column>
<column name="p_0_0_012_i_lcssa37_reg_253">9, 2, 8, 16</column>
<column name="p_0_0_0915_i_lcssa21_reg_439">9, 2, 8, 16</column>
<column name="p_0_0_0915_i_lcssa22_reg_308">9, 2, 8, 16</column>
<column name="p_0_0_0915_i_lcssa24_reg_424">9, 2, 8, 16</column>
<column name="p_0_0_0915_i_lcssa25_reg_297">9, 2, 8, 16</column>
<column name="p_0_0_0915_i_lcssa27_reg_409">9, 2, 8, 16</column>
<column name="p_0_0_0915_i_lcssa28_reg_286">9, 2, 8, 16</column>
<column name="r_2_reg_352">9, 2, 3, 6</column>
<column name="r_fu_138">9, 2, 3, 6</column>
<column name="round_fu_86">9, 2, 4, 8</column>
<column name="state_1_address0">49, 9, 2, 18</column>
<column name="state_1_address0_local">20, 4, 2, 8</column>
<column name="state_1_address1">37, 7, 2, 14</column>
<column name="state_1_address1_local">20, 4, 2, 8</column>
<column name="state_1_ce0">49, 9, 1, 9</column>
<column name="state_1_ce1">37, 7, 1, 7</column>
<column name="state_1_d0">43, 8, 8, 64</column>
<column name="state_1_d0_local">26, 5, 8, 40</column>
<column name="state_1_d1_local">26, 5, 8, 40</column>
<column name="state_1_we0">43, 8, 1, 8</column>
<column name="state_2_address0">49, 9, 2, 18</column>
<column name="state_2_address0_local">20, 4, 2, 8</column>
<column name="state_2_address1">37, 7, 2, 14</column>
<column name="state_2_address1_local">20, 4, 2, 8</column>
<column name="state_2_ce0">49, 9, 1, 9</column>
<column name="state_2_ce1">37, 7, 1, 7</column>
<column name="state_2_d0">43, 8, 8, 64</column>
<column name="state_2_d0_local">26, 5, 8, 40</column>
<column name="state_2_d1_local">26, 5, 8, 40</column>
<column name="state_2_we0">43, 8, 1, 8</column>
<column name="state_3_address0">49, 9, 2, 18</column>
<column name="state_3_address0_local">20, 4, 2, 8</column>
<column name="state_3_address1">37, 7, 2, 14</column>
<column name="state_3_address1_local">20, 4, 2, 8</column>
<column name="state_3_ce0">49, 9, 1, 9</column>
<column name="state_3_ce1">37, 7, 1, 7</column>
<column name="state_3_d0">43, 8, 8, 64</column>
<column name="state_3_d0_local">26, 5, 8, 40</column>
<column name="state_3_d1_local">26, 5, 8, 40</column>
<column name="state_3_we0">43, 8, 1, 8</column>
<column name="state_address0">49, 9, 2, 18</column>
<column name="state_address1">37, 7, 2, 14</column>
<column name="state_ce0">49, 9, 1, 9</column>
<column name="state_ce1">37, 7, 1, 7</column>
<column name="state_d0">43, 8, 8, 64</column>
<column name="state_we0">43, 8, 1, 8</column>
<column name="w_address0">20, 4, 6, 24</column>
<column name="w_ce0">20, 4, 1, 4</column>
</table>
</item>
<item name = "Register"><table name="" hasTotal="1">
<keys size="5">Name, FF, LUT, Bits, Const Bits</keys>
<column name="add_ln84_1_reg_1114">3, 0, 3, 0</column>
<column name="ap_CS_fsm">29, 0, 29, 0</column>
<column name="grp_Cipher_Pipeline_VITIS_LOOP_110_11_fu_564_ap_start_reg">1, 0, 1, 0</column>
<column name="grp_Cipher_Pipeline_VITIS_LOOP_110_14_fu_575_ap_start_reg">1, 0, 1, 0</column>
<column name="grp_Cipher_Pipeline_VITIS_LOOP_110_1_fu_513_ap_start_reg">1, 0, 1, 0</column>
<column name="grp_Cipher_Pipeline_VITIS_LOOP_149_1_fu_499_ap_start_reg">1, 0, 1, 0</column>
<column name="grp_Cipher_Pipeline_VITIS_LOOP_165_3_fu_598_ap_start_reg">1, 0, 1, 0</column>
<column name="grp_Cipher_Pipeline_VITIS_LOOP_78_1_VITIS_LOOP_79_22_fu_533_ap_start_reg">1, 0, 1, 0</column>
<column name="grp_Cipher_Pipeline_VITIS_LOOP_78_1_VITIS_LOOP_79_2_fu_523_ap_start_reg">1, 0, 1, 0</column>
<column name="grp_Cipher_Pipeline_VITIS_LOOP_85_23_fu_585_ap_start_reg">1, 0, 1, 0</column>
<column name="grp_Cipher_Pipeline_VITIS_LOOP_85_2_fu_543_ap_start_reg">1, 0, 1, 0</column>
<column name="grp_Cipher_Pipeline_VITIS_LOOP_96_1_fu_556_ap_start_reg">1, 0, 1, 0</column>
<column name="p_0_0_01014_i_lcssa12_reg_484">8, 0, 8, 0</column>
<column name="p_0_0_01014_i_lcssa13_reg_341">8, 0, 8, 0</column>
<column name="p_0_0_01014_i_lcssa15_reg_469">8, 0, 8, 0</column>
<column name="p_0_0_01014_i_lcssa16_reg_330">8, 0, 8, 0</column>
<column name="p_0_0_01014_i_lcssa18_reg_454">8, 0, 8, 0</column>
<column name="p_0_0_01014_i_lcssa19_reg_319">8, 0, 8, 0</column>
<column name="p_0_0_012_i_lcssa30_reg_394">8, 0, 8, 0</column>
<column name="p_0_0_012_i_lcssa31_reg_275">8, 0, 8, 0</column>
<column name="p_0_0_012_i_lcssa33_reg_379">8, 0, 8, 0</column>
<column name="p_0_0_012_i_lcssa34_reg_264">8, 0, 8, 0</column>
<column name="p_0_0_012_i_lcssa36_reg_364">8, 0, 8, 0</column>
<column name="p_0_0_012_i_lcssa37_reg_253">8, 0, 8, 0</column>
<column name="p_0_0_0915_i_lcssa21_reg_439">8, 0, 8, 0</column>
<column name="p_0_0_0915_i_lcssa22_reg_308">8, 0, 8, 0</column>
<column name="p_0_0_0915_i_lcssa24_reg_424">8, 0, 8, 0</column>
<column name="p_0_0_0915_i_lcssa25_reg_297">8, 0, 8, 0</column>
<column name="p_0_0_0915_i_lcssa27_reg_409">8, 0, 8, 0</column>
<column name="p_0_0_0915_i_lcssa28_reg_286">8, 0, 8, 0</column>
<column name="r_2_reg_352">3, 0, 3, 0</column>
<column name="r_fu_138">3, 0, 3, 0</column>
<column name="round_1_reg_1016">4, 0, 4, 0</column>
<column name="round_fu_86">4, 0, 4, 0</column>
<column name="shl_ln_reg_1119">4, 0, 6, 2</column>
<column name="state_1_load_reg_1031">8, 0, 8, 0</column>
<column name="state_2_load_reg_1036">8, 0, 8, 0</column>
<column name="state_3_load_reg_1041">8, 0, 8, 0</column>
<column name="tmp_1_reg_1143">8, 0, 8, 0</column>
<column name="tmp_2_reg_1148">8, 0, 8, 0</column>
<column name="tmp_3_reg_1153">8, 0, 8, 0</column>
<column name="tmp_5_reg_1085">8, 0, 8, 0</column>
<column name="tmp_6_reg_1090">8, 0, 8, 0</column>
<column name="tmp_7_reg_1095">8, 0, 8, 0</column>
<column name="tmp_8_reg_1100">8, 0, 8, 0</column>
<column name="tmp_reg_1138">8, 0, 8, 0</column>
<column name="trunc_ln84_1_reg_1079">2, 0, 2, 0</column>
<column name="trunc_ln84_reg_1130">2, 0, 2, 0</column>
</table>
</item>
</section>
</item>
</section>

<section name = "Interface" level="0">
<item name = "Summary"><table name="" hasTotal="0">
<keys size="6">RTL Ports, Dir, Bits, Protocol, Source Object, C Type</keys>
<column name="ap_clk">in, 1, ap_ctrl_hs, Cipher, return value</column>
<column name="ap_rst">in, 1, ap_ctrl_hs, Cipher, return value</column>
<column name="ap_start">in, 1, ap_ctrl_hs, Cipher, return value</column>
<column name="ap_done">out, 1, ap_ctrl_hs, Cipher, return value</column>
<column name="ap_idle">out, 1, ap_ctrl_hs, Cipher, return value</column>
<column name="ap_ready">out, 1, ap_ctrl_hs, Cipher, return value</column>
<column name="in_r_address0">out, 4, ap_memory, in_r, array</column>
<column name="in_r_ce0">out, 1, ap_memory, in_r, array</column>
<column name="in_r_q0">in, 8, ap_memory, in_r, array</column>
<column name="out_r_address0">out, 4, ap_memory, out_r, array</column>
<column name="out_r_ce0">out, 1, ap_memory, out_r, array</column>
<column name="out_r_we0">out, 1, ap_memory, out_r, array</column>
<column name="out_r_d0">out, 8, ap_memory, out_r, array</column>
<column name="w_address0">out, 6, ap_memory, w, array</column>
<column name="w_ce0">out, 1, ap_memory, w, array</column>
<column name="w_q0">in, 32, ap_memory, w, array</column>
</table>
</item>
</section>
</profile>
