<profile>

<section name = "Vitis HLS Report for 'Cipher'" level="0">
<item name = "Date">Mon Jul 21 15:22:47 2025
</item>
<item name = "Version">2025.1 (Build 6135595 on May 21 2025)</item>
<item name = "Project">aes_core</item>
<item name = "Solution">hls (Vivado IP Flow Target)</item>
<item name = "Product family">zynquplus</item>
<item name = "Target device">xck26-sfvc784-2LV-c</item>
</section>

<section name = "Performance Estimates" level="0">
<item name = "Timing">
<section name = "" level="1">
<item name = "Summary"><table name="" hasTotal="0">
<keys size="4">Clock, Target, Estimated, Uncertainty</keys>
<column name="ap_clk">10.00 ns, 2.704 ns, 2.70 ns</column>
</table>
</item>
</section>
</item>
<item name = "Latency">
<section name = "" level="1">
<item name = "Summary"><table name="" hasTotal="0">
<keys size="8">, min, max, min, max, min, max, Type</keys>
<column name="">698, 758, 6.980 us, 7.580 us, 698, 758, no</column>
</table>
</item>
<item name = "Detail">
<section name = "" level="1">
<item name = "Instance"><table name="" hasTotal="0">
<keys size="9">Instance, Module, min, max, min, max, min, max, Type</keys>
<column name="grp_Cipher_Pipeline_VITIS_LOOP_149_1_fu_499">Cipher_Pipeline_VITIS_LOOP_149_1, 18, 18, 0.180 us, 0.180 us, 17, 17, loop auto-rewind stp (delay=0 clock cycles(s))</column>
<column name="grp_Cipher_Pipeline_VITIS_LOOP_110_1_fu_513">Cipher_Pipeline_VITIS_LOOP_110_1, 6, 6, 60.000 ns, 60.000 ns, 5, 5, loop auto-rewind stp (delay=0 clock cycles(s))</column>
<column name="grp_Cipher_Pipeline_VITIS_LOOP_78_1_VITIS_LOOP_79_2_fu_523">Cipher_Pipeline_VITIS_LOOP_78_1_VITIS_LOOP_79_2, 19, 19, 0.190 us, 0.190 us, 17, 17, loop auto-rewind stp (delay=0 clock cycles(s))</column>
<column name="grp_Cipher_Pipeline_VITIS_LOOP_78_1_VITIS_LOOP_79_22_fu_533">Cipher_Pipeline_VITIS_LOOP_78_1_VITIS_LOOP_79_22, 19, 19, 0.190 us, 0.190 us, 17, 17, loop auto-rewind stp (delay=0 clock cycles(s))</column>
<column name="grp_Cipher_Pipeline_VITIS_LOOP_85_2_fu_543">Cipher_Pipeline_VITIS_LOOP_85_2, 3, 5, 30.000 ns, 50.000 ns, 2, 4, loop auto-rewind stp (delay=0 clock cycles(s))</column>
<column name="grp_Cipher_Pipeline_VITIS_LOOP_96_1_fu_556">Cipher_Pipeline_VITIS_LOOP_96_1, 6, 6, 60.000 ns, 60.000 ns, 5, 5, loop auto-rewind stp (delay=0 clock cycles(s))</column>
<column name="grp_Cipher_Pipeline_VITIS_LOOP_110_11_fu_564">Cipher_Pipeline_VITIS_LOOP_110_11, 6, 6, 60.000 ns, 60.000 ns, 5, 5, loop auto-rewind stp (delay=0 clock cycles(s))</column>
<column name="grp_Cipher_Pipeline_VITIS_LOOP_110_14_fu_575">Cipher_Pipeline_VITIS_LOOP_110_14, 6, 6, 60.000 ns, 60.000 ns, 5, 5, loop auto-rewind stp (delay=0 clock cycles(s))</column>
<column name="grp_Cipher_Pipeline_VITIS_LOOP_85_23_fu_585">Cipher_Pipeline_VITIS_LOOP_85_23, 3, 5, 30.000 ns, 50.000 ns, 2, 4, loop auto-rewind stp (delay=0 clock cycles(s))</column>
<column name="grp_Cipher_Pipeline_VITIS_LOOP_165_3_fu_598">Cipher_Pipeline_VITIS_LOOP_165_3, 19, 19, 0.190 us, 0.190 us, 17, 17, loop auto-rewind stp (delay=0 clock cycles(s))</column>
</table>
</item>
<item name = "Loop"><table name="" hasTotal="0">
<keys size="8">Loop Name, min, max, Latency, achieved, target, Count, Pipelined</keys>
<column name="- VITIS_LOOP_154_2">594, 648, 66 ~ 72, -, -, 9, no</column>
<column name=" + VITIS_LOOP_84_1">24, 30, 8 ~ 10, -, -, 3, no</column>
<column name="- VITIS_LOOP_84_1">27, 33, 9 ~ 11, -, -, 3, no</column>
</table>
</item>
</section>
</item>
</section>
</item>
</section>
</profile>
