<stg><name>Cipher_Pipeline_VITIS_LOOP_85_2</name>


<trans_list>

<trans id="43" from="1" to="2">
<condition id="-1">
<or_exp><and_exp></and_exp></or_exp>
</condition>
</trans>
</trans_list>



<state_list>

<state id="1" st_id="1">

<operation id="4" st_id="1" stage="1" lat="1">
<core>NULL</core>
<MemPortIdVec></MemPortIdVec>
<condition id="-1">
<or_exp><and_exp></and_exp></or_exp>
</condition>

<Node id="10" bw="8" op_0_bw="32">
<![CDATA[
newFuncRoot:0 %p_0_0_012_i = alloca i32 1

]]></Node>
<StgValue><ssdm name="p_0_0_012_i"/></StgValue>
</operation>

<operation id="5" st_id="1" stage="1" lat="1">
<core>NULL</core>
<MemPortIdVec></MemPortIdVec>
<condition id="-1">
<or_exp><and_exp></and_exp></or_exp>
</condition>

<Node id="11" bw="2" op_0_bw="32">
<![CDATA[
newFuncRoot:1 %shift_1 = alloca i32 1

]]></Node>
<StgValue><ssdm name="shift_1"/></StgValue>
</operation>

<operation id="6" st_id="1" stage="1" lat="1">
<core>NULL</core>
<MemPortIdVec></MemPortIdVec>
<condition id="-1">
<or_exp><and_exp></and_exp></or_exp>
</condition>

<Node id="12" bw="8" op_0_bw="32">
<![CDATA[
newFuncRoot:2 %p_0_0_01113_i = alloca i32 1

]]></Node>
<StgValue><ssdm name="p_0_0_01113_i"/></StgValue>
</operation>

<operation id="7" st_id="1" stage="1" lat="1">
<core>NULL</core>
<MemPortIdVec></MemPortIdVec>
<condition id="-1">
<or_exp><and_exp></and_exp></or_exp>
</condition>

<Node id="13" bw="8" op_0_bw="32">
<![CDATA[
newFuncRoot:3 %p_0_0_01014_i = alloca i32 1

]]></Node>
<StgValue><ssdm name="p_0_0_01014_i"/></StgValue>
</operation>

<operation id="8" st_id="1" stage="1" lat="1">
<core>NULL</core>
<MemPortIdVec></MemPortIdVec>
<condition id="-1">
<or_exp><and_exp></and_exp></or_exp>
</condition>

<Node id="14" bw="8" op_0_bw="32">
<![CDATA[
newFuncRoot:4 %p_0_0_0915_i = alloca i32 1

]]></Node>
<StgValue><ssdm name="p_0_0_0915_i"/></StgValue>
</operation>

<operation id="9" st_id="1" stage="1" lat="1">
<core>NULL</core>
<MemPortIdVec></MemPortIdVec>
<condition id="-1">
<or_exp><and_exp></and_exp></or_exp>
</condition>

<Node id="15" bw="2" op_0_bw="2" op_1_bw="2">
<![CDATA[
newFuncRoot:5 %r_3_read = read i2 @_ssdm_op_Read.ap_auto.i2, i2 %r_3

]]></Node>
<StgValue><ssdm name="r_3_read"/></StgValue>
</operation>

<operation id="10" st_id="1" stage="1" lat="1">
<core>NULL</core>
<MemPortIdVec></MemPortIdVec>
<condition id="-1">
<or_exp><and_exp></and_exp></or_exp>
</condition>

<Node id="16" bw="8" op_0_bw="8" op_1_bw="8">
<![CDATA[
newFuncRoot:6 %tmp_5_read = read i8 @_ssdm_op_Read.ap_auto.i8, i8 %tmp_5

]]></Node>
<StgValue><ssdm name="tmp_5_read"/></StgValue>
</operation>

<operation id="11" st_id="1" stage="1" lat="1">
<core>NULL</core>
<MemPortIdVec></MemPortIdVec>
<condition id="-1">
<or_exp><and_exp></and_exp></or_exp>
</condition>

<Node id="17" bw="8" op_0_bw="8" op_1_bw="8">
<![CDATA[
newFuncRoot:7 %tmp_6_read = read i8 @_ssdm_op_Read.ap_auto.i8, i8 %tmp_6

]]></Node>
<StgValue><ssdm name="tmp_6_read"/></StgValue>
</operation>

<operation id="12" st_id="1" stage="1" lat="1">
<core>NULL</core>
<MemPortIdVec></MemPortIdVec>
<condition id="-1">
<or_exp><and_exp></and_exp></or_exp>
</condition>

<Node id="18" bw="8" op_0_bw="8" op_1_bw="8">
<![CDATA[
newFuncRoot:8 %tmp_7_read = read i8 @_ssdm_op_Read.ap_auto.i8, i8 %tmp_7

]]></Node>
<StgValue><ssdm name="tmp_7_read"/></StgValue>
</operation>

<operation id="13" st_id="1" stage="1" lat="1">
<core>NULL</core>
<MemPortIdVec></MemPortIdVec>
<condition id="-1">
<or_exp><and_exp></and_exp></or_exp>
</condition>

<Node id="19" bw="8" op_0_bw="8" op_1_bw="8">
<![CDATA[
newFuncRoot:9 %tmp_8_read = read i8 @_ssdm_op_Read.ap_auto.i8, i8 %tmp_8

]]></Node>
<StgValue><ssdm name="tmp_8_read"/></StgValue>
</operation>

<operation id="14" st_id="1" stage="1" lat="1">
<core>NULL</core>
<MemPortIdVec></MemPortIdVec>
<condition id="-1">
<or_exp><and_exp></and_exp></or_exp>
</condition>

<Node id="20" bw="0" op_0_bw="8" op_1_bw="8">
<![CDATA[
newFuncRoot:10 %store_ln0 = store i8 %tmp_8_read, i8 %p_0_0_0915_i

]]></Node>
<StgValue><ssdm name="store_ln0"/></StgValue>
</operation>

<operation id="15" st_id="1" stage="1" lat="1">
<core>NULL</core>
<MemPortIdVec></MemPortIdVec>
<condition id="-1">
<or_exp><and_exp></and_exp></or_exp>
</condition>

<Node id="21" bw="0" op_0_bw="8" op_1_bw="8">
<![CDATA[
newFuncRoot:11 %store_ln0 = store i8 %tmp_7_read, i8 %p_0_0_01014_i

]]></Node>
<StgValue><ssdm name="store_ln0"/></StgValue>
</operation>

<operation id="16" st_id="1" stage="1" lat="1">
<core>NULL</core>
<MemPortIdVec></MemPortIdVec>
<condition id="-1">
<or_exp><and_exp></and_exp></or_exp>
</condition>

<Node id="22" bw="0" op_0_bw="8" op_1_bw="8">
<![CDATA[
newFuncRoot:12 %store_ln0 = store i8 %tmp_6_read, i8 %p_0_0_01113_i

]]></Node>
<StgValue><ssdm name="store_ln0"/></StgValue>
</operation>

<operation id="17" st_id="1" stage="1" lat="1">
<core>NULL</core>
<MemPortIdVec></MemPortIdVec>
<condition id="-1">
<or_exp><and_exp></and_exp></or_exp>
</condition>

<Node id="23" bw="0" op_0_bw="2" op_1_bw="2">
<![CDATA[
newFuncRoot:13 %store_ln0 = store i2 0, i2 %shift_1

]]></Node>
<StgValue><ssdm name="store_ln0"/></StgValue>
</operation>

<operation id="18" st_id="1" stage="1" lat="1">
<core>NULL</core>
<MemPortIdVec></MemPortIdVec>
<condition id="-1">
<or_exp><and_exp></and_exp></or_exp>
</condition>

<Node id="24" bw="0" op_0_bw="8" op_1_bw="8">
<![CDATA[
newFuncRoot:14 %store_ln0 = store i8 %tmp_5_read, i8 %p_0_0_012_i

]]></Node>
<StgValue><ssdm name="store_ln0"/></StgValue>
</operation>

<operation id="19" st_id="1" stage="1" lat="1">
<core>NULL</core>
<MemPortIdVec></MemPortIdVec>
<condition id="-1">
<or_exp><and_exp></and_exp></or_exp>
</condition>

<Node id="25" bw="0" op_0_bw="0">
<![CDATA[
newFuncRoot:15 %br_ln0 = br void %for.inc.i17

]]></Node>
<StgValue><ssdm name="br_ln0"/></StgValue>
</operation>
</state>

<state id="2" st_id="2">

<operation id="20" st_id="2" stage="1" lat="1">
<core>NULL</core>
<MemPortIdVec></MemPortIdVec>
<condition id="-1">
<or_exp><and_exp></and_exp></or_exp>
</condition>

<Node id="27" bw="2" op_0_bw="2" op_1_bw="0">
<![CDATA[
for.inc.i17:0 %shift_1_load = load i2 %shift_1

]]></Node>
<StgValue><ssdm name="shift_1_load"/></StgValue>
</operation>

<operation id="21" st_id="2" stage="1" lat="1">
<core>NULL</core>
<MemPortIdVec></MemPortIdVec>
<condition id="-1">
<or_exp><and_exp></and_exp></or_exp>
</condition>

<Node id="28" bw="8" op_0_bw="8" op_1_bw="0">
<![CDATA[
for.inc.i17:1 %p_0_0_01113_i_load = load i8 %p_0_0_01113_i

]]></Node>
<StgValue><ssdm name="p_0_0_01113_i_load"/></StgValue>
</operation>

<operation id="22" st_id="2" stage="1" lat="1">
<core>NULL</core>
<MemPortIdVec></MemPortIdVec>
<condition id="-1">
<or_exp><and_exp></and_exp></or_exp>
</condition>

<Node id="29" bw="8" op_0_bw="8" op_1_bw="0">
<![CDATA[
for.inc.i17:2 %p_0_0_01014_i_load = load i8 %p_0_0_01014_i

]]></Node>
<StgValue><ssdm name="p_0_0_01014_i_load"/></StgValue>
</operation>

<operation id="23" st_id="2" stage="1" lat="1">
<core>NULL</core>
<MemPortIdVec></MemPortIdVec>
<condition id="-1">
<or_exp><and_exp></and_exp></or_exp>
</condition>

<Node id="30" bw="8" op_0_bw="8" op_1_bw="0">
<![CDATA[
for.inc.i17:3 %p_0_0_0915_i_load = load i8 %p_0_0_0915_i

]]></Node>
<StgValue><ssdm name="p_0_0_0915_i_load"/></StgValue>
</operation>

<operation id="24" st_id="2" stage="1" lat="1">
<core>Cmp</core>
<MemPortIdVec></MemPortIdVec>
<condition id="-1">
<or_exp><and_exp></and_exp></or_exp>
</condition>

<Node id="31" bw="1" op_0_bw="2" op_1_bw="2">
<![CDATA[
for.inc.i17:4 %icmp_ln85 = icmp_eq  i2 %shift_1_load, i2 %r_3_read

]]></Node>
<StgValue><ssdm name="icmp_ln85"/></StgValue>
</operation>

<operation id="25" st_id="2" stage="1" lat="1">
<core>Adder</core>
<MemPortIdVec></MemPortIdVec>
<condition id="-1">
<or_exp><and_exp></and_exp></or_exp>
</condition>

<Node id="32" bw="2" op_0_bw="2" op_1_bw="2">
<![CDATA[
for.inc.i17:5 %add_ln85 = add i2 %shift_1_load, i2 1

]]></Node>
<StgValue><ssdm name="add_ln85"/></StgValue>
</operation>

<operation id="26" st_id="2" stage="1" lat="1">
<core>NULL</core>
<MemPortIdVec></MemPortIdVec>
<condition id="-1">
<or_exp><and_exp></and_exp></or_exp>
</condition>

<Node id="33" bw="0" op_0_bw="1" op_1_bw="0" op_2_bw="0">
<![CDATA[
for.inc.i17:6 %br_ln85 = br i1 %icmp_ln85, void %for.inc.i17.split, void %for.inc27.i.exitStub

]]></Node>
<StgValue><ssdm name="br_ln85"/></StgValue>
</operation>

<operation id="27" st_id="2" stage="1" lat="1">
<core>NULL</core>
<MemPortIdVec></MemPortIdVec>
<condition id="-1">
<or_exp><and_exp><literal name="icmp_ln85" val="0"/>
</and_exp></or_exp>
</condition>

<Node id="35" bw="8" op_0_bw="8" op_1_bw="0">
<![CDATA[
for.inc.i17.split:0 %p_0_0_012_i_load = load i8 %p_0_0_012_i

]]></Node>
<StgValue><ssdm name="p_0_0_012_i_load"/></StgValue>
</operation>

<operation id="28" st_id="2" stage="1" lat="1">
<core>NULL</core>
<MemPortIdVec></MemPortIdVec>
<condition id="-1">
<or_exp><and_exp><literal name="icmp_ln85" val="0"/>
</and_exp></or_exp>
</condition>

<Node id="36" bw="0" op_0_bw="0" op_1_bw="32" op_2_bw="32" op_3_bw="32" op_4_bw="32" op_5_bw="0">
<![CDATA[
for.inc.i17.split:1 %specpipeline_ln85 = specpipeline void @_ssdm_op_SpecPipeline, i32 4294967295, i32 0, i32 0, i32 0, void @empty_0

]]></Node>
<StgValue><ssdm name="specpipeline_ln85"/></StgValue>
</operation>

<operation id="29" st_id="2" stage="1" lat="1">
<core>NULL</core>
<MemPortIdVec></MemPortIdVec>
<condition id="-1">
<or_exp><and_exp><literal name="icmp_ln85" val="0"/>
</and_exp></or_exp>
</condition>

<Node id="37" bw="0" op_0_bw="0" op_1_bw="64" op_2_bw="64" op_3_bw="64">
<![CDATA[
for.inc.i17.split:2 %speclooptripcount_ln85 = speclooptripcount void @_ssdm_op_SpecLoopTripCount, i64 1, i64 3, i64 2

]]></Node>
<StgValue><ssdm name="speclooptripcount_ln85"/></StgValue>
</operation>

<operation id="30" st_id="2" stage="1" lat="1">
<core>NULL</core>
<MemPortIdVec></MemPortIdVec>
<condition id="-1">
<or_exp><and_exp><literal name="icmp_ln85" val="0"/>
</and_exp></or_exp>
</condition>

<Node id="38" bw="0" op_0_bw="0" op_1_bw="0">
<![CDATA[
for.inc.i17.split:3 %specloopname_ln85 = specloopname void @_ssdm_op_SpecLoopName, void @empty_9

]]></Node>
<StgValue><ssdm name="specloopname_ln85"/></StgValue>
</operation>

<operation id="31" st_id="2" stage="1" lat="1">
<core>NULL</core>
<MemPortIdVec></MemPortIdVec>
<condition id="-1">
<or_exp><and_exp><literal name="icmp_ln85" val="0"/>
</and_exp></or_exp>
</condition>

<Node id="39" bw="0" op_0_bw="8" op_1_bw="8" op_2_bw="0" op_3_bw="0">
<![CDATA[
for.inc.i17.split:4 %store_ln0 = store i8 %p_0_0_012_i_load, i8 %p_0_0_0915_i

]]></Node>
<StgValue><ssdm name="store_ln0"/></StgValue>
</operation>

<operation id="32" st_id="2" stage="1" lat="1">
<core>NULL</core>
<MemPortIdVec></MemPortIdVec>
<condition id="-1">
<or_exp><and_exp><literal name="icmp_ln85" val="0"/>
</and_exp></or_exp>
</condition>

<Node id="40" bw="0" op_0_bw="8" op_1_bw="8" op_2_bw="0" op_3_bw="0">
<![CDATA[
for.inc.i17.split:5 %store_ln0 = store i8 %p_0_0_0915_i_load, i8 %p_0_0_01014_i

]]></Node>
<StgValue><ssdm name="store_ln0"/></StgValue>
</operation>

<operation id="33" st_id="2" stage="1" lat="1">
<core>NULL</core>
<MemPortIdVec></MemPortIdVec>
<condition id="-1">
<or_exp><and_exp><literal name="icmp_ln85" val="0"/>
</and_exp></or_exp>
</condition>

<Node id="41" bw="0" op_0_bw="8" op_1_bw="8" op_2_bw="0" op_3_bw="0">
<![CDATA[
for.inc.i17.split:6 %store_ln0 = store i8 %p_0_0_01014_i_load, i8 %p_0_0_01113_i

]]></Node>
<StgValue><ssdm name="store_ln0"/></StgValue>
</operation>

<operation id="34" st_id="2" stage="1" lat="1">
<core>NULL</core>
<MemPortIdVec></MemPortIdVec>
<condition id="-1">
<or_exp><and_exp><literal name="icmp_ln85" val="0"/>
</and_exp></or_exp>
</condition>

<Node id="42" bw="0" op_0_bw="2" op_1_bw="2" op_2_bw="0" op_3_bw="0">
<![CDATA[
for.inc.i17.split:7 %store_ln85 = store i2 %add_ln85, i2 %shift_1

]]></Node>
<StgValue><ssdm name="store_ln85"/></StgValue>
</operation>

<operation id="35" st_id="2" stage="1" lat="1">
<core>NULL</core>
<MemPortIdVec></MemPortIdVec>
<condition id="-1">
<or_exp><and_exp><literal name="icmp_ln85" val="0"/>
</and_exp></or_exp>
</condition>

<Node id="43" bw="0" op_0_bw="8" op_1_bw="8" op_2_bw="0" op_3_bw="0">
<![CDATA[
for.inc.i17.split:8 %store_ln0 = store i8 %p_0_0_01113_i_load, i8 %p_0_0_012_i

]]></Node>
<StgValue><ssdm name="store_ln0"/></StgValue>
</operation>

<operation id="36" st_id="2" stage="1" lat="1">
<core>NULL</core>
<MemPortIdVec></MemPortIdVec>
<condition id="-1">
<or_exp><and_exp><literal name="icmp_ln85" val="0"/>
</and_exp></or_exp>
</condition>

<Node id="44" bw="0" op_0_bw="0">
<![CDATA[
for.inc.i17.split:9 %br_ln85 = br void %for.inc.i17

]]></Node>
<StgValue><ssdm name="br_ln85"/></StgValue>
</operation>

<operation id="37" st_id="2" stage="1" lat="1">
<core>NULL</core>
<MemPortIdVec></MemPortIdVec>
<condition id="-1">
<or_exp><and_exp><literal name="icmp_ln85" val="1"/>
</and_exp></or_exp>
</condition>

<Node id="46" bw="8" op_0_bw="8" op_1_bw="0">
<![CDATA[
for.inc27.i.exitStub:0 %p_0_0_012_i_load_1 = load i8 %p_0_0_012_i

]]></Node>
<StgValue><ssdm name="p_0_0_012_i_load_1"/></StgValue>
</operation>

<operation id="38" st_id="2" stage="1" lat="1">
<core>NULL</core>
<MemPortIdVec></MemPortIdVec>
<condition id="-1">
<or_exp><and_exp><literal name="icmp_ln85" val="1"/>
</and_exp></or_exp>
</condition>

<Node id="47" bw="0" op_0_bw="0" op_1_bw="8" op_2_bw="8">
<![CDATA[
for.inc27.i.exitStub:1 %write_ln0 = write void @_ssdm_op_Write.ap_auto.i8P0A, i8 %p_0_0_0915_i_out, i8 %p_0_0_0915_i_load

]]></Node>
<StgValue><ssdm name="write_ln0"/></StgValue>
</operation>

<operation id="39" st_id="2" stage="1" lat="1">
<core>NULL</core>
<MemPortIdVec></MemPortIdVec>
<condition id="-1">
<or_exp><and_exp><literal name="icmp_ln85" val="1"/>
</and_exp></or_exp>
</condition>

<Node id="48" bw="0" op_0_bw="0" op_1_bw="8" op_2_bw="8">
<![CDATA[
for.inc27.i.exitStub:2 %write_ln0 = write void @_ssdm_op_Write.ap_auto.i8P0A, i8 %p_0_0_01014_i_out, i8 %p_0_0_01014_i_load

]]></Node>
<StgValue><ssdm name="write_ln0"/></StgValue>
</operation>

<operation id="40" st_id="2" stage="1" lat="1">
<core>NULL</core>
<MemPortIdVec></MemPortIdVec>
<condition id="-1">
<or_exp><and_exp><literal name="icmp_ln85" val="1"/>
</and_exp></or_exp>
</condition>

<Node id="49" bw="0" op_0_bw="0" op_1_bw="8" op_2_bw="8">
<![CDATA[
for.inc27.i.exitStub:3 %write_ln0 = write void @_ssdm_op_Write.ap_auto.i8P0A, i8 %p_0_0_01113_i_out, i8 %p_0_0_01113_i_load

]]></Node>
<StgValue><ssdm name="write_ln0"/></StgValue>
</operation>

<operation id="41" st_id="2" stage="1" lat="1">
<core>NULL</core>
<MemPortIdVec></MemPortIdVec>
<condition id="-1">
<or_exp><and_exp><literal name="icmp_ln85" val="1"/>
</and_exp></or_exp>
</condition>

<Node id="50" bw="0" op_0_bw="0" op_1_bw="8" op_2_bw="8">
<![CDATA[
for.inc27.i.exitStub:4 %write_ln0 = write void @_ssdm_op_Write.ap_auto.i8P0A, i8 %p_0_0_012_i_out, i8 %p_0_0_012_i_load_1

]]></Node>
<StgValue><ssdm name="write_ln0"/></StgValue>
</operation>

<operation id="42" st_id="2" stage="1" lat="1">
<core>NULL</core>
<MemPortIdVec></MemPortIdVec>
<condition id="-1">
<or_exp><and_exp><literal name="icmp_ln85" val="1"/>
</and_exp></or_exp>
</condition>

<Node id="51" bw="0">
<![CDATA[
for.inc27.i.exitStub:5 %ret_ln0 = ret

]]></Node>
<StgValue><ssdm name="ret_ln0"/></StgValue>
</operation>
</state>
</state_list>


<ports>
</ports>


<dataflows>
</dataflows>


</stg>
