<profile>

<section name = "Vitis HLS Report for 'Cipher_Pipeline_VITIS_LOOP_110_14'" level="0">
<item name = "Date">Mon Jul 21 15:22:50 2025
</item>
<item name = "Version">2025.1 (Build 6135595 on May 21 2025)</item>
<item name = "Project">aes_core</item>
<item name = "Solution">hls (Vivado IP Flow Target)</item>
<item name = "Product family">zynquplus</item>
<item name = "Target device">xck26-sfvc784-2LV-c</item>
</section>

<section name = "Performance Estimates" level="0">
<item name = "Timing">
<section name = "" level="1">
<item name = "Summary"><table name="" hasTotal="0">
<keys size="4">Clock, Target, Estimated, Uncertainty</keys>
<column name="ap_clk">10.00 ns, 2.249 ns, 2.70 ns</column>
</table>
</item>
</section>
</item>
<item name = "Latency">
<section name = "" level="1">
<item name = "Summary"><table name="" hasTotal="0">
<keys size="8">, min, max, min, max, min, max, Type</keys>
<column name="">6, 6, 60.000 ns, 60.000 ns, 5, 5, loop auto-rewind stp (delay=0 clock cycles(s))</column>
</table>
</item>
<item name = "Detail">
<section name = "" level="1">
<item name = "Instance"><table name="" hasTotal="0">
<keys size="9">Instance, Module, min, max, min, max, min, max, Type</keys>
</table>
</item>
<item name = "Loop"><table name="" hasTotal="0">
<keys size="8">Loop Name, min, max, Latency, achieved, target, Count, Pipelined</keys>
<column name="- VITIS_LOOP_110_1">4, 4, 2, 1, 1, 4, yes</column>
</table>
</item>
</section>
</item>
</section>
</item>
</section>

<section name = "Utilization Estimates" level="0">
<item name = "Summary"><table name="" hasTotal="1">
<keys size="6">Name, BRAM_18K, DSP, FF, LUT, URAM</keys>
<column name="DSP">-, -, -, -, -</column>
<column name="Expression">-, -, 0, 56, -</column>
<column name="FIFO">-, -, -, -, -</column>
<column name="Instance">-, -, -, -, -</column>
<column name="Memory">-, -, -, -, -</column>
<column name="Multiplexer">-, -, 0, 36, -</column>
<column name="Register">-, -, 14, -, -</column>
<specialColumn name="Available">288, 1248, 234240, 117120, 64</specialColumn>
<specialColumn name="Utilization (%)">0, 0, ~0, ~0, 0</specialColumn>
</table>
</item>
<item name = "Detail">
<section name = "" level="1">
<item name = "Instance"><table name="" hasTotal="1">
<keys size="7">Instance, Module, BRAM_18K, DSP, FF, LUT, URAM</keys>
</table>
</item>
<item name = "DSP"><table name="" hasTotal="0">
<keys size="3">Instance, Module, Expression</keys>
</table>
</item>
<item name = "Memory"><table name="" hasTotal="1">
<keys size="10">Memory, Module, BRAM_18K, FF, LUT, URAM, Words, Bits, Banks, W*Bits*Banks</keys>
</table>
</item>
<item name = "FIFO"><table name="" hasTotal="1">
<keys size="8">Name, BRAM_18K, FF, LUT, URAM, Depth, Bits, Size:D*B</keys>
</table>
</item>
<item name = "Expression"><table name="" hasTotal="1">
<keys size="7">Variable Name, Operation, DSP, FF, LUT, Bitwidth P0, Bitwidth P1</keys>
<column name="add_ln110_fu_165_p2">+, 0, 0, 10, 3, 1</column>
<column name="icmp_ln110_fu_159_p2">icmp, 0, 0, 12, 3, 4</column>
<column name="ap_enable_pp0">xor, 0, 0, 2, 1, 2</column>
<column name="xor_ln113_1_fu_238_p2">xor, 0, 0, 8, 8, 8</column>
<column name="xor_ln113_2_fu_245_p2">xor, 0, 0, 8, 8, 8</column>
<column name="xor_ln113_3_fu_252_p2">xor, 0, 0, 8, 8, 8</column>
<column name="xor_ln113_fu_207_p2">xor, 0, 0, 8, 8, 8</column>
</table>
</item>
<item name = "Multiplexer"><table name="" hasTotal="1">
<keys size="5">Name, LUT, Input Size, Bits, Total Bits</keys>
<column name="ap_done_int">9, 2, 1, 2</column>
<column name="ap_enable_reg_pp0_iter1">9, 2, 1, 2</column>
<column name="ap_sig_allocacmp_j_1">9, 2, 3, 6</column>
<column name="j_fu_66">9, 2, 3, 6</column>
</table>
</item>
<item name = "Register"><table name="" hasTotal="1">
<keys size="5">Name, FF, LUT, Bits, Const Bits</keys>
<column name="ap_CS_fsm">1, 0, 1, 0</column>
<column name="ap_done_reg">1, 0, 1, 0</column>
<column name="ap_enable_reg_pp0_iter1">1, 0, 1, 0</column>
<column name="j_fu_66">3, 0, 3, 0</column>
<column name="state_1_addr_reg_280">2, 0, 2, 0</column>
<column name="state_2_addr_reg_286">2, 0, 2, 0</column>
<column name="state_3_addr_reg_292">2, 0, 2, 0</column>
<column name="state_addr_reg_274">2, 0, 2, 0</column>
</table>
</item>
</section>
</item>
</section>

<section name = "Interface" level="0">
<item name = "Summary"><table name="" hasTotal="0">
<keys size="6">RTL Ports, Dir, Bits, Protocol, Source Object, C Type</keys>
<column name="ap_clk">in, 1, ap_ctrl_hs, Cipher_Pipeline_VITIS_LOOP_110_14, return value</column>
<column name="ap_rst">in, 1, ap_ctrl_hs, Cipher_Pipeline_VITIS_LOOP_110_14, return value</column>
<column name="ap_start">in, 1, ap_ctrl_hs, Cipher_Pipeline_VITIS_LOOP_110_14, return value</column>
<column name="ap_done">out, 1, ap_ctrl_hs, Cipher_Pipeline_VITIS_LOOP_110_14, return value</column>
<column name="ap_idle">out, 1, ap_ctrl_hs, Cipher_Pipeline_VITIS_LOOP_110_14, return value</column>
<column name="ap_ready">out, 1, ap_ctrl_hs, Cipher_Pipeline_VITIS_LOOP_110_14, return value</column>
<column name="state_3_address0">out, 2, ap_memory, state_3, array</column>
<column name="state_3_ce0">out, 1, ap_memory, state_3, array</column>
<column name="state_3_we0">out, 1, ap_memory, state_3, array</column>
<column name="state_3_d0">out, 8, ap_memory, state_3, array</column>
<column name="state_3_address1">out, 2, ap_memory, state_3, array</column>
<column name="state_3_ce1">out, 1, ap_memory, state_3, array</column>
<column name="state_3_q1">in, 8, ap_memory, state_3, array</column>
<column name="state_2_address0">out, 2, ap_memory, state_2, array</column>
<column name="state_2_ce0">out, 1, ap_memory, state_2, array</column>
<column name="state_2_we0">out, 1, ap_memory, state_2, array</column>
<column name="state_2_d0">out, 8, ap_memory, state_2, array</column>
<column name="state_2_address1">out, 2, ap_memory, state_2, array</column>
<column name="state_2_ce1">out, 1, ap_memory, state_2, array</column>
<column name="state_2_q1">in, 8, ap_memory, state_2, array</column>
<column name="state_1_address0">out, 2, ap_memory, state_1, array</column>
<column name="state_1_ce0">out, 1, ap_memory, state_1, array</column>
<column name="state_1_we0">out, 1, ap_memory, state_1, array</column>
<column name="state_1_d0">out, 8, ap_memory, state_1, array</column>
<column name="state_1_address1">out, 2, ap_memory, state_1, array</column>
<column name="state_1_ce1">out, 1, ap_memory, state_1, array</column>
<column name="state_1_q1">in, 8, ap_memory, state_1, array</column>
<column name="state_address0">out, 2, ap_memory, state, array</column>
<column name="state_ce0">out, 1, ap_memory, state, array</column>
<column name="state_we0">out, 1, ap_memory, state, array</column>
<column name="state_d0">out, 8, ap_memory, state, array</column>
<column name="state_address1">out, 2, ap_memory, state, array</column>
<column name="state_ce1">out, 1, ap_memory, state, array</column>
<column name="state_q1">in, 8, ap_memory, state, array</column>
<column name="w_address0">out, 6, ap_memory, w, array</column>
<column name="w_ce0">out, 1, ap_memory, w, array</column>
<column name="w_q0">in, 32, ap_memory, w, array</column>
</table>
</item>
</section>
</profile>
