<stg><name>Cipher_Pipeline_VITIS_LOOP_110_1</name>


<trans_list>

<trans id="56" from="1" to="2">
<condition id="-1">
<or_exp><and_exp></and_exp></or_exp>
</condition>
</trans>
</trans_list>



<state_list>

<state id="1" st_id="2">

<operation id="5" st_id="1" stage="1" lat="1">
<core>NULL</core>
<MemPortIdVec></MemPortIdVec>
<condition id="-1">
<or_exp><and_exp></and_exp></or_exp>
</condition>

<Node id="6" bw="3" op_0_bw="32">
<![CDATA[
newFuncRoot:0 %j = alloca i32 1

]]></Node>
<StgValue><ssdm name="j"/></StgValue>
</operation>

<operation id="6" st_id="1" stage="1" lat="1">
<core>NULL</core>
<MemPortIdVec></MemPortIdVec>
<condition id="-1">
<or_exp><and_exp></and_exp></or_exp>
</condition>

<Node id="7" bw="0" op_0_bw="0" op_1_bw="32" op_2_bw="64" op_3_bw="64" op_4_bw="64">
<![CDATA[
newFuncRoot:1 %specmemcore_ln0 = specmemcore void @_ssdm_op_SpecMemCore, i32 %w, i64 666, i64 207, i64 1

]]></Node>
<StgValue><ssdm name="specmemcore_ln0"/></StgValue>
</operation>

<operation id="7" st_id="1" stage="1" lat="1">
<core>NULL</core>
<MemPortIdVec></MemPortIdVec>
<condition id="-1">
<or_exp><and_exp></and_exp></or_exp>
</condition>

<Node id="8" bw="0" op_0_bw="0" op_1_bw="32" op_2_bw="0" op_3_bw="32" op_4_bw="32" op_5_bw="0" op_6_bw="32" op_7_bw="32" op_8_bw="0" op_9_bw="0" op_10_bw="0" op_11_bw="32" op_12_bw="32" op_13_bw="32" op_14_bw="32" op_15_bw="0" op_16_bw="0" op_17_bw="32" op_18_bw="32" op_19_bw="32">
<![CDATA[
newFuncRoot:2 %specinterface_ln0 = specinterface void @_ssdm_op_SpecInterface, i32 %w, void @empty_3, i32 0, i32 0, void @empty_0, i32 1, i32 0, void @empty_0, void @empty_0, void @empty_0, i32 0, i32 0, i32 0, i32 0, void @empty_0, void @empty_0, i32 4294967295, i32 0, i32 0

]]></Node>
<StgValue><ssdm name="specinterface_ln0"/></StgValue>
</operation>

<operation id="8" st_id="1" stage="1" lat="1">
<core>NULL</core>
<MemPortIdVec></MemPortIdVec>
<condition id="-1">
<or_exp><and_exp></and_exp></or_exp>
</condition>

<Node id="9" bw="0" op_0_bw="3" op_1_bw="3">
<![CDATA[
newFuncRoot:3 %store_ln110 = store i3 0, i3 %j

]]></Node>
<StgValue><ssdm name="store_ln110"/></StgValue>
</operation>

<operation id="9" st_id="1" stage="1" lat="1">
<core>NULL</core>
<MemPortIdVec></MemPortIdVec>
<condition id="-1">
<or_exp><and_exp></and_exp></or_exp>
</condition>

<Node id="10" bw="0" op_0_bw="0">
<![CDATA[
newFuncRoot:4 %br_ln0 = br void %VITIS_LOOP_111_2.i

]]></Node>
<StgValue><ssdm name="br_ln0"/></StgValue>
</operation>

<operation id="10" st_id="1" stage="1" lat="1">
<core>NULL</core>
<MemPortIdVec></MemPortIdVec>
<condition id="-1">
<or_exp><and_exp></and_exp></or_exp>
</condition>

<Node id="12" bw="3" op_0_bw="3" op_1_bw="0">
<![CDATA[
VITIS_LOOP_111_2.i:0 %j_3 = load i3 %j

]]></Node>
<StgValue><ssdm name="j_3"/></StgValue>
</operation>

<operation id="11" st_id="1" stage="1" lat="1">
<core>Cmp</core>
<MemPortIdVec></MemPortIdVec>
<condition id="-1">
<or_exp><and_exp></and_exp></or_exp>
</condition>

<Node id="13" bw="1" op_0_bw="3" op_1_bw="3">
<![CDATA[
VITIS_LOOP_111_2.i:1 %icmp_ln110 = icmp_eq  i3 %j_3, i3 4

]]></Node>
<StgValue><ssdm name="icmp_ln110"/></StgValue>
</operation>

<operation id="12" st_id="1" stage="1" lat="1">
<core>Adder</core>
<MemPortIdVec></MemPortIdVec>
<condition id="-1">
<or_exp><and_exp></and_exp></or_exp>
</condition>

<Node id="14" bw="3" op_0_bw="3" op_1_bw="3">
<![CDATA[
VITIS_LOOP_111_2.i:2 %add_ln110 = add i3 %j_3, i3 1

]]></Node>
<StgValue><ssdm name="add_ln110"/></StgValue>
</operation>

<operation id="13" st_id="1" stage="1" lat="1">
<core>NULL</core>
<MemPortIdVec></MemPortIdVec>
<condition id="-1">
<or_exp><and_exp></and_exp></or_exp>
</condition>

<Node id="15" bw="0" op_0_bw="1" op_1_bw="0" op_2_bw="0">
<![CDATA[
VITIS_LOOP_111_2.i:3 %br_ln110 = br i1 %icmp_ln110, void %VITIS_LOOP_111_2.i.split, void %_Z11AddRoundKeyPA4_7ap_uintILi8EEPKS_ILi32EE.exit.exitStub

]]></Node>
<StgValue><ssdm name="br_ln110"/></StgValue>
</operation>

<operation id="14" st_id="1" stage="1" lat="1">
<core>NULL</core>
<MemPortIdVec></MemPortIdVec>
<condition id="-1">
<or_exp><and_exp><literal name="icmp_ln110" val="0"/>
</and_exp></or_exp>
</condition>

<Node id="17" bw="64" op_0_bw="3">
<![CDATA[
VITIS_LOOP_111_2.i.split:0 %zext_ln110 = zext i3 %j_3

]]></Node>
<StgValue><ssdm name="zext_ln110"/></StgValue>
</operation>

<operation id="15" st_id="1" stage="1" lat="1">
<core>NULL</core>
<MemPortIdVec></MemPortIdVec>
<condition id="-1">
<or_exp><and_exp><literal name="icmp_ln110" val="0"/>
</and_exp></or_exp>
</condition>

<Node id="21" bw="6" op_0_bw="32" op_1_bw="64" op_2_bw="64">
<![CDATA[
VITIS_LOOP_111_2.i.split:4 %w_addr = getelementptr i32 %w, i64 0, i64 %zext_ln110

]]></Node>
<StgValue><ssdm name="w_addr"/></StgValue>
</operation>

<operation id="16" st_id="1" stage="2" lat="2">
<core>RAM_1P</core>
<MemPortIdVec></MemPortIdVec>
<condition id="-1">
<or_exp><and_exp><literal name="icmp_ln110" val="0"/>
</and_exp></or_exp>
</condition>

<Node id="22" bw="32" op_0_bw="6">
<![CDATA[
VITIS_LOOP_111_2.i.split:5 %w_load = load i6 %w_addr

]]></Node>
<StgValue><ssdm name="w_load"/></StgValue>
</operation>

<operation id="17" st_id="1" stage="1" lat="1">
<core>NULL</core>
<MemPortIdVec></MemPortIdVec>
<condition id="-1">
<or_exp><and_exp><literal name="icmp_ln110" val="0"/>
</and_exp></or_exp>
</condition>

<Node id="24" bw="2" op_0_bw="8" op_1_bw="64" op_2_bw="64">
<![CDATA[
VITIS_LOOP_111_2.i.split:7 %state_addr = getelementptr i8 %state, i64 0, i64 %zext_ln110

]]></Node>
<StgValue><ssdm name="state_addr"/></StgValue>
</operation>

<operation id="18" st_id="1" stage="2" lat="2">
<core>RAM</core>
<MemPortIdVec></MemPortIdVec>
<condition id="-1">
<or_exp><and_exp><literal name="icmp_ln110" val="0"/>
</and_exp></or_exp>
</condition>

<Node id="25" bw="8" op_0_bw="2">
<![CDATA[
VITIS_LOOP_111_2.i.split:8 %state_load = load i2 %state_addr

]]></Node>
<StgValue><ssdm name="state_load"/></StgValue>
</operation>

<operation id="19" st_id="1" stage="1" lat="1">
<core>NULL</core>
<MemPortIdVec></MemPortIdVec>
<condition id="-1">
<or_exp><and_exp><literal name="icmp_ln110" val="0"/>
</and_exp></or_exp>
</condition>

<Node id="30" bw="2" op_0_bw="8" op_1_bw="64" op_2_bw="64">
<![CDATA[
VITIS_LOOP_111_2.i.split:13 %state_1_addr = getelementptr i8 %state_1, i64 0, i64 %zext_ln110

]]></Node>
<StgValue><ssdm name="state_1_addr"/></StgValue>
</operation>

<operation id="20" st_id="1" stage="2" lat="2">
<core>RAM</core>
<MemPortIdVec></MemPortIdVec>
<condition id="-1">
<or_exp><and_exp><literal name="icmp_ln110" val="0"/>
</and_exp></or_exp>
</condition>

<Node id="31" bw="8" op_0_bw="2">
<![CDATA[
VITIS_LOOP_111_2.i.split:14 %state_1_load = load i2 %state_1_addr

]]></Node>
<StgValue><ssdm name="state_1_load"/></StgValue>
</operation>

<operation id="21" st_id="1" stage="1" lat="1">
<core>NULL</core>
<MemPortIdVec></MemPortIdVec>
<condition id="-1">
<or_exp><and_exp><literal name="icmp_ln110" val="0"/>
</and_exp></or_exp>
</condition>

<Node id="33" bw="2" op_0_bw="8" op_1_bw="64" op_2_bw="64">
<![CDATA[
VITIS_LOOP_111_2.i.split:16 %state_2_addr = getelementptr i8 %state_2, i64 0, i64 %zext_ln110

]]></Node>
<StgValue><ssdm name="state_2_addr"/></StgValue>
</operation>

<operation id="22" st_id="1" stage="2" lat="2">
<core>RAM</core>
<MemPortIdVec></MemPortIdVec>
<condition id="-1">
<or_exp><and_exp><literal name="icmp_ln110" val="0"/>
</and_exp></or_exp>
</condition>

<Node id="34" bw="8" op_0_bw="2">
<![CDATA[
VITIS_LOOP_111_2.i.split:17 %state_2_load = load i2 %state_2_addr

]]></Node>
<StgValue><ssdm name="state_2_load"/></StgValue>
</operation>

<operation id="23" st_id="1" stage="1" lat="1">
<core>NULL</core>
<MemPortIdVec></MemPortIdVec>
<condition id="-1">
<or_exp><and_exp><literal name="icmp_ln110" val="0"/>
</and_exp></or_exp>
</condition>

<Node id="36" bw="2" op_0_bw="8" op_1_bw="64" op_2_bw="64">
<![CDATA[
VITIS_LOOP_111_2.i.split:19 %state_3_addr = getelementptr i8 %state_3, i64 0, i64 %zext_ln110

]]></Node>
<StgValue><ssdm name="state_3_addr"/></StgValue>
</operation>

<operation id="24" st_id="1" stage="2" lat="2">
<core>RAM</core>
<MemPortIdVec></MemPortIdVec>
<condition id="-1">
<or_exp><and_exp><literal name="icmp_ln110" val="0"/>
</and_exp></or_exp>
</condition>

<Node id="37" bw="8" op_0_bw="2">
<![CDATA[
VITIS_LOOP_111_2.i.split:20 %state_3_load = load i2 %state_3_addr

]]></Node>
<StgValue><ssdm name="state_3_load"/></StgValue>
</operation>

<operation id="25" st_id="1" stage="1" lat="1">
<core>NULL</core>
<MemPortIdVec></MemPortIdVec>
<condition id="-1">
<or_exp><and_exp><literal name="icmp_ln110" val="0"/>
</and_exp></or_exp>
</condition>

<Node id="43" bw="0" op_0_bw="3" op_1_bw="3" op_2_bw="0" op_3_bw="0">
<![CDATA[
VITIS_LOOP_111_2.i.split:26 %store_ln110 = store i3 %add_ln110, i3 %j

]]></Node>
<StgValue><ssdm name="store_ln110"/></StgValue>
</operation>

<operation id="47" st_id="1" stage="1" lat="1">
<core>NULL</core>
<MemPortIdVec></MemPortIdVec>
<condition id="-1">
<or_exp><and_exp><literal name="icmp_ln110" val="1"/>
</and_exp></or_exp>
</condition>

<Node id="46" bw="0">
<![CDATA[
_Z11AddRoundKeyPA4_7ap_uintILi8EEPKS_ILi32EE.exit.exitStub:0 %ret_ln0 = ret

]]></Node>
<StgValue><ssdm name="ret_ln0"/></StgValue>
</operation>
</state>

<state id="2" st_id="3">

<operation id="26" st_id="2" stage="1" lat="1">
<core>NULL</core>
<MemPortIdVec></MemPortIdVec>
<condition id="-1">
<or_exp><and_exp></and_exp></or_exp>
</condition>

<Node id="18" bw="0" op_0_bw="0" op_1_bw="32" op_2_bw="32" op_3_bw="32" op_4_bw="32" op_5_bw="0">
<![CDATA[
VITIS_LOOP_111_2.i.split:1 %specpipeline_ln110 = specpipeline void @_ssdm_op_SpecPipeline, i32 4294967295, i32 0, i32 0, i32 0, void @empty_0

]]></Node>
<StgValue><ssdm name="specpipeline_ln110"/></StgValue>
</operation>

<operation id="27" st_id="2" stage="1" lat="1">
<core>NULL</core>
<MemPortIdVec></MemPortIdVec>
<condition id="-1">
<or_exp><and_exp></and_exp></or_exp>
</condition>

<Node id="19" bw="0" op_0_bw="0" op_1_bw="64" op_2_bw="64" op_3_bw="64">
<![CDATA[
VITIS_LOOP_111_2.i.split:2 %speclooptripcount_ln110 = speclooptripcount void @_ssdm_op_SpecLoopTripCount, i64 4, i64 4, i64 4

]]></Node>
<StgValue><ssdm name="speclooptripcount_ln110"/></StgValue>
</operation>

<operation id="28" st_id="2" stage="1" lat="1">
<core>NULL</core>
<MemPortIdVec></MemPortIdVec>
<condition id="-1">
<or_exp><and_exp></and_exp></or_exp>
</condition>

<Node id="20" bw="0" op_0_bw="0" op_1_bw="0">
<![CDATA[
VITIS_LOOP_111_2.i.split:3 %specloopname_ln110 = specloopname void @_ssdm_op_SpecLoopName, void @empty_8

]]></Node>
<StgValue><ssdm name="specloopname_ln110"/></StgValue>
</operation>

<operation id="29" st_id="2" stage="1" lat="2">
<core>RAM_1P</core>
<MemPortIdVec></MemPortIdVec>
<condition id="-1">
<or_exp><and_exp></and_exp></or_exp>
</condition>

<Node id="22" bw="32" op_0_bw="6">
<![CDATA[
VITIS_LOOP_111_2.i.split:5 %w_load = load i6 %w_addr

]]></Node>
<StgValue><ssdm name="w_load"/></StgValue>
</operation>

<operation id="30" st_id="2" stage="1" lat="1">
<core>NULL</core>
<MemPortIdVec></MemPortIdVec>
<condition id="-1">
<or_exp><and_exp></and_exp></or_exp>
</condition>

<Node id="23" bw="8" op_0_bw="8" op_1_bw="32" op_2_bw="32" op_3_bw="32">
<![CDATA[
VITIS_LOOP_111_2.i.split:6 %k = partselect i8 @_ssdm_op_PartSelect.i8.i32.i32.i32, i32 %w_load, i32 24, i32 31

]]></Node>
<StgValue><ssdm name="k"/></StgValue>
</operation>

<operation id="31" st_id="2" stage="1" lat="2">
<core>RAM</core>
<MemPortIdVec></MemPortIdVec>
<condition id="-1">
<or_exp><and_exp></and_exp></or_exp>
</condition>

<Node id="25" bw="8" op_0_bw="2">
<![CDATA[
VITIS_LOOP_111_2.i.split:8 %state_load = load i2 %state_addr

]]></Node>
<StgValue><ssdm name="state_load"/></StgValue>
</operation>

<operation id="32" st_id="2" stage="1" lat="1">
<core>LogicGate</core>
<MemPortIdVec></MemPortIdVec>
<condition id="-1">
<or_exp><and_exp></and_exp></or_exp>
</condition>

<Node id="26" bw="8" op_0_bw="8" op_1_bw="8">
<![CDATA[
VITIS_LOOP_111_2.i.split:9 %xor_ln113 = xor i8 %state_load, i8 %k

]]></Node>
<StgValue><ssdm name="xor_ln113"/></StgValue>
</operation>

<operation id="33" st_id="2" stage="1" lat="1">
<core>NULL</core>
<MemPortIdVec></MemPortIdVec>
<condition id="-1">
<or_exp><and_exp></and_exp></or_exp>
</condition>

<Node id="27" bw="8" op_0_bw="8" op_1_bw="32" op_2_bw="32" op_3_bw="32">
<![CDATA[
VITIS_LOOP_111_2.i.split:10 %k_1 = partselect i8 @_ssdm_op_PartSelect.i8.i32.i32.i32, i32 %w_load, i32 16, i32 23

]]></Node>
<StgValue><ssdm name="k_1"/></StgValue>
</operation>

<operation id="34" st_id="2" stage="1" lat="1">
<core>NULL</core>
<MemPortIdVec></MemPortIdVec>
<condition id="-1">
<or_exp><and_exp></and_exp></or_exp>
</condition>

<Node id="28" bw="8" op_0_bw="8" op_1_bw="32" op_2_bw="32" op_3_bw="32">
<![CDATA[
VITIS_LOOP_111_2.i.split:11 %k_2 = partselect i8 @_ssdm_op_PartSelect.i8.i32.i32.i32, i32 %w_load, i32 8, i32 15

]]></Node>
<StgValue><ssdm name="k_2"/></StgValue>
</operation>

<operation id="35" st_id="2" stage="1" lat="1">
<core>NULL</core>
<MemPortIdVec></MemPortIdVec>
<condition id="-1">
<or_exp><and_exp></and_exp></or_exp>
</condition>

<Node id="29" bw="8" op_0_bw="32">
<![CDATA[
VITIS_LOOP_111_2.i.split:12 %k_7 = trunc i32 %w_load

]]></Node>
<StgValue><ssdm name="k_7"/></StgValue>
</operation>

<operation id="36" st_id="2" stage="1" lat="2">
<core>RAM</core>
<MemPortIdVec></MemPortIdVec>
<condition id="-1">
<or_exp><and_exp></and_exp></or_exp>
</condition>

<Node id="31" bw="8" op_0_bw="2">
<![CDATA[
VITIS_LOOP_111_2.i.split:14 %state_1_load = load i2 %state_1_addr

]]></Node>
<StgValue><ssdm name="state_1_load"/></StgValue>
</operation>

<operation id="37" st_id="2" stage="1" lat="1">
<core>LogicGate</core>
<MemPortIdVec></MemPortIdVec>
<condition id="-1">
<or_exp><and_exp></and_exp></or_exp>
</condition>

<Node id="32" bw="8" op_0_bw="8" op_1_bw="8">
<![CDATA[
VITIS_LOOP_111_2.i.split:15 %xor_ln113_1 = xor i8 %state_1_load, i8 %k_1

]]></Node>
<StgValue><ssdm name="xor_ln113_1"/></StgValue>
</operation>

<operation id="38" st_id="2" stage="1" lat="2">
<core>RAM</core>
<MemPortIdVec></MemPortIdVec>
<condition id="-1">
<or_exp><and_exp></and_exp></or_exp>
</condition>

<Node id="34" bw="8" op_0_bw="2">
<![CDATA[
VITIS_LOOP_111_2.i.split:17 %state_2_load = load i2 %state_2_addr

]]></Node>
<StgValue><ssdm name="state_2_load"/></StgValue>
</operation>

<operation id="39" st_id="2" stage="1" lat="1">
<core>LogicGate</core>
<MemPortIdVec></MemPortIdVec>
<condition id="-1">
<or_exp><and_exp></and_exp></or_exp>
</condition>

<Node id="35" bw="8" op_0_bw="8" op_1_bw="8">
<![CDATA[
VITIS_LOOP_111_2.i.split:18 %xor_ln113_2 = xor i8 %state_2_load, i8 %k_2

]]></Node>
<StgValue><ssdm name="xor_ln113_2"/></StgValue>
</operation>

<operation id="40" st_id="2" stage="1" lat="2">
<core>RAM</core>
<MemPortIdVec></MemPortIdVec>
<condition id="-1">
<or_exp><and_exp></and_exp></or_exp>
</condition>

<Node id="37" bw="8" op_0_bw="2">
<![CDATA[
VITIS_LOOP_111_2.i.split:20 %state_3_load = load i2 %state_3_addr

]]></Node>
<StgValue><ssdm name="state_3_load"/></StgValue>
</operation>

<operation id="41" st_id="2" stage="1" lat="1">
<core>LogicGate</core>
<MemPortIdVec></MemPortIdVec>
<condition id="-1">
<or_exp><and_exp></and_exp></or_exp>
</condition>

<Node id="38" bw="8" op_0_bw="8" op_1_bw="8">
<![CDATA[
VITIS_LOOP_111_2.i.split:21 %xor_ln113_3 = xor i8 %state_3_load, i8 %k_7

]]></Node>
<StgValue><ssdm name="xor_ln113_3"/></StgValue>
</operation>

<operation id="42" st_id="2" stage="1" lat="1">
<core>RAM</core>
<MemPortIdVec></MemPortIdVec>
<condition id="-1">
<or_exp><and_exp></and_exp></or_exp>
</condition>

<Node id="39" bw="0" op_0_bw="8" op_1_bw="2" op_2_bw="0">
<![CDATA[
VITIS_LOOP_111_2.i.split:22 %store_ln113 = store i8 %xor_ln113, i2 %state_addr

]]></Node>
<StgValue><ssdm name="store_ln113"/></StgValue>
</operation>

<operation id="43" st_id="2" stage="1" lat="1">
<core>RAM</core>
<MemPortIdVec></MemPortIdVec>
<condition id="-1">
<or_exp><and_exp></and_exp></or_exp>
</condition>

<Node id="40" bw="0" op_0_bw="8" op_1_bw="2" op_2_bw="0">
<![CDATA[
VITIS_LOOP_111_2.i.split:23 %store_ln113 = store i8 %xor_ln113_1, i2 %state_1_addr

]]></Node>
<StgValue><ssdm name="store_ln113"/></StgValue>
</operation>

<operation id="44" st_id="2" stage="1" lat="1">
<core>RAM</core>
<MemPortIdVec></MemPortIdVec>
<condition id="-1">
<or_exp><and_exp></and_exp></or_exp>
</condition>

<Node id="41" bw="0" op_0_bw="8" op_1_bw="2" op_2_bw="0">
<![CDATA[
VITIS_LOOP_111_2.i.split:24 %store_ln113 = store i8 %xor_ln113_2, i2 %state_2_addr

]]></Node>
<StgValue><ssdm name="store_ln113"/></StgValue>
</operation>

<operation id="45" st_id="2" stage="1" lat="1">
<core>RAM</core>
<MemPortIdVec></MemPortIdVec>
<condition id="-1">
<or_exp><and_exp></and_exp></or_exp>
</condition>

<Node id="42" bw="0" op_0_bw="8" op_1_bw="2" op_2_bw="0">
<![CDATA[
VITIS_LOOP_111_2.i.split:25 %store_ln113 = store i8 %xor_ln113_3, i2 %state_3_addr

]]></Node>
<StgValue><ssdm name="store_ln113"/></StgValue>
</operation>

<operation id="46" st_id="2" stage="1" lat="1">
<core>NULL</core>
<MemPortIdVec></MemPortIdVec>
<condition id="-1">
<or_exp><and_exp></and_exp></or_exp>
</condition>

<Node id="44" bw="0" op_0_bw="0">
<![CDATA[
VITIS_LOOP_111_2.i.split:27 %br_ln110 = br void %VITIS_LOOP_111_2.i

]]></Node>
<StgValue><ssdm name="br_ln110"/></StgValue>
</operation>
</state>
</state_list>


<ports>
</ports>


<dataflows>
</dataflows>


</stg>
