<stg><name>Cipher_Pipeline_VITIS_LOOP_165_3</name>


<trans_list>

<trans id="51" from="1" to="2">
<condition id="-1">
<or_exp><and_exp></and_exp></or_exp>
</condition>
</trans>

<trans id="48" from="2" to="3">
<condition id="-1">
<or_exp><and_exp></and_exp></or_exp>
</condition>
</trans>
</trans_list>



<state_list>

<state id="1" st_id="2">

<operation id="6" st_id="1" stage="1" lat="1">
<core>NULL</core>
<MemPortIdVec></MemPortIdVec>
<condition id="-1">
<or_exp><and_exp></and_exp></or_exp>
</condition>

<Node id="6" bw="5" op_0_bw="32">
<![CDATA[
newFuncRoot:0 %i = alloca i32 1

]]></Node>
<StgValue><ssdm name="i"/></StgValue>
</operation>

<operation id="7" st_id="1" stage="1" lat="1">
<core>NULL</core>
<MemPortIdVec></MemPortIdVec>
<condition id="-1">
<or_exp><and_exp></and_exp></or_exp>
</condition>

<Node id="7" bw="0" op_0_bw="0" op_1_bw="8" op_2_bw="64" op_3_bw="64" op_4_bw="64">
<![CDATA[
newFuncRoot:1 %specmemcore_ln0 = specmemcore void @_ssdm_op_SpecMemCore, i8 %out_r, i64 666, i64 207, i64 1

]]></Node>
<StgValue><ssdm name="specmemcore_ln0"/></StgValue>
</operation>

<operation id="8" st_id="1" stage="1" lat="1">
<core>NULL</core>
<MemPortIdVec></MemPortIdVec>
<condition id="-1">
<or_exp><and_exp></and_exp></or_exp>
</condition>

<Node id="8" bw="0" op_0_bw="0" op_1_bw="8" op_2_bw="0" op_3_bw="32" op_4_bw="32" op_5_bw="0" op_6_bw="32" op_7_bw="32" op_8_bw="0" op_9_bw="0" op_10_bw="0" op_11_bw="32" op_12_bw="32" op_13_bw="32" op_14_bw="32" op_15_bw="0" op_16_bw="0" op_17_bw="32" op_18_bw="32" op_19_bw="32">
<![CDATA[
newFuncRoot:2 %specinterface_ln0 = specinterface void @_ssdm_op_SpecInterface, i8 %out_r, void @empty_3, i32 0, i32 0, void @empty_0, i32 1, i32 0, void @empty_0, void @empty_0, void @empty_0, i32 0, i32 0, i32 0, i32 0, void @empty_0, void @empty_0, i32 4294967295, i32 0, i32 0

]]></Node>
<StgValue><ssdm name="specinterface_ln0"/></StgValue>
</operation>

<operation id="9" st_id="1" stage="1" lat="1">
<core>NULL</core>
<MemPortIdVec></MemPortIdVec>
<condition id="-1">
<or_exp><and_exp></and_exp></or_exp>
</condition>

<Node id="9" bw="0" op_0_bw="5" op_1_bw="5">
<![CDATA[
newFuncRoot:3 %store_ln165 = store i5 0, i5 %i

]]></Node>
<StgValue><ssdm name="store_ln165"/></StgValue>
</operation>

<operation id="10" st_id="1" stage="1" lat="1">
<core>NULL</core>
<MemPortIdVec></MemPortIdVec>
<condition id="-1">
<or_exp><and_exp></and_exp></or_exp>
</condition>

<Node id="10" bw="0" op_0_bw="0">
<![CDATA[
newFuncRoot:4 %br_ln0 = br void %for.inc36

]]></Node>
<StgValue><ssdm name="br_ln0"/></StgValue>
</operation>

<operation id="11" st_id="1" stage="1" lat="1">
<core>NULL</core>
<MemPortIdVec></MemPortIdVec>
<condition id="-1">
<or_exp><and_exp></and_exp></or_exp>
</condition>

<Node id="12" bw="5" op_0_bw="5" op_1_bw="0">
<![CDATA[
for.inc36:0 %i_1 = load i5 %i

]]></Node>
<StgValue><ssdm name="i_1"/></StgValue>
</operation>

<operation id="12" st_id="1" stage="1" lat="1">
<core>Cmp</core>
<MemPortIdVec></MemPortIdVec>
<condition id="-1">
<or_exp><and_exp></and_exp></or_exp>
</condition>

<Node id="13" bw="1" op_0_bw="5" op_1_bw="5">
<![CDATA[
for.inc36:1 %icmp_ln165 = icmp_eq  i5 %i_1, i5 16

]]></Node>
<StgValue><ssdm name="icmp_ln165"/></StgValue>
</operation>

<operation id="13" st_id="1" stage="1" lat="1">
<core>Adder</core>
<MemPortIdVec></MemPortIdVec>
<condition id="-1">
<or_exp><and_exp></and_exp></or_exp>
</condition>

<Node id="14" bw="5" op_0_bw="5" op_1_bw="5">
<![CDATA[
for.inc36:2 %add_ln165 = add i5 %i_1, i5 1

]]></Node>
<StgValue><ssdm name="add_ln165"/></StgValue>
</operation>

<operation id="14" st_id="1" stage="1" lat="1">
<core>NULL</core>
<MemPortIdVec></MemPortIdVec>
<condition id="-1">
<or_exp><and_exp></and_exp></or_exp>
</condition>

<Node id="15" bw="0" op_0_bw="1" op_1_bw="0" op_2_bw="0">
<![CDATA[
for.inc36:3 %br_ln165 = br i1 %icmp_ln165, void %for.inc36.split, void %for.end38.exitStub

]]></Node>
<StgValue><ssdm name="br_ln165"/></StgValue>
</operation>

<operation id="15" st_id="1" stage="1" lat="1">
<core>NULL</core>
<MemPortIdVec></MemPortIdVec>
<condition id="-1">
<or_exp><and_exp><literal name="icmp_ln165" val="0"/>
</and_exp></or_exp>
</condition>

<Node id="22" bw="2" op_0_bw="2" op_1_bw="5" op_2_bw="32" op_3_bw="32">
<![CDATA[
for.inc36.split:5 %lshr_ln1 = partselect i2 @_ssdm_op_PartSelect.i2.i5.i32.i32, i5 %i_1, i32 2, i32 3

]]></Node>
<StgValue><ssdm name="lshr_ln1"/></StgValue>
</operation>

<operation id="16" st_id="1" stage="1" lat="1">
<core>NULL</core>
<MemPortIdVec></MemPortIdVec>
<condition id="-1">
<or_exp><and_exp><literal name="icmp_ln165" val="0"/>
</and_exp></or_exp>
</condition>

<Node id="23" bw="64" op_0_bw="2">
<![CDATA[
for.inc36.split:6 %zext_ln166 = zext i2 %lshr_ln1

]]></Node>
<StgValue><ssdm name="zext_ln166"/></StgValue>
</operation>

<operation id="17" st_id="1" stage="1" lat="1">
<core>NULL</core>
<MemPortIdVec></MemPortIdVec>
<condition id="-1">
<or_exp><and_exp><literal name="icmp_ln165" val="0"/>
</and_exp></or_exp>
</condition>

<Node id="24" bw="2" op_0_bw="8" op_1_bw="64" op_2_bw="64">
<![CDATA[
for.inc36.split:7 %state_addr = getelementptr i8 %state, i64 0, i64 %zext_ln166

]]></Node>
<StgValue><ssdm name="state_addr"/></StgValue>
</operation>

<operation id="18" st_id="1" stage="2" lat="2">
<core>RAM</core>
<MemPortIdVec></MemPortIdVec>
<condition id="-1">
<or_exp><and_exp><literal name="icmp_ln165" val="0"/>
</and_exp></or_exp>
</condition>

<Node id="25" bw="8" op_0_bw="2">
<![CDATA[
for.inc36.split:8 %state_load = load i2 %state_addr

]]></Node>
<StgValue><ssdm name="state_load"/></StgValue>
</operation>

<operation id="19" st_id="1" stage="1" lat="1">
<core>NULL</core>
<MemPortIdVec></MemPortIdVec>
<condition id="-1">
<or_exp><and_exp><literal name="icmp_ln165" val="0"/>
</and_exp></or_exp>
</condition>

<Node id="26" bw="2" op_0_bw="8" op_1_bw="64" op_2_bw="64">
<![CDATA[
for.inc36.split:9 %state_1_addr = getelementptr i8 %state_1, i64 0, i64 %zext_ln166

]]></Node>
<StgValue><ssdm name="state_1_addr"/></StgValue>
</operation>

<operation id="20" st_id="1" stage="2" lat="2">
<core>RAM</core>
<MemPortIdVec></MemPortIdVec>
<condition id="-1">
<or_exp><and_exp><literal name="icmp_ln165" val="0"/>
</and_exp></or_exp>
</condition>

<Node id="27" bw="8" op_0_bw="2">
<![CDATA[
for.inc36.split:10 %state_1_load = load i2 %state_1_addr

]]></Node>
<StgValue><ssdm name="state_1_load"/></StgValue>
</operation>

<operation id="21" st_id="1" stage="1" lat="1">
<core>NULL</core>
<MemPortIdVec></MemPortIdVec>
<condition id="-1">
<or_exp><and_exp><literal name="icmp_ln165" val="0"/>
</and_exp></or_exp>
</condition>

<Node id="28" bw="2" op_0_bw="8" op_1_bw="64" op_2_bw="64">
<![CDATA[
for.inc36.split:11 %state_2_addr = getelementptr i8 %state_2, i64 0, i64 %zext_ln166

]]></Node>
<StgValue><ssdm name="state_2_addr"/></StgValue>
</operation>

<operation id="22" st_id="1" stage="2" lat="2">
<core>RAM</core>
<MemPortIdVec></MemPortIdVec>
<condition id="-1">
<or_exp><and_exp><literal name="icmp_ln165" val="0"/>
</and_exp></or_exp>
</condition>

<Node id="29" bw="8" op_0_bw="2">
<![CDATA[
for.inc36.split:12 %state_2_load = load i2 %state_2_addr

]]></Node>
<StgValue><ssdm name="state_2_load"/></StgValue>
</operation>

<operation id="23" st_id="1" stage="1" lat="1">
<core>NULL</core>
<MemPortIdVec></MemPortIdVec>
<condition id="-1">
<or_exp><and_exp><literal name="icmp_ln165" val="0"/>
</and_exp></or_exp>
</condition>

<Node id="30" bw="2" op_0_bw="8" op_1_bw="64" op_2_bw="64">
<![CDATA[
for.inc36.split:13 %state_3_addr = getelementptr i8 %state_3, i64 0, i64 %zext_ln166

]]></Node>
<StgValue><ssdm name="state_3_addr"/></StgValue>
</operation>

<operation id="24" st_id="1" stage="2" lat="2">
<core>RAM</core>
<MemPortIdVec></MemPortIdVec>
<condition id="-1">
<or_exp><and_exp><literal name="icmp_ln165" val="0"/>
</and_exp></or_exp>
</condition>

<Node id="31" bw="8" op_0_bw="2">
<![CDATA[
for.inc36.split:14 %state_3_load = load i2 %state_3_addr

]]></Node>
<StgValue><ssdm name="state_3_load"/></StgValue>
</operation>

<operation id="25" st_id="1" stage="1" lat="1">
<core>NULL</core>
<MemPortIdVec></MemPortIdVec>
<condition id="-1">
<or_exp><and_exp><literal name="icmp_ln165" val="0"/>
</and_exp></or_exp>
</condition>

<Node id="35" bw="0" op_0_bw="5" op_1_bw="5" op_2_bw="0" op_3_bw="0">
<![CDATA[
for.inc36.split:18 %store_ln165 = store i5 %add_ln165, i5 %i

]]></Node>
<StgValue><ssdm name="store_ln165"/></StgValue>
</operation>
</state>

<state id="2" st_id="3">

<operation id="26" st_id="2" stage="1" lat="1">
<core>NULL</core>
<MemPortIdVec></MemPortIdVec>
<condition id="-1">
<or_exp><and_exp></and_exp></or_exp>
</condition>

<Node id="17" bw="64" op_0_bw="5">
<![CDATA[
for.inc36.split:0 %zext_ln165 = zext i5 %i_1

]]></Node>
<StgValue><ssdm name="zext_ln165"/></StgValue>
</operation>

<operation id="27" st_id="2" stage="1" lat="1">
<core>NULL</core>
<MemPortIdVec></MemPortIdVec>
<condition id="-1">
<or_exp><and_exp></and_exp></or_exp>
</condition>

<Node id="21" bw="2" op_0_bw="5">
<![CDATA[
for.inc36.split:4 %trunc_ln166 = trunc i5 %i_1

]]></Node>
<StgValue><ssdm name="trunc_ln166"/></StgValue>
</operation>

<operation id="28" st_id="2" stage="1" lat="2">
<core>RAM</core>
<MemPortIdVec></MemPortIdVec>
<condition id="-1">
<or_exp><and_exp></and_exp></or_exp>
</condition>

<Node id="25" bw="8" op_0_bw="2">
<![CDATA[
for.inc36.split:8 %state_load = load i2 %state_addr

]]></Node>
<StgValue><ssdm name="state_load"/></StgValue>
</operation>

<operation id="29" st_id="2" stage="1" lat="2">
<core>RAM</core>
<MemPortIdVec></MemPortIdVec>
<condition id="-1">
<or_exp><and_exp></and_exp></or_exp>
</condition>

<Node id="27" bw="8" op_0_bw="2">
<![CDATA[
for.inc36.split:10 %state_1_load = load i2 %state_1_addr

]]></Node>
<StgValue><ssdm name="state_1_load"/></StgValue>
</operation>

<operation id="30" st_id="2" stage="1" lat="2">
<core>RAM</core>
<MemPortIdVec></MemPortIdVec>
<condition id="-1">
<or_exp><and_exp></and_exp></or_exp>
</condition>

<Node id="29" bw="8" op_0_bw="2">
<![CDATA[
for.inc36.split:12 %state_2_load = load i2 %state_2_addr

]]></Node>
<StgValue><ssdm name="state_2_load"/></StgValue>
</operation>

<operation id="31" st_id="2" stage="1" lat="2">
<core>RAM</core>
<MemPortIdVec></MemPortIdVec>
<condition id="-1">
<or_exp><and_exp></and_exp></or_exp>
</condition>

<Node id="31" bw="8" op_0_bw="2">
<![CDATA[
for.inc36.split:14 %state_3_load = load i2 %state_3_addr

]]></Node>
<StgValue><ssdm name="state_3_load"/></StgValue>
</operation>

<operation id="32" st_id="2" stage="1" lat="1">
<core>BinarySparseMux_DontCare</core>
<MemPortIdVec></MemPortIdVec>
<condition id="-1">
<or_exp><and_exp></and_exp></or_exp>
</condition>

<Node id="32" bw="8" op_0_bw="8" op_1_bw="2" op_2_bw="8" op_3_bw="2" op_4_bw="8" op_5_bw="2" op_6_bw="8" op_7_bw="2" op_8_bw="8" op_9_bw="8" op_10_bw="2">
<![CDATA[
for.inc36.split:15 %tmp_s = sparsemux i8 @_ssdm_op_SparseMux.ap_auto.4i8.i8.i2, i2 0, i8 %state_load, i2 1, i8 %state_1_load, i2 2, i8 %state_2_load, i2 3, i8 %state_3_load, i8 0, i2 %trunc_ln166

]]></Node>
<StgValue><ssdm name="tmp_s"/></StgValue>
</operation>

<operation id="33" st_id="2" stage="1" lat="1">
<core>NULL</core>
<MemPortIdVec></MemPortIdVec>
<condition id="-1">
<or_exp><and_exp></and_exp></or_exp>
</condition>

<Node id="33" bw="4" op_0_bw="8" op_1_bw="64" op_2_bw="64">
<![CDATA[
for.inc36.split:16 %out_r_addr = getelementptr i8 %out_r, i64 0, i64 %zext_ln165

]]></Node>
<StgValue><ssdm name="out_r_addr"/></StgValue>
</operation>

<operation id="34" st_id="2" stage="2" lat="2">
<core>RAM_1P</core>
<MemPortIdVec></MemPortIdVec>
<condition id="-1">
<or_exp><and_exp></and_exp></or_exp>
</condition>

<Node id="34" bw="0" op_0_bw="8" op_1_bw="4">
<![CDATA[
for.inc36.split:17 %store_ln166 = store i8 %tmp_s, i4 %out_r_addr

]]></Node>
<StgValue><ssdm name="store_ln166"/></StgValue>
</operation>

<operation id="40" st_id="2" stage="1" lat="1">
<core>NULL</core>
<MemPortIdVec></MemPortIdVec>
<condition id="-1">
<or_exp><and_exp><literal name="icmp_ln165" val="1"/>
</and_exp></or_exp>
</condition>

<Node id="38" bw="0">
<![CDATA[
for.end38.exitStub:0 %ret_ln0 = ret

]]></Node>
<StgValue><ssdm name="ret_ln0"/></StgValue>
</operation>
</state>

<state id="3" st_id="4">

<operation id="35" st_id="3" stage="1" lat="1">
<core>NULL</core>
<MemPortIdVec></MemPortIdVec>
<condition id="-1">
<or_exp><and_exp></and_exp></or_exp>
</condition>

<Node id="18" bw="0" op_0_bw="0" op_1_bw="32" op_2_bw="32" op_3_bw="32" op_4_bw="32" op_5_bw="0">
<![CDATA[
for.inc36.split:1 %specpipeline_ln165 = specpipeline void @_ssdm_op_SpecPipeline, i32 4294967295, i32 0, i32 0, i32 0, void @empty_0

]]></Node>
<StgValue><ssdm name="specpipeline_ln165"/></StgValue>
</operation>

<operation id="36" st_id="3" stage="1" lat="1">
<core>NULL</core>
<MemPortIdVec></MemPortIdVec>
<condition id="-1">
<or_exp><and_exp></and_exp></or_exp>
</condition>

<Node id="19" bw="0" op_0_bw="0" op_1_bw="64" op_2_bw="64" op_3_bw="64">
<![CDATA[
for.inc36.split:2 %speclooptripcount_ln165 = speclooptripcount void @_ssdm_op_SpecLoopTripCount, i64 16, i64 16, i64 16

]]></Node>
<StgValue><ssdm name="speclooptripcount_ln165"/></StgValue>
</operation>

<operation id="37" st_id="3" stage="1" lat="1">
<core>NULL</core>
<MemPortIdVec></MemPortIdVec>
<condition id="-1">
<or_exp><and_exp></and_exp></or_exp>
</condition>

<Node id="20" bw="0" op_0_bw="0" op_1_bw="0">
<![CDATA[
for.inc36.split:3 %specloopname_ln165 = specloopname void @_ssdm_op_SpecLoopName, void @empty_7

]]></Node>
<StgValue><ssdm name="specloopname_ln165"/></StgValue>
</operation>

<operation id="38" st_id="3" stage="1" lat="2">
<core>RAM_1P</core>
<MemPortIdVec></MemPortIdVec>
<condition id="-1">
<or_exp><and_exp></and_exp></or_exp>
</condition>

<Node id="34" bw="0" op_0_bw="8" op_1_bw="4">
<![CDATA[
for.inc36.split:17 %store_ln166 = store i8 %tmp_s, i4 %out_r_addr

]]></Node>
<StgValue><ssdm name="store_ln166"/></StgValue>
</operation>

<operation id="39" st_id="3" stage="1" lat="1">
<core>NULL</core>
<MemPortIdVec></MemPortIdVec>
<condition id="-1">
<or_exp><and_exp></and_exp></or_exp>
</condition>

<Node id="36" bw="0" op_0_bw="0">
<![CDATA[
for.inc36.split:19 %br_ln165 = br void %for.inc36

]]></Node>
<StgValue><ssdm name="br_ln165"/></StgValue>
</operation>
</state>
</state_list>


<ports>
</ports>


<dataflows>
</dataflows>


</stg>
