<stg><name>Cipher_Pipeline_VITIS_LOOP_85_23</name>


<trans_list>

<trans id="43" from="1" to="2">
<condition id="-1">
<or_exp><and_exp></and_exp></or_exp>
</condition>
</trans>
</trans_list>



<state_list>

<state id="1" st_id="1">

<operation id="4" st_id="1" stage="1" lat="1">
<core>NULL</core>
<MemPortIdVec></MemPortIdVec>
<condition id="-1">
<or_exp><and_exp></and_exp></or_exp>
</condition>

<Node id="10" bw="8" op_0_bw="32">
<![CDATA[
newFuncRoot:0 %p_0_0_012_i70 = alloca i32 1

]]></Node>
<StgValue><ssdm name="p_0_0_012_i70"/></StgValue>
</operation>

<operation id="5" st_id="1" stage="1" lat="1">
<core>NULL</core>
<MemPortIdVec></MemPortIdVec>
<condition id="-1">
<or_exp><and_exp></and_exp></or_exp>
</condition>

<Node id="11" bw="2" op_0_bw="32">
<![CDATA[
newFuncRoot:1 %shift = alloca i32 1

]]></Node>
<StgValue><ssdm name="shift"/></StgValue>
</operation>

<operation id="6" st_id="1" stage="1" lat="1">
<core>NULL</core>
<MemPortIdVec></MemPortIdVec>
<condition id="-1">
<or_exp><and_exp></and_exp></or_exp>
</condition>

<Node id="12" bw="8" op_0_bw="32">
<![CDATA[
newFuncRoot:2 %p_0_0_01113_i69 = alloca i32 1

]]></Node>
<StgValue><ssdm name="p_0_0_01113_i69"/></StgValue>
</operation>

<operation id="7" st_id="1" stage="1" lat="1">
<core>NULL</core>
<MemPortIdVec></MemPortIdVec>
<condition id="-1">
<or_exp><and_exp></and_exp></or_exp>
</condition>

<Node id="13" bw="8" op_0_bw="32">
<![CDATA[
newFuncRoot:3 %p_0_0_01014_i68 = alloca i32 1

]]></Node>
<StgValue><ssdm name="p_0_0_01014_i68"/></StgValue>
</operation>

<operation id="8" st_id="1" stage="1" lat="1">
<core>NULL</core>
<MemPortIdVec></MemPortIdVec>
<condition id="-1">
<or_exp><and_exp></and_exp></or_exp>
</condition>

<Node id="14" bw="8" op_0_bw="32">
<![CDATA[
newFuncRoot:4 %p_0_0_0915_i67 = alloca i32 1

]]></Node>
<StgValue><ssdm name="p_0_0_0915_i67"/></StgValue>
</operation>

<operation id="9" st_id="1" stage="1" lat="1">
<core>NULL</core>
<MemPortIdVec></MemPortIdVec>
<condition id="-1">
<or_exp><and_exp></and_exp></or_exp>
</condition>

<Node id="15" bw="2" op_0_bw="2" op_1_bw="2">
<![CDATA[
newFuncRoot:5 %r_2_read = read i2 @_ssdm_op_Read.ap_auto.i2, i2 %r_2

]]></Node>
<StgValue><ssdm name="r_2_read"/></StgValue>
</operation>

<operation id="10" st_id="1" stage="1" lat="1">
<core>NULL</core>
<MemPortIdVec></MemPortIdVec>
<condition id="-1">
<or_exp><and_exp></and_exp></or_exp>
</condition>

<Node id="16" bw="8" op_0_bw="8" op_1_bw="8">
<![CDATA[
newFuncRoot:6 %tmp_read = read i8 @_ssdm_op_Read.ap_auto.i8, i8 %tmp

]]></Node>
<StgValue><ssdm name="tmp_read"/></StgValue>
</operation>

<operation id="11" st_id="1" stage="1" lat="1">
<core>NULL</core>
<MemPortIdVec></MemPortIdVec>
<condition id="-1">
<or_exp><and_exp></and_exp></or_exp>
</condition>

<Node id="17" bw="8" op_0_bw="8" op_1_bw="8">
<![CDATA[
newFuncRoot:7 %tmp_1_read = read i8 @_ssdm_op_Read.ap_auto.i8, i8 %tmp_1

]]></Node>
<StgValue><ssdm name="tmp_1_read"/></StgValue>
</operation>

<operation id="12" st_id="1" stage="1" lat="1">
<core>NULL</core>
<MemPortIdVec></MemPortIdVec>
<condition id="-1">
<or_exp><and_exp></and_exp></or_exp>
</condition>

<Node id="18" bw="8" op_0_bw="8" op_1_bw="8">
<![CDATA[
newFuncRoot:8 %tmp_2_read = read i8 @_ssdm_op_Read.ap_auto.i8, i8 %tmp_2

]]></Node>
<StgValue><ssdm name="tmp_2_read"/></StgValue>
</operation>

<operation id="13" st_id="1" stage="1" lat="1">
<core>NULL</core>
<MemPortIdVec></MemPortIdVec>
<condition id="-1">
<or_exp><and_exp></and_exp></or_exp>
</condition>

<Node id="19" bw="8" op_0_bw="8" op_1_bw="8">
<![CDATA[
newFuncRoot:9 %tmp_3_read = read i8 @_ssdm_op_Read.ap_auto.i8, i8 %tmp_3

]]></Node>
<StgValue><ssdm name="tmp_3_read"/></StgValue>
</operation>

<operation id="14" st_id="1" stage="1" lat="1">
<core>NULL</core>
<MemPortIdVec></MemPortIdVec>
<condition id="-1">
<or_exp><and_exp></and_exp></or_exp>
</condition>

<Node id="20" bw="0" op_0_bw="8" op_1_bw="8">
<![CDATA[
newFuncRoot:10 %store_ln0 = store i8 %tmp_3_read, i8 %p_0_0_0915_i67

]]></Node>
<StgValue><ssdm name="store_ln0"/></StgValue>
</operation>

<operation id="15" st_id="1" stage="1" lat="1">
<core>NULL</core>
<MemPortIdVec></MemPortIdVec>
<condition id="-1">
<or_exp><and_exp></and_exp></or_exp>
</condition>

<Node id="21" bw="0" op_0_bw="8" op_1_bw="8">
<![CDATA[
newFuncRoot:11 %store_ln0 = store i8 %tmp_2_read, i8 %p_0_0_01014_i68

]]></Node>
<StgValue><ssdm name="store_ln0"/></StgValue>
</operation>

<operation id="16" st_id="1" stage="1" lat="1">
<core>NULL</core>
<MemPortIdVec></MemPortIdVec>
<condition id="-1">
<or_exp><and_exp></and_exp></or_exp>
</condition>

<Node id="22" bw="0" op_0_bw="8" op_1_bw="8">
<![CDATA[
newFuncRoot:12 %store_ln0 = store i8 %tmp_1_read, i8 %p_0_0_01113_i69

]]></Node>
<StgValue><ssdm name="store_ln0"/></StgValue>
</operation>

<operation id="17" st_id="1" stage="1" lat="1">
<core>NULL</core>
<MemPortIdVec></MemPortIdVec>
<condition id="-1">
<or_exp><and_exp></and_exp></or_exp>
</condition>

<Node id="23" bw="0" op_0_bw="2" op_1_bw="2">
<![CDATA[
newFuncRoot:13 %store_ln0 = store i2 0, i2 %shift

]]></Node>
<StgValue><ssdm name="store_ln0"/></StgValue>
</operation>

<operation id="18" st_id="1" stage="1" lat="1">
<core>NULL</core>
<MemPortIdVec></MemPortIdVec>
<condition id="-1">
<or_exp><and_exp></and_exp></or_exp>
</condition>

<Node id="24" bw="0" op_0_bw="8" op_1_bw="8">
<![CDATA[
newFuncRoot:14 %store_ln0 = store i8 %tmp_read, i8 %p_0_0_012_i70

]]></Node>
<StgValue><ssdm name="store_ln0"/></StgValue>
</operation>

<operation id="19" st_id="1" stage="1" lat="1">
<core>NULL</core>
<MemPortIdVec></MemPortIdVec>
<condition id="-1">
<or_exp><and_exp></and_exp></or_exp>
</condition>

<Node id="25" bw="0" op_0_bw="0">
<![CDATA[
newFuncRoot:15 %br_ln0 = br void %for.inc.i74

]]></Node>
<StgValue><ssdm name="br_ln0"/></StgValue>
</operation>
</state>

<state id="2" st_id="2">

<operation id="20" st_id="2" stage="1" lat="1">
<core>NULL</core>
<MemPortIdVec></MemPortIdVec>
<condition id="-1">
<or_exp><and_exp></and_exp></or_exp>
</condition>

<Node id="27" bw="2" op_0_bw="2" op_1_bw="0">
<![CDATA[
for.inc.i74:0 %shift_load = load i2 %shift

]]></Node>
<StgValue><ssdm name="shift_load"/></StgValue>
</operation>

<operation id="21" st_id="2" stage="1" lat="1">
<core>NULL</core>
<MemPortIdVec></MemPortIdVec>
<condition id="-1">
<or_exp><and_exp></and_exp></or_exp>
</condition>

<Node id="28" bw="8" op_0_bw="8" op_1_bw="0">
<![CDATA[
for.inc.i74:1 %p_0_0_01113_i69_load = load i8 %p_0_0_01113_i69

]]></Node>
<StgValue><ssdm name="p_0_0_01113_i69_load"/></StgValue>
</operation>

<operation id="22" st_id="2" stage="1" lat="1">
<core>NULL</core>
<MemPortIdVec></MemPortIdVec>
<condition id="-1">
<or_exp><and_exp></and_exp></or_exp>
</condition>

<Node id="29" bw="8" op_0_bw="8" op_1_bw="0">
<![CDATA[
for.inc.i74:2 %p_0_0_01014_i68_load = load i8 %p_0_0_01014_i68

]]></Node>
<StgValue><ssdm name="p_0_0_01014_i68_load"/></StgValue>
</operation>

<operation id="23" st_id="2" stage="1" lat="1">
<core>NULL</core>
<MemPortIdVec></MemPortIdVec>
<condition id="-1">
<or_exp><and_exp></and_exp></or_exp>
</condition>

<Node id="30" bw="8" op_0_bw="8" op_1_bw="0">
<![CDATA[
for.inc.i74:3 %p_0_0_0915_i67_load = load i8 %p_0_0_0915_i67

]]></Node>
<StgValue><ssdm name="p_0_0_0915_i67_load"/></StgValue>
</operation>

<operation id="24" st_id="2" stage="1" lat="1">
<core>Cmp</core>
<MemPortIdVec></MemPortIdVec>
<condition id="-1">
<or_exp><and_exp></and_exp></or_exp>
</condition>

<Node id="31" bw="1" op_0_bw="2" op_1_bw="2">
<![CDATA[
for.inc.i74:4 %icmp_ln85 = icmp_eq  i2 %shift_load, i2 %r_2_read

]]></Node>
<StgValue><ssdm name="icmp_ln85"/></StgValue>
</operation>

<operation id="25" st_id="2" stage="1" lat="1">
<core>Adder</core>
<MemPortIdVec></MemPortIdVec>
<condition id="-1">
<or_exp><and_exp></and_exp></or_exp>
</condition>

<Node id="32" bw="2" op_0_bw="2" op_1_bw="2">
<![CDATA[
for.inc.i74:5 %add_ln85 = add i2 %shift_load, i2 1

]]></Node>
<StgValue><ssdm name="add_ln85"/></StgValue>
</operation>

<operation id="26" st_id="2" stage="1" lat="1">
<core>NULL</core>
<MemPortIdVec></MemPortIdVec>
<condition id="-1">
<or_exp><and_exp></and_exp></or_exp>
</condition>

<Node id="33" bw="0" op_0_bw="1" op_1_bw="0" op_2_bw="0">
<![CDATA[
for.inc.i74:6 %br_ln85 = br i1 %icmp_ln85, void %for.inc.i74.split, void %for.inc27.i77.exitStub

]]></Node>
<StgValue><ssdm name="br_ln85"/></StgValue>
</operation>

<operation id="27" st_id="2" stage="1" lat="1">
<core>NULL</core>
<MemPortIdVec></MemPortIdVec>
<condition id="-1">
<or_exp><and_exp><literal name="icmp_ln85" val="0"/>
</and_exp></or_exp>
</condition>

<Node id="35" bw="8" op_0_bw="8" op_1_bw="0">
<![CDATA[
for.inc.i74.split:0 %p_0_0_012_i70_load = load i8 %p_0_0_012_i70

]]></Node>
<StgValue><ssdm name="p_0_0_012_i70_load"/></StgValue>
</operation>

<operation id="28" st_id="2" stage="1" lat="1">
<core>NULL</core>
<MemPortIdVec></MemPortIdVec>
<condition id="-1">
<or_exp><and_exp><literal name="icmp_ln85" val="0"/>
</and_exp></or_exp>
</condition>

<Node id="36" bw="0" op_0_bw="0" op_1_bw="32" op_2_bw="32" op_3_bw="32" op_4_bw="32" op_5_bw="0">
<![CDATA[
for.inc.i74.split:1 %specpipeline_ln85 = specpipeline void @_ssdm_op_SpecPipeline, i32 4294967295, i32 0, i32 0, i32 0, void @empty_0

]]></Node>
<StgValue><ssdm name="specpipeline_ln85"/></StgValue>
</operation>

<operation id="29" st_id="2" stage="1" lat="1">
<core>NULL</core>
<MemPortIdVec></MemPortIdVec>
<condition id="-1">
<or_exp><and_exp><literal name="icmp_ln85" val="0"/>
</and_exp></or_exp>
</condition>

<Node id="37" bw="0" op_0_bw="0" op_1_bw="64" op_2_bw="64" op_3_bw="64">
<![CDATA[
for.inc.i74.split:2 %speclooptripcount_ln85 = speclooptripcount void @_ssdm_op_SpecLoopTripCount, i64 1, i64 3, i64 2

]]></Node>
<StgValue><ssdm name="speclooptripcount_ln85"/></StgValue>
</operation>

<operation id="30" st_id="2" stage="1" lat="1">
<core>NULL</core>
<MemPortIdVec></MemPortIdVec>
<condition id="-1">
<or_exp><and_exp><literal name="icmp_ln85" val="0"/>
</and_exp></or_exp>
</condition>

<Node id="38" bw="0" op_0_bw="0" op_1_bw="0">
<![CDATA[
for.inc.i74.split:3 %specloopname_ln85 = specloopname void @_ssdm_op_SpecLoopName, void @empty_9

]]></Node>
<StgValue><ssdm name="specloopname_ln85"/></StgValue>
</operation>

<operation id="31" st_id="2" stage="1" lat="1">
<core>NULL</core>
<MemPortIdVec></MemPortIdVec>
<condition id="-1">
<or_exp><and_exp><literal name="icmp_ln85" val="0"/>
</and_exp></or_exp>
</condition>

<Node id="39" bw="0" op_0_bw="8" op_1_bw="8" op_2_bw="0" op_3_bw="0">
<![CDATA[
for.inc.i74.split:4 %store_ln0 = store i8 %p_0_0_012_i70_load, i8 %p_0_0_0915_i67

]]></Node>
<StgValue><ssdm name="store_ln0"/></StgValue>
</operation>

<operation id="32" st_id="2" stage="1" lat="1">
<core>NULL</core>
<MemPortIdVec></MemPortIdVec>
<condition id="-1">
<or_exp><and_exp><literal name="icmp_ln85" val="0"/>
</and_exp></or_exp>
</condition>

<Node id="40" bw="0" op_0_bw="8" op_1_bw="8" op_2_bw="0" op_3_bw="0">
<![CDATA[
for.inc.i74.split:5 %store_ln0 = store i8 %p_0_0_0915_i67_load, i8 %p_0_0_01014_i68

]]></Node>
<StgValue><ssdm name="store_ln0"/></StgValue>
</operation>

<operation id="33" st_id="2" stage="1" lat="1">
<core>NULL</core>
<MemPortIdVec></MemPortIdVec>
<condition id="-1">
<or_exp><and_exp><literal name="icmp_ln85" val="0"/>
</and_exp></or_exp>
</condition>

<Node id="41" bw="0" op_0_bw="8" op_1_bw="8" op_2_bw="0" op_3_bw="0">
<![CDATA[
for.inc.i74.split:6 %store_ln0 = store i8 %p_0_0_01014_i68_load, i8 %p_0_0_01113_i69

]]></Node>
<StgValue><ssdm name="store_ln0"/></StgValue>
</operation>

<operation id="34" st_id="2" stage="1" lat="1">
<core>NULL</core>
<MemPortIdVec></MemPortIdVec>
<condition id="-1">
<or_exp><and_exp><literal name="icmp_ln85" val="0"/>
</and_exp></or_exp>
</condition>

<Node id="42" bw="0" op_0_bw="2" op_1_bw="2" op_2_bw="0" op_3_bw="0">
<![CDATA[
for.inc.i74.split:7 %store_ln85 = store i2 %add_ln85, i2 %shift

]]></Node>
<StgValue><ssdm name="store_ln85"/></StgValue>
</operation>

<operation id="35" st_id="2" stage="1" lat="1">
<core>NULL</core>
<MemPortIdVec></MemPortIdVec>
<condition id="-1">
<or_exp><and_exp><literal name="icmp_ln85" val="0"/>
</and_exp></or_exp>
</condition>

<Node id="43" bw="0" op_0_bw="8" op_1_bw="8" op_2_bw="0" op_3_bw="0">
<![CDATA[
for.inc.i74.split:8 %store_ln0 = store i8 %p_0_0_01113_i69_load, i8 %p_0_0_012_i70

]]></Node>
<StgValue><ssdm name="store_ln0"/></StgValue>
</operation>

<operation id="36" st_id="2" stage="1" lat="1">
<core>NULL</core>
<MemPortIdVec></MemPortIdVec>
<condition id="-1">
<or_exp><and_exp><literal name="icmp_ln85" val="0"/>
</and_exp></or_exp>
</condition>

<Node id="44" bw="0" op_0_bw="0">
<![CDATA[
for.inc.i74.split:9 %br_ln85 = br void %for.inc.i74

]]></Node>
<StgValue><ssdm name="br_ln85"/></StgValue>
</operation>

<operation id="37" st_id="2" stage="1" lat="1">
<core>NULL</core>
<MemPortIdVec></MemPortIdVec>
<condition id="-1">
<or_exp><and_exp><literal name="icmp_ln85" val="1"/>
</and_exp></or_exp>
</condition>

<Node id="46" bw="8" op_0_bw="8" op_1_bw="0">
<![CDATA[
for.inc27.i77.exitStub:0 %p_0_0_012_i70_load_1 = load i8 %p_0_0_012_i70

]]></Node>
<StgValue><ssdm name="p_0_0_012_i70_load_1"/></StgValue>
</operation>

<operation id="38" st_id="2" stage="1" lat="1">
<core>NULL</core>
<MemPortIdVec></MemPortIdVec>
<condition id="-1">
<or_exp><and_exp><literal name="icmp_ln85" val="1"/>
</and_exp></or_exp>
</condition>

<Node id="47" bw="0" op_0_bw="0" op_1_bw="8" op_2_bw="8">
<![CDATA[
for.inc27.i77.exitStub:1 %write_ln0 = write void @_ssdm_op_Write.ap_auto.i8P0A, i8 %p_0_0_0915_i67_out, i8 %p_0_0_0915_i67_load

]]></Node>
<StgValue><ssdm name="write_ln0"/></StgValue>
</operation>

<operation id="39" st_id="2" stage="1" lat="1">
<core>NULL</core>
<MemPortIdVec></MemPortIdVec>
<condition id="-1">
<or_exp><and_exp><literal name="icmp_ln85" val="1"/>
</and_exp></or_exp>
</condition>

<Node id="48" bw="0" op_0_bw="0" op_1_bw="8" op_2_bw="8">
<![CDATA[
for.inc27.i77.exitStub:2 %write_ln0 = write void @_ssdm_op_Write.ap_auto.i8P0A, i8 %p_0_0_01014_i68_out, i8 %p_0_0_01014_i68_load

]]></Node>
<StgValue><ssdm name="write_ln0"/></StgValue>
</operation>

<operation id="40" st_id="2" stage="1" lat="1">
<core>NULL</core>
<MemPortIdVec></MemPortIdVec>
<condition id="-1">
<or_exp><and_exp><literal name="icmp_ln85" val="1"/>
</and_exp></or_exp>
</condition>

<Node id="49" bw="0" op_0_bw="0" op_1_bw="8" op_2_bw="8">
<![CDATA[
for.inc27.i77.exitStub:3 %write_ln0 = write void @_ssdm_op_Write.ap_auto.i8P0A, i8 %p_0_0_01113_i69_out, i8 %p_0_0_01113_i69_load

]]></Node>
<StgValue><ssdm name="write_ln0"/></StgValue>
</operation>

<operation id="41" st_id="2" stage="1" lat="1">
<core>NULL</core>
<MemPortIdVec></MemPortIdVec>
<condition id="-1">
<or_exp><and_exp><literal name="icmp_ln85" val="1"/>
</and_exp></or_exp>
</condition>

<Node id="50" bw="0" op_0_bw="0" op_1_bw="8" op_2_bw="8">
<![CDATA[
for.inc27.i77.exitStub:4 %write_ln0 = write void @_ssdm_op_Write.ap_auto.i8P0A, i8 %p_0_0_012_i70_out, i8 %p_0_0_012_i70_load_1

]]></Node>
<StgValue><ssdm name="write_ln0"/></StgValue>
</operation>

<operation id="42" st_id="2" stage="1" lat="1">
<core>NULL</core>
<MemPortIdVec></MemPortIdVec>
<condition id="-1">
<or_exp><and_exp><literal name="icmp_ln85" val="1"/>
</and_exp></or_exp>
</condition>

<Node id="51" bw="0">
<![CDATA[
for.inc27.i77.exitStub:5 %ret_ln0 = ret

]]></Node>
<StgValue><ssdm name="ret_ln0"/></StgValue>
</operation>
</state>
</state_list>


<ports>
<port id="50" name="tmp_3" dir="0" iftype="0">
<core>NULL</core><StgValue><ssdm name="tmp_3"/></StgValue>
</port>
<port id="51" name="tmp_2" dir="0" iftype="0">
<core>NULL</core><StgValue><ssdm name="tmp_2"/></StgValue>
</port>
<port id="52" name="tmp_1" dir="0" iftype="0">
<core>NULL</core><StgValue><ssdm name="tmp_1"/></StgValue>
</port>
<port id="53" name="tmp" dir="0" iftype="0">
<core>NULL</core><StgValue><ssdm name="tmp"/></StgValue>
</port>
<port id="54" name="r_2" dir="0" iftype="0">
<core>NULL</core><StgValue><ssdm name="r_2"/></StgValue>
</port>
<port id="55" name="p_0_0_0915_i67_out" dir="1" iftype="0">
<core>NULL</core><StgValue><ssdm name="p_0_0_0915_i67_out"/></StgValue>
</port>
<port id="56" name="p_0_0_01014_i68_out" dir="1" iftype="0">
<core>NULL</core><StgValue><ssdm name="p_0_0_01014_i68_out"/></StgValue>
</port>
<port id="57" name="p_0_0_01113_i69_out" dir="1" iftype="0">
<core>NULL</core><StgValue><ssdm name="p_0_0_01113_i69_out"/></StgValue>
</port>
<port id="58" name="p_0_0_012_i70_out" dir="1" iftype="0">
<core>NULL</core><StgValue><ssdm name="p_0_0_012_i70_out"/></StgValue>
</port>
</ports>


<dataflows>
<dataflow id="60" from="StgValue_59" to="p_0_0_012_i70" fromId="59" toId="4">
</dataflow>
<dataflow id="61" from="StgValue_59" to="shift" fromId="59" toId="5">
</dataflow>
<dataflow id="62" from="StgValue_59" to="p_0_0_01113_i69" fromId="59" toId="6">
</dataflow>
<dataflow id="63" from="StgValue_59" to="p_0_0_01014_i68" fromId="59" toId="7">
</dataflow>
<dataflow id="64" from="StgValue_59" to="p_0_0_0915_i67" fromId="59" toId="8">
</dataflow>
<dataflow id="66" from="_ssdm_op_Read.ap_auto.i2" to="r_2_read" fromId="65" toId="9">
</dataflow>
<dataflow id="67" from="r_2" to="r_2_read" fromId="54" toId="9">
</dataflow>
<dataflow id="69" from="_ssdm_op_Read.ap_auto.i8" to="tmp_read" fromId="68" toId="10">
</dataflow>
<dataflow id="70" from="tmp" to="tmp_read" fromId="53" toId="10">
</dataflow>
<dataflow id="71" from="_ssdm_op_Read.ap_auto.i8" to="tmp_1_read" fromId="68" toId="11">
</dataflow>
<dataflow id="72" from="tmp_1" to="tmp_1_read" fromId="52" toId="11">
</dataflow>
<dataflow id="73" from="_ssdm_op_Read.ap_auto.i8" to="tmp_2_read" fromId="68" toId="12">
</dataflow>
<dataflow id="74" from="tmp_2" to="tmp_2_read" fromId="51" toId="12">
</dataflow>
<dataflow id="75" from="_ssdm_op_Read.ap_auto.i8" to="tmp_3_read" fromId="68" toId="13">
</dataflow>
<dataflow id="76" from="tmp_3" to="tmp_3_read" fromId="50" toId="13">
</dataflow>
<dataflow id="77" from="tmp_3_read" to="store_ln0" fromId="13" toId="14">
</dataflow>
<dataflow id="78" from="p_0_0_0915_i67" to="store_ln0" fromId="8" toId="14">
</dataflow>
<dataflow id="79" from="tmp_2_read" to="store_ln0" fromId="12" toId="15">
</dataflow>
<dataflow id="80" from="p_0_0_01014_i68" to="store_ln0" fromId="7" toId="15">
</dataflow>
<dataflow id="81" from="tmp_1_read" to="store_ln0" fromId="11" toId="16">
</dataflow>
<dataflow id="82" from="p_0_0_01113_i69" to="store_ln0" fromId="6" toId="16">
</dataflow>
<dataflow id="84" from="StgValue_83" to="store_ln0" fromId="83" toId="17">
</dataflow>
<dataflow id="85" from="shift" to="store_ln0" fromId="5" toId="17">
</dataflow>
<dataflow id="86" from="tmp_read" to="store_ln0" fromId="10" toId="18">
</dataflow>
<dataflow id="87" from="p_0_0_012_i70" to="store_ln0" fromId="4" toId="18">
</dataflow>
<dataflow id="88" from="shift" to="shift_load" fromId="5" toId="20">
</dataflow>
<dataflow id="89" from="p_0_0_01113_i69" to="p_0_0_01113_i69_load" fromId="6" toId="21">
</dataflow>
<dataflow id="90" from="p_0_0_01014_i68" to="p_0_0_01014_i68_load" fromId="7" toId="22">
</dataflow>
<dataflow id="91" from="p_0_0_0915_i67" to="p_0_0_0915_i67_load" fromId="8" toId="23">
</dataflow>
<dataflow id="92" from="shift_load" to="icmp_ln85" fromId="20" toId="24">
</dataflow>
<dataflow id="93" from="r_2_read" to="icmp_ln85" fromId="9" toId="24">
</dataflow>
<dataflow id="94" from="shift_load" to="add_ln85" fromId="20" toId="25">
</dataflow>
<dataflow id="96" from="StgValue_95" to="add_ln85" fromId="95" toId="25">
</dataflow>
<dataflow id="97" from="icmp_ln85" to="br_ln85" fromId="24" toId="26">
</dataflow>
<dataflow id="98" from="p_0_0_012_i70" to="p_0_0_012_i70_load" fromId="4" toId="27">
</dataflow>
<dataflow id="100" from="_ssdm_op_SpecPipeline" to="specpipeline_ln85" fromId="99" toId="28">
</dataflow>
<dataflow id="102" from="StgValue_101" to="specpipeline_ln85" fromId="101" toId="28">
</dataflow>
<dataflow id="104" from="StgValue_103" to="specpipeline_ln85" fromId="103" toId="28">
</dataflow>
<dataflow id="105" from="StgValue_103" to="specpipeline_ln85" fromId="103" toId="28">
</dataflow>
<dataflow id="106" from="StgValue_103" to="specpipeline_ln85" fromId="103" toId="28">
</dataflow>
<dataflow id="108" from="empty_0" to="specpipeline_ln85" fromId="107" toId="28">
</dataflow>
<dataflow id="110" from="_ssdm_op_SpecLoopTripCount" to="speclooptripcount_ln85" fromId="109" toId="29">
</dataflow>
<dataflow id="112" from="StgValue_111" to="speclooptripcount_ln85" fromId="111" toId="29">
</dataflow>
<dataflow id="114" from="StgValue_113" to="speclooptripcount_ln85" fromId="113" toId="29">
</dataflow>
<dataflow id="116" from="StgValue_115" to="speclooptripcount_ln85" fromId="115" toId="29">
</dataflow>
<dataflow id="118" from="_ssdm_op_SpecLoopName" to="specloopname_ln85" fromId="117" toId="30">
</dataflow>
<dataflow id="120" from="empty_9" to="specloopname_ln85" fromId="119" toId="30">
</dataflow>
<dataflow id="121" from="p_0_0_012_i70_load" to="store_ln0" fromId="27" toId="31">
</dataflow>
<dataflow id="122" from="p_0_0_0915_i67" to="store_ln0" fromId="8" toId="31">
</dataflow>
<dataflow id="123" from="p_0_0_0915_i67_load" to="store_ln0" fromId="23" toId="32">
</dataflow>
<dataflow id="124" from="p_0_0_01014_i68" to="store_ln0" fromId="7" toId="32">
</dataflow>
<dataflow id="125" from="p_0_0_01014_i68_load" to="store_ln0" fromId="22" toId="33">
</dataflow>
<dataflow id="126" from="p_0_0_01113_i69" to="store_ln0" fromId="6" toId="33">
</dataflow>
<dataflow id="127" from="add_ln85" to="store_ln85" fromId="25" toId="34">
</dataflow>
<dataflow id="128" from="shift" to="store_ln85" fromId="5" toId="34">
</dataflow>
<dataflow id="129" from="p_0_0_01113_i69_load" to="store_ln0" fromId="21" toId="35">
</dataflow>
<dataflow id="130" from="p_0_0_012_i70" to="store_ln0" fromId="4" toId="35">
</dataflow>
<dataflow id="131" from="p_0_0_012_i70" to="p_0_0_012_i70_load_1" fromId="4" toId="37">
</dataflow>
<dataflow id="133" from="_ssdm_op_Write.ap_auto.i8P0A" to="write_ln0" fromId="132" toId="38">
</dataflow>
<dataflow id="134" from="p_0_0_0915_i67_out" to="write_ln0" fromId="55" toId="38">
</dataflow>
<dataflow id="135" from="p_0_0_0915_i67_load" to="write_ln0" fromId="23" toId="38">
</dataflow>
<dataflow id="136" from="_ssdm_op_Write.ap_auto.i8P0A" to="write_ln0" fromId="132" toId="39">
</dataflow>
<dataflow id="137" from="p_0_0_01014_i68_out" to="write_ln0" fromId="56" toId="39">
</dataflow>
<dataflow id="138" from="p_0_0_01014_i68_load" to="write_ln0" fromId="22" toId="39">
</dataflow>
<dataflow id="139" from="_ssdm_op_Write.ap_auto.i8P0A" to="write_ln0" fromId="132" toId="40">
</dataflow>
<dataflow id="140" from="p_0_0_01113_i69_out" to="write_ln0" fromId="57" toId="40">
</dataflow>
<dataflow id="141" from="p_0_0_01113_i69_load" to="write_ln0" fromId="21" toId="40">
</dataflow>
<dataflow id="142" from="_ssdm_op_Write.ap_auto.i8P0A" to="write_ln0" fromId="132" toId="41">
</dataflow>
<dataflow id="143" from="p_0_0_012_i70_out" to="write_ln0" fromId="58" toId="41">
</dataflow>
<dataflow id="144" from="p_0_0_012_i70_load_1" to="write_ln0" fromId="37" toId="41">
</dataflow>
<dataflow id="145" from="icmp_ln85" to="StgValue_2" fromId="24" toId="2">
</dataflow>
</dataflows>


</stg>
