<stg><name>Cipher_Pipeline_VITIS_LOOP_96_1</name>


<trans_list>

<trans id="63" from="1" to="2">
<condition id="-1">
<or_exp><and_exp></and_exp></or_exp>
</condition>
</trans>
</trans_list>



<state_list>

<state id="1" st_id="2">

<operation id="5" st_id="1" stage="1" lat="1">
<core>NULL</core>
<MemPortIdVec></MemPortIdVec>
<condition id="-1">
<or_exp><and_exp></and_exp></or_exp>
</condition>

<Node id="5" bw="3" op_0_bw="32">
<![CDATA[
newFuncRoot:0 %c = alloca i32 1

]]></Node>
<StgValue><ssdm name="c"/></StgValue>
</operation>

<operation id="6" st_id="1" stage="1" lat="1">
<core>NULL</core>
<MemPortIdVec></MemPortIdVec>
<condition id="-1">
<or_exp><and_exp></and_exp></or_exp>
</condition>

<Node id="6" bw="0" op_0_bw="3" op_1_bw="3">
<![CDATA[
newFuncRoot:1 %store_ln96 = store i3 0, i3 %c

]]></Node>
<StgValue><ssdm name="store_ln96"/></StgValue>
</operation>

<operation id="7" st_id="1" stage="1" lat="1">
<core>NULL</core>
<MemPortIdVec></MemPortIdVec>
<condition id="-1">
<or_exp><and_exp></and_exp></or_exp>
</condition>

<Node id="7" bw="0" op_0_bw="0">
<![CDATA[
newFuncRoot:2 %br_ln0 = br void %VITIS_LOOP_98_2.i

]]></Node>
<StgValue><ssdm name="br_ln0"/></StgValue>
</operation>

<operation id="8" st_id="1" stage="1" lat="1">
<core>NULL</core>
<MemPortIdVec></MemPortIdVec>
<condition id="-1">
<or_exp><and_exp></and_exp></or_exp>
</condition>

<Node id="9" bw="3" op_0_bw="3" op_1_bw="0">
<![CDATA[
VITIS_LOOP_98_2.i:0 %c_1 = load i3 %c

]]></Node>
<StgValue><ssdm name="c_1"/></StgValue>
</operation>

<operation id="9" st_id="1" stage="1" lat="1">
<core>Cmp</core>
<MemPortIdVec></MemPortIdVec>
<condition id="-1">
<or_exp><and_exp></and_exp></or_exp>
</condition>

<Node id="10" bw="1" op_0_bw="3" op_1_bw="3">
<![CDATA[
VITIS_LOOP_98_2.i:1 %icmp_ln96 = icmp_eq  i3 %c_1, i3 4

]]></Node>
<StgValue><ssdm name="icmp_ln96"/></StgValue>
</operation>

<operation id="10" st_id="1" stage="1" lat="1">
<core>Adder</core>
<MemPortIdVec></MemPortIdVec>
<condition id="-1">
<or_exp><and_exp></and_exp></or_exp>
</condition>

<Node id="11" bw="3" op_0_bw="3" op_1_bw="3">
<![CDATA[
VITIS_LOOP_98_2.i:2 %add_ln96 = add i3 %c_1, i3 1

]]></Node>
<StgValue><ssdm name="add_ln96"/></StgValue>
</operation>

<operation id="11" st_id="1" stage="1" lat="1">
<core>NULL</core>
<MemPortIdVec></MemPortIdVec>
<condition id="-1">
<or_exp><and_exp></and_exp></or_exp>
</condition>

<Node id="12" bw="0" op_0_bw="1" op_1_bw="0" op_2_bw="0">
<![CDATA[
VITIS_LOOP_98_2.i:3 %br_ln96 = br i1 %icmp_ln96, void %VITIS_LOOP_98_2.i.split, void %_Z10MixColumnsPA4_7ap_uintILi8EE.exit.exitStub

]]></Node>
<StgValue><ssdm name="br_ln96"/></StgValue>
</operation>

<operation id="12" st_id="1" stage="1" lat="1">
<core>NULL</core>
<MemPortIdVec></MemPortIdVec>
<condition id="-1">
<or_exp><and_exp><literal name="icmp_ln96" val="0"/>
</and_exp></or_exp>
</condition>

<Node id="14" bw="64" op_0_bw="3">
<![CDATA[
VITIS_LOOP_98_2.i.split:0 %zext_ln96 = zext i3 %c_1

]]></Node>
<StgValue><ssdm name="zext_ln96"/></StgValue>
</operation>

<operation id="13" st_id="1" stage="1" lat="1">
<core>NULL</core>
<MemPortIdVec></MemPortIdVec>
<condition id="-1">
<or_exp><and_exp><literal name="icmp_ln96" val="0"/>
</and_exp></or_exp>
</condition>

<Node id="18" bw="2" op_0_bw="8" op_1_bw="64" op_2_bw="64">
<![CDATA[
VITIS_LOOP_98_2.i.split:4 %state_addr = getelementptr i8 %state, i64 0, i64 %zext_ln96

]]></Node>
<StgValue><ssdm name="state_addr"/></StgValue>
</operation>

<operation id="14" st_id="1" stage="2" lat="2">
<core>RAM</core>
<MemPortIdVec>1 </MemPortIdVec>
<condition id="-1">
<or_exp><and_exp><literal name="icmp_ln96" val="0"/>
</and_exp></or_exp>
</condition>

<Node id="19" bw="8" op_0_bw="2">
<![CDATA[
VITIS_LOOP_98_2.i.split:5 %state_load = load i2 %state_addr

]]></Node>
<StgValue><ssdm name="state_load"/></StgValue>
</operation>

<operation id="15" st_id="1" stage="1" lat="1">
<core>NULL</core>
<MemPortIdVec></MemPortIdVec>
<condition id="-1">
<or_exp><and_exp><literal name="icmp_ln96" val="0"/>
</and_exp></or_exp>
</condition>

<Node id="20" bw="2" op_0_bw="8" op_1_bw="64" op_2_bw="64">
<![CDATA[
VITIS_LOOP_98_2.i.split:6 %state_1_addr = getelementptr i8 %state_1, i64 0, i64 %zext_ln96

]]></Node>
<StgValue><ssdm name="state_1_addr"/></StgValue>
</operation>

<operation id="16" st_id="1" stage="2" lat="2">
<core>RAM</core>
<MemPortIdVec>1 </MemPortIdVec>
<condition id="-1">
<or_exp><and_exp><literal name="icmp_ln96" val="0"/>
</and_exp></or_exp>
</condition>

<Node id="21" bw="8" op_0_bw="2">
<![CDATA[
VITIS_LOOP_98_2.i.split:7 %state_1_load = load i2 %state_1_addr

]]></Node>
<StgValue><ssdm name="state_1_load"/></StgValue>
</operation>

<operation id="17" st_id="1" stage="1" lat="1">
<core>NULL</core>
<MemPortIdVec></MemPortIdVec>
<condition id="-1">
<or_exp><and_exp><literal name="icmp_ln96" val="0"/>
</and_exp></or_exp>
</condition>

<Node id="22" bw="2" op_0_bw="8" op_1_bw="64" op_2_bw="64">
<![CDATA[
VITIS_LOOP_98_2.i.split:8 %state_2_addr = getelementptr i8 %state_2, i64 0, i64 %zext_ln96

]]></Node>
<StgValue><ssdm name="state_2_addr"/></StgValue>
</operation>

<operation id="18" st_id="1" stage="2" lat="2">
<core>RAM</core>
<MemPortIdVec>1 </MemPortIdVec>
<condition id="-1">
<or_exp><and_exp><literal name="icmp_ln96" val="0"/>
</and_exp></or_exp>
</condition>

<Node id="23" bw="8" op_0_bw="2">
<![CDATA[
VITIS_LOOP_98_2.i.split:9 %state_2_load = load i2 %state_2_addr

]]></Node>
<StgValue><ssdm name="state_2_load"/></StgValue>
</operation>

<operation id="19" st_id="1" stage="1" lat="1">
<core>NULL</core>
<MemPortIdVec></MemPortIdVec>
<condition id="-1">
<or_exp><and_exp><literal name="icmp_ln96" val="0"/>
</and_exp></or_exp>
</condition>

<Node id="24" bw="2" op_0_bw="8" op_1_bw="64" op_2_bw="64">
<![CDATA[
VITIS_LOOP_98_2.i.split:10 %state_3_addr = getelementptr i8 %state_3, i64 0, i64 %zext_ln96

]]></Node>
<StgValue><ssdm name="state_3_addr"/></StgValue>
</operation>

<operation id="20" st_id="1" stage="2" lat="2">
<core>RAM</core>
<MemPortIdVec>1 </MemPortIdVec>
<condition id="-1">
<or_exp><and_exp><literal name="icmp_ln96" val="0"/>
</and_exp></or_exp>
</condition>

<Node id="25" bw="8" op_0_bw="2">
<![CDATA[
VITIS_LOOP_98_2.i.split:11 %state_3_load = load i2 %state_3_addr

]]></Node>
<StgValue><ssdm name="state_3_load"/></StgValue>
</operation>

<operation id="21" st_id="1" stage="1" lat="1">
<core>NULL</core>
<MemPortIdVec></MemPortIdVec>
<condition id="-1">
<or_exp><and_exp><literal name="icmp_ln96" val="0"/>
</and_exp></or_exp>
</condition>

<Node id="50" bw="0" op_0_bw="3" op_1_bw="3" op_2_bw="0" op_3_bw="0">
<![CDATA[
VITIS_LOOP_98_2.i.split:36 %store_ln96 = store i3 %add_ln96, i3 %c

]]></Node>
<StgValue><ssdm name="store_ln96"/></StgValue>
</operation>

<operation id="54" st_id="1" stage="1" lat="1">
<core>NULL</core>
<MemPortIdVec></MemPortIdVec>
<condition id="-1">
<or_exp><and_exp><literal name="icmp_ln96" val="1"/>
</and_exp></or_exp>
</condition>

<Node id="53" bw="0">
<![CDATA[
_Z10MixColumnsPA4_7ap_uintILi8EE.exit.exitStub:0 %ret_ln0 = ret

]]></Node>
<StgValue><ssdm name="ret_ln0"/></StgValue>
</operation>
</state>

<state id="2" st_id="3">

<operation id="22" st_id="2" stage="1" lat="1">
<core>NULL</core>
<MemPortIdVec></MemPortIdVec>
<condition id="-1">
<or_exp><and_exp></and_exp></or_exp>
</condition>

<Node id="15" bw="0" op_0_bw="0" op_1_bw="32" op_2_bw="32" op_3_bw="32" op_4_bw="32" op_5_bw="0">
<![CDATA[
VITIS_LOOP_98_2.i.split:1 %specpipeline_ln97 = specpipeline void @_ssdm_op_SpecPipeline, i32 4294967295, i32 0, i32 0, i32 0, void @empty_0

]]></Node>
<StgValue><ssdm name="specpipeline_ln97"/></StgValue>
</operation>

<operation id="23" st_id="2" stage="1" lat="1">
<core>NULL</core>
<MemPortIdVec></MemPortIdVec>
<condition id="-1">
<or_exp><and_exp></and_exp></or_exp>
</condition>

<Node id="16" bw="0" op_0_bw="0" op_1_bw="64" op_2_bw="64" op_3_bw="64">
<![CDATA[
VITIS_LOOP_98_2.i.split:2 %speclooptripcount_ln97 = speclooptripcount void @_ssdm_op_SpecLoopTripCount, i64 4, i64 4, i64 4

]]></Node>
<StgValue><ssdm name="speclooptripcount_ln97"/></StgValue>
</operation>

<operation id="24" st_id="2" stage="1" lat="1">
<core>NULL</core>
<MemPortIdVec></MemPortIdVec>
<condition id="-1">
<or_exp><and_exp></and_exp></or_exp>
</condition>

<Node id="17" bw="0" op_0_bw="0" op_1_bw="0">
<![CDATA[
VITIS_LOOP_98_2.i.split:3 %specloopname_ln96 = specloopname void @_ssdm_op_SpecLoopName, void @empty_11

]]></Node>
<StgValue><ssdm name="specloopname_ln96"/></StgValue>
</operation>

<operation id="25" st_id="2" stage="1" lat="2">
<core>RAM</core>
<MemPortIdVec>1 </MemPortIdVec>
<condition id="-1">
<or_exp><and_exp></and_exp></or_exp>
</condition>

<Node id="19" bw="8" op_0_bw="2">
<![CDATA[
VITIS_LOOP_98_2.i.split:5 %state_load = load i2 %state_addr

]]></Node>
<StgValue><ssdm name="state_load"/></StgValue>
</operation>

<operation id="26" st_id="2" stage="1" lat="2">
<core>RAM</core>
<MemPortIdVec>1 </MemPortIdVec>
<condition id="-1">
<or_exp><and_exp></and_exp></or_exp>
</condition>

<Node id="21" bw="8" op_0_bw="2">
<![CDATA[
VITIS_LOOP_98_2.i.split:7 %state_1_load = load i2 %state_1_addr

]]></Node>
<StgValue><ssdm name="state_1_load"/></StgValue>
</operation>

<operation id="27" st_id="2" stage="1" lat="2">
<core>RAM</core>
<MemPortIdVec>1 </MemPortIdVec>
<condition id="-1">
<or_exp><and_exp></and_exp></or_exp>
</condition>

<Node id="23" bw="8" op_0_bw="2">
<![CDATA[
VITIS_LOOP_98_2.i.split:9 %state_2_load = load i2 %state_2_addr

]]></Node>
<StgValue><ssdm name="state_2_load"/></StgValue>
</operation>

<operation id="28" st_id="2" stage="1" lat="2">
<core>RAM</core>
<MemPortIdVec>1 </MemPortIdVec>
<condition id="-1">
<or_exp><and_exp></and_exp></or_exp>
</condition>

<Node id="25" bw="8" op_0_bw="2">
<![CDATA[
VITIS_LOOP_98_2.i.split:11 %state_3_load = load i2 %state_3_addr

]]></Node>
<StgValue><ssdm name="state_3_load"/></StgValue>
</operation>

<operation id="29" st_id="2" stage="1" lat="1">
<core></core>
<MemPortIdVec></MemPortIdVec>
<condition id="-1">
<or_exp><and_exp><literal name="icmp_ln96" val="0"/>
</and_exp></or_exp>
</condition>

<Node id="26" bw="8" op_0_bw="8" op_1_bw="2" op_2_bw="8">
<![CDATA[
VITIS_LOOP_98_2.i.split:12 %ref_tmp11_i = call i8 @gmul, i2 2, i8 %state_load

]]></Node>
<StgValue><ssdm name="ref_tmp11_i"/></StgValue>
</operation>

<operation id="30" st_id="2" stage="1" lat="1">
<core></core>
<MemPortIdVec></MemPortIdVec>
<condition id="-1">
<or_exp><and_exp><literal name="icmp_ln96" val="0"/>
</and_exp></or_exp>
</condition>

<Node id="27" bw="8" op_0_bw="8" op_1_bw="2" op_2_bw="8">
<![CDATA[
VITIS_LOOP_98_2.i.split:13 %ref_tmp14_i = call i8 @gmul, i2 3, i8 %state_1_load

]]></Node>
<StgValue><ssdm name="ref_tmp14_i"/></StgValue>
</operation>

<operation id="31" st_id="2" stage="1" lat="1">
<core>LogicGate</core>
<MemPortIdVec></MemPortIdVec>
<condition id="-1">
<or_exp><and_exp></and_exp></or_exp>
</condition>

<Node id="28" bw="8" op_0_bw="8" op_1_bw="8">
<![CDATA[
VITIS_LOOP_98_2.i.split:14 %xor_ln100 = xor i8 %state_3_load, i8 %state_2_load

]]></Node>
<StgValue><ssdm name="xor_ln100"/></StgValue>
</operation>

<operation id="32" st_id="2" stage="1" lat="1">
<core>LogicGate</core>
<MemPortIdVec></MemPortIdVec>
<condition id="-1">
<or_exp><and_exp></and_exp></or_exp>
</condition>

<Node id="29" bw="8" op_0_bw="8" op_1_bw="8">
<![CDATA[
VITIS_LOOP_98_2.i.split:15 %xor_ln100_1 = xor i8 %ref_tmp11_i, i8 %ref_tmp14_i

]]></Node>
<StgValue><ssdm name="xor_ln100_1"/></StgValue>
</operation>

<operation id="33" st_id="2" stage="1" lat="1">
<core>LogicGate</core>
<MemPortIdVec></MemPortIdVec>
<condition id="-1">
<or_exp><and_exp></and_exp></or_exp>
</condition>

<Node id="30" bw="8" op_0_bw="8" op_1_bw="8">
<![CDATA[
VITIS_LOOP_98_2.i.split:16 %xor_ln100_2 = xor i8 %xor_ln100_1, i8 %xor_ln100

]]></Node>
<StgValue><ssdm name="xor_ln100_2"/></StgValue>
</operation>

<operation id="34" st_id="2" stage="1" lat="1">
<core></core>
<MemPortIdVec></MemPortIdVec>
<condition id="-1">
<or_exp><and_exp><literal name="icmp_ln96" val="0"/>
</and_exp></or_exp>
</condition>

<Node id="31" bw="8" op_0_bw="8" op_1_bw="2" op_2_bw="8">
<![CDATA[
VITIS_LOOP_98_2.i.split:17 %ref_tmp25_i = call i8 @gmul, i2 2, i8 %state_1_load

]]></Node>
<StgValue><ssdm name="ref_tmp25_i"/></StgValue>
</operation>

<operation id="35" st_id="2" stage="1" lat="1">
<core></core>
<MemPortIdVec></MemPortIdVec>
<condition id="-1">
<or_exp><and_exp><literal name="icmp_ln96" val="0"/>
</and_exp></or_exp>
</condition>

<Node id="32" bw="8" op_0_bw="8" op_1_bw="2" op_2_bw="8">
<![CDATA[
VITIS_LOOP_98_2.i.split:18 %ref_tmp29_i = call i8 @gmul, i2 3, i8 %state_2_load

]]></Node>
<StgValue><ssdm name="ref_tmp29_i"/></StgValue>
</operation>

<operation id="36" st_id="2" stage="1" lat="1">
<core>LogicGate</core>
<MemPortIdVec></MemPortIdVec>
<condition id="-1">
<or_exp><and_exp></and_exp></or_exp>
</condition>

<Node id="33" bw="8" op_0_bw="8" op_1_bw="8">
<![CDATA[
VITIS_LOOP_98_2.i.split:19 %xor_ln101 = xor i8 %state_3_load, i8 %state_load

]]></Node>
<StgValue><ssdm name="xor_ln101"/></StgValue>
</operation>

<operation id="37" st_id="2" stage="1" lat="1">
<core>LogicGate</core>
<MemPortIdVec></MemPortIdVec>
<condition id="-1">
<or_exp><and_exp></and_exp></or_exp>
</condition>

<Node id="34" bw="8" op_0_bw="8" op_1_bw="8">
<![CDATA[
VITIS_LOOP_98_2.i.split:20 %xor_ln101_1 = xor i8 %ref_tmp25_i, i8 %ref_tmp29_i

]]></Node>
<StgValue><ssdm name="xor_ln101_1"/></StgValue>
</operation>

<operation id="38" st_id="2" stage="1" lat="1">
<core>LogicGate</core>
<MemPortIdVec></MemPortIdVec>
<condition id="-1">
<or_exp><and_exp></and_exp></or_exp>
</condition>

<Node id="35" bw="8" op_0_bw="8" op_1_bw="8">
<![CDATA[
VITIS_LOOP_98_2.i.split:21 %xor_ln101_2 = xor i8 %xor_ln101_1, i8 %xor_ln101

]]></Node>
<StgValue><ssdm name="xor_ln101_2"/></StgValue>
</operation>

<operation id="39" st_id="2" stage="1" lat="1">
<core></core>
<MemPortIdVec></MemPortIdVec>
<condition id="-1">
<or_exp><and_exp><literal name="icmp_ln96" val="0"/>
</and_exp></or_exp>
</condition>

<Node id="36" bw="8" op_0_bw="8" op_1_bw="2" op_2_bw="8">
<![CDATA[
VITIS_LOOP_98_2.i.split:22 %ref_tmp40_i = call i8 @gmul, i2 2, i8 %state_2_load

]]></Node>
<StgValue><ssdm name="ref_tmp40_i"/></StgValue>
</operation>

<operation id="40" st_id="2" stage="1" lat="1">
<core></core>
<MemPortIdVec></MemPortIdVec>
<condition id="-1">
<or_exp><and_exp><literal name="icmp_ln96" val="0"/>
</and_exp></or_exp>
</condition>

<Node id="37" bw="8" op_0_bw="8" op_1_bw="2" op_2_bw="8">
<![CDATA[
VITIS_LOOP_98_2.i.split:23 %ref_tmp44_i = call i8 @gmul, i2 3, i8 %state_3_load

]]></Node>
<StgValue><ssdm name="ref_tmp44_i"/></StgValue>
</operation>

<operation id="41" st_id="2" stage="1" lat="1">
<core>LogicGate</core>
<MemPortIdVec></MemPortIdVec>
<condition id="-1">
<or_exp><and_exp></and_exp></or_exp>
</condition>

<Node id="38" bw="8" op_0_bw="8" op_1_bw="8">
<![CDATA[
VITIS_LOOP_98_2.i.split:24 %xor_ln102 = xor i8 %state_1_load, i8 %state_load

]]></Node>
<StgValue><ssdm name="xor_ln102"/></StgValue>
</operation>

<operation id="42" st_id="2" stage="1" lat="1">
<core>LogicGate</core>
<MemPortIdVec></MemPortIdVec>
<condition id="-1">
<or_exp><and_exp></and_exp></or_exp>
</condition>

<Node id="39" bw="8" op_0_bw="8" op_1_bw="8">
<![CDATA[
VITIS_LOOP_98_2.i.split:25 %xor_ln102_1 = xor i8 %ref_tmp40_i, i8 %ref_tmp44_i

]]></Node>
<StgValue><ssdm name="xor_ln102_1"/></StgValue>
</operation>

<operation id="43" st_id="2" stage="1" lat="1">
<core>LogicGate</core>
<MemPortIdVec></MemPortIdVec>
<condition id="-1">
<or_exp><and_exp></and_exp></or_exp>
</condition>

<Node id="40" bw="8" op_0_bw="8" op_1_bw="8">
<![CDATA[
VITIS_LOOP_98_2.i.split:26 %xor_ln102_2 = xor i8 %xor_ln102_1, i8 %xor_ln102

]]></Node>
<StgValue><ssdm name="xor_ln102_2"/></StgValue>
</operation>

<operation id="44" st_id="2" stage="1" lat="1">
<core></core>
<MemPortIdVec></MemPortIdVec>
<condition id="-1">
<or_exp><and_exp><literal name="icmp_ln96" val="0"/>
</and_exp></or_exp>
</condition>

<Node id="41" bw="8" op_0_bw="8" op_1_bw="2" op_2_bw="8">
<![CDATA[
VITIS_LOOP_98_2.i.split:27 %ref_tmp52_i = call i8 @gmul, i2 3, i8 %state_load

]]></Node>
<StgValue><ssdm name="ref_tmp52_i"/></StgValue>
</operation>

<operation id="45" st_id="2" stage="1" lat="1">
<core></core>
<MemPortIdVec></MemPortIdVec>
<condition id="-1">
<or_exp><and_exp><literal name="icmp_ln96" val="0"/>
</and_exp></or_exp>
</condition>

<Node id="42" bw="8" op_0_bw="8" op_1_bw="2" op_2_bw="8">
<![CDATA[
VITIS_LOOP_98_2.i.split:28 %ref_tmp58_i = call i8 @gmul, i2 2, i8 %state_3_load

]]></Node>
<StgValue><ssdm name="ref_tmp58_i"/></StgValue>
</operation>

<operation id="46" st_id="2" stage="1" lat="1">
<core>LogicGate</core>
<MemPortIdVec></MemPortIdVec>
<condition id="-1">
<or_exp><and_exp></and_exp></or_exp>
</condition>

<Node id="43" bw="8" op_0_bw="8" op_1_bw="8">
<![CDATA[
VITIS_LOOP_98_2.i.split:29 %xor_ln103 = xor i8 %state_2_load, i8 %state_1_load

]]></Node>
<StgValue><ssdm name="xor_ln103"/></StgValue>
</operation>

<operation id="47" st_id="2" stage="1" lat="1">
<core>LogicGate</core>
<MemPortIdVec></MemPortIdVec>
<condition id="-1">
<or_exp><and_exp></and_exp></or_exp>
</condition>

<Node id="44" bw="8" op_0_bw="8" op_1_bw="8">
<![CDATA[
VITIS_LOOP_98_2.i.split:30 %xor_ln103_1 = xor i8 %ref_tmp52_i, i8 %ref_tmp58_i

]]></Node>
<StgValue><ssdm name="xor_ln103_1"/></StgValue>
</operation>

<operation id="48" st_id="2" stage="1" lat="1">
<core>LogicGate</core>
<MemPortIdVec></MemPortIdVec>
<condition id="-1">
<or_exp><and_exp></and_exp></or_exp>
</condition>

<Node id="45" bw="8" op_0_bw="8" op_1_bw="8">
<![CDATA[
VITIS_LOOP_98_2.i.split:31 %xor_ln103_2 = xor i8 %xor_ln103_1, i8 %xor_ln103

]]></Node>
<StgValue><ssdm name="xor_ln103_2"/></StgValue>
</operation>

<operation id="49" st_id="2" stage="1" lat="1">
<core>RAM</core>
<MemPortIdVec>0 </MemPortIdVec>
<condition id="-1">
<or_exp><and_exp></and_exp></or_exp>
</condition>

<Node id="46" bw="0" op_0_bw="8" op_1_bw="2" op_2_bw="0">
<![CDATA[
VITIS_LOOP_98_2.i.split:32 %store_ln105 = store i8 %xor_ln100_2, i2 %state_addr

]]></Node>
<StgValue><ssdm name="store_ln105"/></StgValue>
</operation>

<operation id="50" st_id="2" stage="1" lat="1">
<core>RAM</core>
<MemPortIdVec>0 </MemPortIdVec>
<condition id="-1">
<or_exp><and_exp></and_exp></or_exp>
</condition>

<Node id="47" bw="0" op_0_bw="8" op_1_bw="2" op_2_bw="0">
<![CDATA[
VITIS_LOOP_98_2.i.split:33 %store_ln105 = store i8 %xor_ln101_2, i2 %state_1_addr

]]></Node>
<StgValue><ssdm name="store_ln105"/></StgValue>
</operation>

<operation id="51" st_id="2" stage="1" lat="1">
<core>RAM</core>
<MemPortIdVec>0 </MemPortIdVec>
<condition id="-1">
<or_exp><and_exp></and_exp></or_exp>
</condition>

<Node id="48" bw="0" op_0_bw="8" op_1_bw="2" op_2_bw="0">
<![CDATA[
VITIS_LOOP_98_2.i.split:34 %store_ln105 = store i8 %xor_ln102_2, i2 %state_2_addr

]]></Node>
<StgValue><ssdm name="store_ln105"/></StgValue>
</operation>

<operation id="52" st_id="2" stage="1" lat="1">
<core>RAM</core>
<MemPortIdVec>0 </MemPortIdVec>
<condition id="-1">
<or_exp><and_exp></and_exp></or_exp>
</condition>

<Node id="49" bw="0" op_0_bw="8" op_1_bw="2" op_2_bw="0">
<![CDATA[
VITIS_LOOP_98_2.i.split:35 %store_ln105 = store i8 %xor_ln103_2, i2 %state_3_addr

]]></Node>
<StgValue><ssdm name="store_ln105"/></StgValue>
</operation>

<operation id="53" st_id="2" stage="1" lat="1">
<core>NULL</core>
<MemPortIdVec></MemPortIdVec>
<condition id="-1">
<or_exp><and_exp></and_exp></or_exp>
</condition>

<Node id="51" bw="0" op_0_bw="0">
<![CDATA[
VITIS_LOOP_98_2.i.split:37 %br_ln96 = br void %VITIS_LOOP_98_2.i

]]></Node>
<StgValue><ssdm name="br_ln96"/></StgValue>
</operation>
</state>
</state_list>


<ports>
<port id="64" name="state_3" dir="2" iftype="1">
<core>RAM</core><StgValue><ssdm name="state_3"/><MemPortTyVec>0 1 </MemPortTyVec>
</StgValue>
</port>
<port id="65" name="state_2" dir="2" iftype="1">
<core>RAM</core><StgValue><ssdm name="state_2"/><MemPortTyVec>0 1 </MemPortTyVec>
</StgValue>
</port>
<port id="66" name="state_1" dir="2" iftype="1">
<core>RAM</core><StgValue><ssdm name="state_1"/><MemPortTyVec>0 1 </MemPortTyVec>
</StgValue>
</port>
<port id="67" name="state" dir="2" iftype="1">
<core>RAM</core><StgValue><ssdm name="state"/><MemPortTyVec>0 1 </MemPortTyVec>
</StgValue>
</port>
</ports>


<dataflows>
<dataflow id="69" from="StgValue_68" to="c" fromId="68" toId="5">
</dataflow>
<dataflow id="71" from="StgValue_70" to="store_ln96" fromId="70" toId="6">
</dataflow>
<dataflow id="72" from="c" to="store_ln96" fromId="5" toId="6">
</dataflow>
<dataflow id="73" from="c" to="c_1" fromId="5" toId="8">
</dataflow>
<dataflow id="74" from="c_1" to="icmp_ln96" fromId="8" toId="9">
</dataflow>
<dataflow id="76" from="StgValue_75" to="icmp_ln96" fromId="75" toId="9">
</dataflow>
<dataflow id="77" from="c_1" to="add_ln96" fromId="8" toId="10">
</dataflow>
<dataflow id="79" from="StgValue_78" to="add_ln96" fromId="78" toId="10">
</dataflow>
<dataflow id="80" from="icmp_ln96" to="br_ln96" fromId="9" toId="11">
</dataflow>
<dataflow id="81" from="c_1" to="zext_ln96" fromId="8" toId="12">
</dataflow>
<dataflow id="82" from="state" to="state_addr" fromId="67" toId="13">
</dataflow>
<dataflow id="84" from="StgValue_83" to="state_addr" fromId="83" toId="13">
</dataflow>
<dataflow id="85" from="zext_ln96" to="state_addr" fromId="12" toId="13">
</dataflow>
<dataflow id="86" from="state_addr" to="state_load" fromId="13" toId="14">
</dataflow>
<dataflow id="87" from="state_1" to="state_1_addr" fromId="66" toId="15">
</dataflow>
<dataflow id="88" from="StgValue_83" to="state_1_addr" fromId="83" toId="15">
</dataflow>
<dataflow id="89" from="zext_ln96" to="state_1_addr" fromId="12" toId="15">
</dataflow>
<dataflow id="90" from="state_1_addr" to="state_1_load" fromId="15" toId="16">
</dataflow>
<dataflow id="91" from="state_2" to="state_2_addr" fromId="65" toId="17">
</dataflow>
<dataflow id="92" from="StgValue_83" to="state_2_addr" fromId="83" toId="17">
</dataflow>
<dataflow id="93" from="zext_ln96" to="state_2_addr" fromId="12" toId="17">
</dataflow>
<dataflow id="94" from="state_2_addr" to="state_2_load" fromId="17" toId="18">
</dataflow>
<dataflow id="95" from="state_3" to="state_3_addr" fromId="64" toId="19">
</dataflow>
<dataflow id="96" from="StgValue_83" to="state_3_addr" fromId="83" toId="19">
</dataflow>
<dataflow id="97" from="zext_ln96" to="state_3_addr" fromId="12" toId="19">
</dataflow>
<dataflow id="98" from="state_3_addr" to="state_3_load" fromId="19" toId="20">
</dataflow>
<dataflow id="99" from="add_ln96" to="store_ln96" fromId="10" toId="21">
</dataflow>
<dataflow id="100" from="c" to="store_ln96" fromId="5" toId="21">
</dataflow>
<dataflow id="102" from="_ssdm_op_SpecPipeline" to="specpipeline_ln97" fromId="101" toId="22">
</dataflow>
<dataflow id="104" from="StgValue_103" to="specpipeline_ln97" fromId="103" toId="22">
</dataflow>
<dataflow id="106" from="StgValue_105" to="specpipeline_ln97" fromId="105" toId="22">
</dataflow>
<dataflow id="107" from="StgValue_105" to="specpipeline_ln97" fromId="105" toId="22">
</dataflow>
<dataflow id="108" from="StgValue_105" to="specpipeline_ln97" fromId="105" toId="22">
</dataflow>
<dataflow id="110" from="empty_0" to="specpipeline_ln97" fromId="109" toId="22">
</dataflow>
<dataflow id="112" from="_ssdm_op_SpecLoopTripCount" to="speclooptripcount_ln97" fromId="111" toId="23">
</dataflow>
<dataflow id="114" from="StgValue_113" to="speclooptripcount_ln97" fromId="113" toId="23">
</dataflow>
<dataflow id="115" from="StgValue_113" to="speclooptripcount_ln97" fromId="113" toId="23">
</dataflow>
<dataflow id="116" from="StgValue_113" to="speclooptripcount_ln97" fromId="113" toId="23">
</dataflow>
<dataflow id="118" from="_ssdm_op_SpecLoopName" to="specloopname_ln96" fromId="117" toId="24">
</dataflow>
<dataflow id="120" from="empty_11" to="specloopname_ln96" fromId="119" toId="24">
</dataflow>
<dataflow id="121" from="state_addr" to="state_load" fromId="13" toId="25">
</dataflow>
<dataflow id="122" from="state_1_addr" to="state_1_load" fromId="15" toId="26">
</dataflow>
<dataflow id="123" from="state_2_addr" to="state_2_load" fromId="17" toId="27">
</dataflow>
<dataflow id="124" from="state_3_addr" to="state_3_load" fromId="19" toId="28">
</dataflow>
<dataflow id="126" from="gmul" to="ref_tmp11_i" fromId="125" toId="29">
</dataflow>
<dataflow id="128" from="StgValue_127" to="ref_tmp11_i" fromId="127" toId="29">
</dataflow>
<dataflow id="129" from="state_load" to="ref_tmp11_i" fromId="25" toId="29">
</dataflow>
<dataflow id="130" from="gmul" to="ref_tmp14_i" fromId="125" toId="30">
</dataflow>
<dataflow id="132" from="StgValue_131" to="ref_tmp14_i" fromId="131" toId="30">
</dataflow>
<dataflow id="133" from="state_1_load" to="ref_tmp14_i" fromId="26" toId="30">
</dataflow>
<dataflow id="134" from="state_3_load" to="xor_ln100" fromId="28" toId="31">
</dataflow>
<dataflow id="135" from="state_2_load" to="xor_ln100" fromId="27" toId="31">
</dataflow>
<dataflow id="136" from="ref_tmp11_i" to="xor_ln100_1" fromId="29" toId="32">
</dataflow>
<dataflow id="137" from="ref_tmp14_i" to="xor_ln100_1" fromId="30" toId="32">
</dataflow>
<dataflow id="138" from="xor_ln100_1" to="xor_ln100_2" fromId="32" toId="33">
</dataflow>
<dataflow id="139" from="xor_ln100" to="xor_ln100_2" fromId="31" toId="33">
</dataflow>
<dataflow id="140" from="gmul" to="ref_tmp25_i" fromId="125" toId="34">
</dataflow>
<dataflow id="141" from="StgValue_127" to="ref_tmp25_i" fromId="127" toId="34">
</dataflow>
<dataflow id="142" from="state_1_load" to="ref_tmp25_i" fromId="26" toId="34">
</dataflow>
<dataflow id="143" from="gmul" to="ref_tmp29_i" fromId="125" toId="35">
</dataflow>
<dataflow id="144" from="StgValue_131" to="ref_tmp29_i" fromId="131" toId="35">
</dataflow>
<dataflow id="145" from="state_2_load" to="ref_tmp29_i" fromId="27" toId="35">
</dataflow>
<dataflow id="146" from="state_3_load" to="xor_ln101" fromId="28" toId="36">
</dataflow>
<dataflow id="147" from="state_load" to="xor_ln101" fromId="25" toId="36">
</dataflow>
<dataflow id="148" from="ref_tmp25_i" to="xor_ln101_1" fromId="34" toId="37">
</dataflow>
<dataflow id="149" from="ref_tmp29_i" to="xor_ln101_1" fromId="35" toId="37">
</dataflow>
<dataflow id="150" from="xor_ln101_1" to="xor_ln101_2" fromId="37" toId="38">
</dataflow>
<dataflow id="151" from="xor_ln101" to="xor_ln101_2" fromId="36" toId="38">
</dataflow>
<dataflow id="152" from="gmul" to="ref_tmp40_i" fromId="125" toId="39">
</dataflow>
<dataflow id="153" from="StgValue_127" to="ref_tmp40_i" fromId="127" toId="39">
</dataflow>
<dataflow id="154" from="state_2_load" to="ref_tmp40_i" fromId="27" toId="39">
</dataflow>
<dataflow id="155" from="gmul" to="ref_tmp44_i" fromId="125" toId="40">
</dataflow>
<dataflow id="156" from="StgValue_131" to="ref_tmp44_i" fromId="131" toId="40">
</dataflow>
<dataflow id="157" from="state_3_load" to="ref_tmp44_i" fromId="28" toId="40">
</dataflow>
<dataflow id="158" from="state_1_load" to="xor_ln102" fromId="26" toId="41">
</dataflow>
<dataflow id="159" from="state_load" to="xor_ln102" fromId="25" toId="41">
</dataflow>
<dataflow id="160" from="ref_tmp40_i" to="xor_ln102_1" fromId="39" toId="42">
</dataflow>
<dataflow id="161" from="ref_tmp44_i" to="xor_ln102_1" fromId="40" toId="42">
</dataflow>
<dataflow id="162" from="xor_ln102_1" to="xor_ln102_2" fromId="42" toId="43">
</dataflow>
<dataflow id="163" from="xor_ln102" to="xor_ln102_2" fromId="41" toId="43">
</dataflow>
<dataflow id="164" from="gmul" to="ref_tmp52_i" fromId="125" toId="44">
</dataflow>
<dataflow id="165" from="StgValue_131" to="ref_tmp52_i" fromId="131" toId="44">
</dataflow>
<dataflow id="166" from="state_load" to="ref_tmp52_i" fromId="25" toId="44">
</dataflow>
<dataflow id="167" from="gmul" to="ref_tmp58_i" fromId="125" toId="45">
</dataflow>
<dataflow id="168" from="StgValue_127" to="ref_tmp58_i" fromId="127" toId="45">
</dataflow>
<dataflow id="169" from="state_3_load" to="ref_tmp58_i" fromId="28" toId="45">
</dataflow>
<dataflow id="170" from="state_2_load" to="xor_ln103" fromId="27" toId="46">
</dataflow>
<dataflow id="171" from="state_1_load" to="xor_ln103" fromId="26" toId="46">
</dataflow>
<dataflow id="172" from="ref_tmp52_i" to="xor_ln103_1" fromId="44" toId="47">
</dataflow>
<dataflow id="173" from="ref_tmp58_i" to="xor_ln103_1" fromId="45" toId="47">
</dataflow>
<dataflow id="174" from="xor_ln103_1" to="xor_ln103_2" fromId="47" toId="48">
</dataflow>
<dataflow id="175" from="xor_ln103" to="xor_ln103_2" fromId="46" toId="48">
</dataflow>
<dataflow id="176" from="xor_ln100_2" to="store_ln105" fromId="33" toId="49">
</dataflow>
<dataflow id="177" from="state_addr" to="store_ln105" fromId="13" toId="49">
</dataflow>
<dataflow id="178" from="xor_ln101_2" to="store_ln105" fromId="38" toId="50">
</dataflow>
<dataflow id="179" from="state_1_addr" to="store_ln105" fromId="15" toId="50">
</dataflow>
<dataflow id="180" from="xor_ln102_2" to="store_ln105" fromId="43" toId="51">
</dataflow>
<dataflow id="181" from="state_2_addr" to="store_ln105" fromId="17" toId="51">
</dataflow>
<dataflow id="182" from="xor_ln103_2" to="store_ln105" fromId="48" toId="52">
</dataflow>
<dataflow id="183" from="state_3_addr" to="store_ln105" fromId="19" toId="52">
</dataflow>
<dataflow id="184" from="icmp_ln96" to="StgValue_2" fromId="9" toId="2">
</dataflow>
<dataflow id="185" from="icmp_ln96" to="StgValue_3" fromId="9" toId="3">
</dataflow>
</dataflows>


</stg>
