<stg><name>Cipher_Pipeline_VITIS_LOOP_110_11</name>


<trans_list>

<trans id="60" from="1" to="2">
<condition id="-1">
<or_exp><and_exp></and_exp></or_exp>
</condition>
</trans>
</trans_list>



<state_list>

<state id="1" st_id="2">

<operation id="5" st_id="1" stage="1" lat="1">
<core>NULL</core>
<MemPortIdVec></MemPortIdVec>
<condition id="-1">
<or_exp><and_exp></and_exp></or_exp>
</condition>

<Node id="7" bw="3" op_0_bw="32">
<![CDATA[
newFuncRoot:0 %j = alloca i32 1

]]></Node>
<StgValue><ssdm name="j"/></StgValue>
</operation>

<operation id="6" st_id="1" stage="1" lat="1">
<core>NULL</core>
<MemPortIdVec></MemPortIdVec>
<condition id="-1">
<or_exp><and_exp></and_exp></or_exp>
</condition>

<Node id="8" bw="0" op_0_bw="0" op_1_bw="32" op_2_bw="64" op_3_bw="64" op_4_bw="64">
<![CDATA[
newFuncRoot:1 %specmemcore_ln0 = specmemcore void @_ssdm_op_SpecMemCore, i32 %w, i64 666, i64 207, i64 1

]]></Node>
<StgValue><ssdm name="specmemcore_ln0"/></StgValue>
</operation>

<operation id="7" st_id="1" stage="1" lat="1">
<core>NULL</core>
<MemPortIdVec></MemPortIdVec>
<condition id="-1">
<or_exp><and_exp></and_exp></or_exp>
</condition>

<Node id="9" bw="0" op_0_bw="0" op_1_bw="32" op_2_bw="0" op_3_bw="32" op_4_bw="32" op_5_bw="0" op_6_bw="32" op_7_bw="32" op_8_bw="0" op_9_bw="0" op_10_bw="0" op_11_bw="32" op_12_bw="32" op_13_bw="32" op_14_bw="32" op_15_bw="0" op_16_bw="0" op_17_bw="32" op_18_bw="32" op_19_bw="32">
<![CDATA[
newFuncRoot:2 %specinterface_ln0 = specinterface void @_ssdm_op_SpecInterface, i32 %w, void @empty_3, i32 0, i32 0, void @empty_0, i32 1, i32 0, void @empty_0, void @empty_0, void @empty_0, i32 0, i32 0, i32 0, i32 0, void @empty_0, void @empty_0, i32 4294967295, i32 0, i32 0

]]></Node>
<StgValue><ssdm name="specinterface_ln0"/></StgValue>
</operation>

<operation id="8" st_id="1" stage="1" lat="1">
<core>NULL</core>
<MemPortIdVec></MemPortIdVec>
<condition id="-1">
<or_exp><and_exp></and_exp></or_exp>
</condition>

<Node id="10" bw="6" op_0_bw="6" op_1_bw="6">
<![CDATA[
newFuncRoot:3 %shl_ln_read = read i6 @_ssdm_op_Read.ap_auto.i6, i6 %shl_ln

]]></Node>
<StgValue><ssdm name="shl_ln_read"/></StgValue>
</operation>

<operation id="9" st_id="1" stage="1" lat="1">
<core>NULL</core>
<MemPortIdVec></MemPortIdVec>
<condition id="-1">
<or_exp><and_exp></and_exp></or_exp>
</condition>

<Node id="11" bw="0" op_0_bw="3" op_1_bw="3">
<![CDATA[
newFuncRoot:4 %store_ln110 = store i3 0, i3 %j

]]></Node>
<StgValue><ssdm name="store_ln110"/></StgValue>
</operation>

<operation id="10" st_id="1" stage="1" lat="1">
<core>NULL</core>
<MemPortIdVec></MemPortIdVec>
<condition id="-1">
<or_exp><and_exp></and_exp></or_exp>
</condition>

<Node id="12" bw="0" op_0_bw="0">
<![CDATA[
newFuncRoot:5 %br_ln0 = br void %VITIS_LOOP_111_2.i30

]]></Node>
<StgValue><ssdm name="br_ln0"/></StgValue>
</operation>

<operation id="11" st_id="1" stage="1" lat="1">
<core>NULL</core>
<MemPortIdVec></MemPortIdVec>
<condition id="-1">
<or_exp><and_exp></and_exp></or_exp>
</condition>

<Node id="14" bw="3" op_0_bw="3" op_1_bw="0">
<![CDATA[
VITIS_LOOP_111_2.i30:0 %j_2 = load i3 %j

]]></Node>
<StgValue><ssdm name="j_2"/></StgValue>
</operation>

<operation id="12" st_id="1" stage="1" lat="1">
<core>Cmp</core>
<MemPortIdVec></MemPortIdVec>
<condition id="-1">
<or_exp><and_exp></and_exp></or_exp>
</condition>

<Node id="15" bw="1" op_0_bw="3" op_1_bw="3">
<![CDATA[
VITIS_LOOP_111_2.i30:1 %icmp_ln110 = icmp_eq  i3 %j_2, i3 4

]]></Node>
<StgValue><ssdm name="icmp_ln110"/></StgValue>
</operation>

<operation id="13" st_id="1" stage="1" lat="1">
<core>Adder</core>
<MemPortIdVec></MemPortIdVec>
<condition id="-1">
<or_exp><and_exp></and_exp></or_exp>
</condition>

<Node id="16" bw="3" op_0_bw="3" op_1_bw="3">
<![CDATA[
VITIS_LOOP_111_2.i30:2 %add_ln110 = add i3 %j_2, i3 1

]]></Node>
<StgValue><ssdm name="add_ln110"/></StgValue>
</operation>

<operation id="14" st_id="1" stage="1" lat="1">
<core>NULL</core>
<MemPortIdVec></MemPortIdVec>
<condition id="-1">
<or_exp><and_exp></and_exp></or_exp>
</condition>

<Node id="17" bw="0" op_0_bw="1" op_1_bw="0" op_2_bw="0">
<![CDATA[
VITIS_LOOP_111_2.i30:3 %br_ln110 = br i1 %icmp_ln110, void %VITIS_LOOP_111_2.i30.split, void %_Z11AddRoundKeyPA4_7ap_uintILi8EEPKS_ILi32EE.exit42.exitStub

]]></Node>
<StgValue><ssdm name="br_ln110"/></StgValue>
</operation>

<operation id="15" st_id="1" stage="1" lat="1">
<core>NULL</core>
<MemPortIdVec></MemPortIdVec>
<condition id="-1">
<or_exp><and_exp><literal name="icmp_ln110" val="0"/>
</and_exp></or_exp>
</condition>

<Node id="19" bw="64" op_0_bw="3">
<![CDATA[
VITIS_LOOP_111_2.i30.split:0 %zext_ln110 = zext i3 %j_2

]]></Node>
<StgValue><ssdm name="zext_ln110"/></StgValue>
</operation>

<operation id="16" st_id="1" stage="1" lat="1">
<core>NULL</core>
<MemPortIdVec></MemPortIdVec>
<condition id="-1">
<or_exp><and_exp><literal name="icmp_ln110" val="0"/>
</and_exp></or_exp>
</condition>

<Node id="20" bw="6" op_0_bw="3">
<![CDATA[
VITIS_LOOP_111_2.i30.split:1 %zext_ln110_1 = zext i3 %j_2

]]></Node>
<StgValue><ssdm name="zext_ln110_1"/></StgValue>
</operation>

<operation id="17" st_id="1" stage="1" lat="1">
<core>Adder</core>
<MemPortIdVec></MemPortIdVec>
<condition id="-1">
<or_exp><and_exp><literal name="icmp_ln110" val="0"/>
</and_exp></or_exp>
</condition>

<Node id="24" bw="6" op_0_bw="6" op_1_bw="6">
<![CDATA[
VITIS_LOOP_111_2.i30.split:5 %arrayidx15_sum = add i6 %zext_ln110_1, i6 %shl_ln_read

]]></Node>
<StgValue><ssdm name="arrayidx15_sum"/></StgValue>
</operation>

<operation id="18" st_id="1" stage="1" lat="1">
<core>NULL</core>
<MemPortIdVec></MemPortIdVec>
<condition id="-1">
<or_exp><and_exp><literal name="icmp_ln110" val="0"/>
</and_exp></or_exp>
</condition>

<Node id="25" bw="64" op_0_bw="6">
<![CDATA[
VITIS_LOOP_111_2.i30.split:6 %arrayidx15_sum_cast = zext i6 %arrayidx15_sum

]]></Node>
<StgValue><ssdm name="arrayidx15_sum_cast"/></StgValue>
</operation>

<operation id="19" st_id="1" stage="1" lat="1">
<core>NULL</core>
<MemPortIdVec></MemPortIdVec>
<condition id="-1">
<or_exp><and_exp><literal name="icmp_ln110" val="0"/>
</and_exp></or_exp>
</condition>

<Node id="26" bw="6" op_0_bw="32" op_1_bw="64" op_2_bw="64">
<![CDATA[
VITIS_LOOP_111_2.i30.split:7 %w_addr = getelementptr i32 %w, i64 0, i64 %arrayidx15_sum_cast

]]></Node>
<StgValue><ssdm name="w_addr"/></StgValue>
</operation>

<operation id="20" st_id="1" stage="2" lat="2">
<core>RAM_1P</core>
<MemPortIdVec>0 </MemPortIdVec>
<condition id="-1">
<or_exp><and_exp><literal name="icmp_ln110" val="0"/>
</and_exp></or_exp>
</condition>

<Node id="27" bw="32" op_0_bw="6">
<![CDATA[
VITIS_LOOP_111_2.i30.split:8 %w_load = load i6 %w_addr

]]></Node>
<StgValue><ssdm name="w_load"/></StgValue>
</operation>

<operation id="21" st_id="1" stage="1" lat="1">
<core>NULL</core>
<MemPortIdVec></MemPortIdVec>
<condition id="-1">
<or_exp><and_exp><literal name="icmp_ln110" val="0"/>
</and_exp></or_exp>
</condition>

<Node id="29" bw="2" op_0_bw="8" op_1_bw="64" op_2_bw="64">
<![CDATA[
VITIS_LOOP_111_2.i30.split:10 %state_addr = getelementptr i8 %state, i64 0, i64 %zext_ln110

]]></Node>
<StgValue><ssdm name="state_addr"/></StgValue>
</operation>

<operation id="22" st_id="1" stage="2" lat="2">
<core>RAM</core>
<MemPortIdVec>1 </MemPortIdVec>
<condition id="-1">
<or_exp><and_exp><literal name="icmp_ln110" val="0"/>
</and_exp></or_exp>
</condition>

<Node id="30" bw="8" op_0_bw="2">
<![CDATA[
VITIS_LOOP_111_2.i30.split:11 %state_load = load i2 %state_addr

]]></Node>
<StgValue><ssdm name="state_load"/></StgValue>
</operation>

<operation id="23" st_id="1" stage="1" lat="1">
<core>NULL</core>
<MemPortIdVec></MemPortIdVec>
<condition id="-1">
<or_exp><and_exp><literal name="icmp_ln110" val="0"/>
</and_exp></or_exp>
</condition>

<Node id="35" bw="2" op_0_bw="8" op_1_bw="64" op_2_bw="64">
<![CDATA[
VITIS_LOOP_111_2.i30.split:16 %state_1_addr = getelementptr i8 %state_1, i64 0, i64 %zext_ln110

]]></Node>
<StgValue><ssdm name="state_1_addr"/></StgValue>
</operation>

<operation id="24" st_id="1" stage="2" lat="2">
<core>RAM</core>
<MemPortIdVec>1 </MemPortIdVec>
<condition id="-1">
<or_exp><and_exp><literal name="icmp_ln110" val="0"/>
</and_exp></or_exp>
</condition>

<Node id="36" bw="8" op_0_bw="2">
<![CDATA[
VITIS_LOOP_111_2.i30.split:17 %state_1_load = load i2 %state_1_addr

]]></Node>
<StgValue><ssdm name="state_1_load"/></StgValue>
</operation>

<operation id="25" st_id="1" stage="1" lat="1">
<core>NULL</core>
<MemPortIdVec></MemPortIdVec>
<condition id="-1">
<or_exp><and_exp><literal name="icmp_ln110" val="0"/>
</and_exp></or_exp>
</condition>

<Node id="38" bw="2" op_0_bw="8" op_1_bw="64" op_2_bw="64">
<![CDATA[
VITIS_LOOP_111_2.i30.split:19 %state_2_addr = getelementptr i8 %state_2, i64 0, i64 %zext_ln110

]]></Node>
<StgValue><ssdm name="state_2_addr"/></StgValue>
</operation>

<operation id="26" st_id="1" stage="2" lat="2">
<core>RAM</core>
<MemPortIdVec>1 </MemPortIdVec>
<condition id="-1">
<or_exp><and_exp><literal name="icmp_ln110" val="0"/>
</and_exp></or_exp>
</condition>

<Node id="39" bw="8" op_0_bw="2">
<![CDATA[
VITIS_LOOP_111_2.i30.split:20 %state_2_load = load i2 %state_2_addr

]]></Node>
<StgValue><ssdm name="state_2_load"/></StgValue>
</operation>

<operation id="27" st_id="1" stage="1" lat="1">
<core>NULL</core>
<MemPortIdVec></MemPortIdVec>
<condition id="-1">
<or_exp><and_exp><literal name="icmp_ln110" val="0"/>
</and_exp></or_exp>
</condition>

<Node id="41" bw="2" op_0_bw="8" op_1_bw="64" op_2_bw="64">
<![CDATA[
VITIS_LOOP_111_2.i30.split:22 %state_3_addr = getelementptr i8 %state_3, i64 0, i64 %zext_ln110

]]></Node>
<StgValue><ssdm name="state_3_addr"/></StgValue>
</operation>

<operation id="28" st_id="1" stage="2" lat="2">
<core>RAM</core>
<MemPortIdVec>1 </MemPortIdVec>
<condition id="-1">
<or_exp><and_exp><literal name="icmp_ln110" val="0"/>
</and_exp></or_exp>
</condition>

<Node id="42" bw="8" op_0_bw="2">
<![CDATA[
VITIS_LOOP_111_2.i30.split:23 %state_3_load = load i2 %state_3_addr

]]></Node>
<StgValue><ssdm name="state_3_load"/></StgValue>
</operation>

<operation id="29" st_id="1" stage="1" lat="1">
<core>NULL</core>
<MemPortIdVec></MemPortIdVec>
<condition id="-1">
<or_exp><and_exp><literal name="icmp_ln110" val="0"/>
</and_exp></or_exp>
</condition>

<Node id="48" bw="0" op_0_bw="3" op_1_bw="3" op_2_bw="0" op_3_bw="0">
<![CDATA[
VITIS_LOOP_111_2.i30.split:29 %store_ln110 = store i3 %add_ln110, i3 %j

]]></Node>
<StgValue><ssdm name="store_ln110"/></StgValue>
</operation>

<operation id="51" st_id="1" stage="1" lat="1">
<core>NULL</core>
<MemPortIdVec></MemPortIdVec>
<condition id="-1">
<or_exp><and_exp><literal name="icmp_ln110" val="1"/>
</and_exp></or_exp>
</condition>

<Node id="51" bw="0">
<![CDATA[
_Z11AddRoundKeyPA4_7ap_uintILi8EEPKS_ILi32EE.exit42.exitStub:0 %ret_ln0 = ret

]]></Node>
<StgValue><ssdm name="ret_ln0"/></StgValue>
</operation>
</state>

<state id="2" st_id="3">

<operation id="30" st_id="2" stage="1" lat="1">
<core>NULL</core>
<MemPortIdVec></MemPortIdVec>
<condition id="-1">
<or_exp><and_exp></and_exp></or_exp>
</condition>

<Node id="21" bw="0" op_0_bw="0" op_1_bw="32" op_2_bw="32" op_3_bw="32" op_4_bw="32" op_5_bw="0">
<![CDATA[
VITIS_LOOP_111_2.i30.split:2 %specpipeline_ln110 = specpipeline void @_ssdm_op_SpecPipeline, i32 4294967295, i32 0, i32 0, i32 0, void @empty_0

]]></Node>
<StgValue><ssdm name="specpipeline_ln110"/></StgValue>
</operation>

<operation id="31" st_id="2" stage="1" lat="1">
<core>NULL</core>
<MemPortIdVec></MemPortIdVec>
<condition id="-1">
<or_exp><and_exp></and_exp></or_exp>
</condition>

<Node id="22" bw="0" op_0_bw="0" op_1_bw="64" op_2_bw="64" op_3_bw="64">
<![CDATA[
VITIS_LOOP_111_2.i30.split:3 %speclooptripcount_ln110 = speclooptripcount void @_ssdm_op_SpecLoopTripCount, i64 4, i64 4, i64 4

]]></Node>
<StgValue><ssdm name="speclooptripcount_ln110"/></StgValue>
</operation>

<operation id="32" st_id="2" stage="1" lat="1">
<core>NULL</core>
<MemPortIdVec></MemPortIdVec>
<condition id="-1">
<or_exp><and_exp></and_exp></or_exp>
</condition>

<Node id="23" bw="0" op_0_bw="0" op_1_bw="0">
<![CDATA[
VITIS_LOOP_111_2.i30.split:4 %specloopname_ln110 = specloopname void @_ssdm_op_SpecLoopName, void @empty_8

]]></Node>
<StgValue><ssdm name="specloopname_ln110"/></StgValue>
</operation>

<operation id="33" st_id="2" stage="1" lat="2">
<core>RAM_1P</core>
<MemPortIdVec>0 </MemPortIdVec>
<condition id="-1">
<or_exp><and_exp></and_exp></or_exp>
</condition>

<Node id="27" bw="32" op_0_bw="6">
<![CDATA[
VITIS_LOOP_111_2.i30.split:8 %w_load = load i6 %w_addr

]]></Node>
<StgValue><ssdm name="w_load"/></StgValue>
</operation>

<operation id="34" st_id="2" stage="1" lat="1">
<core>NULL</core>
<MemPortIdVec></MemPortIdVec>
<condition id="-1">
<or_exp><and_exp></and_exp></or_exp>
</condition>

<Node id="28" bw="8" op_0_bw="8" op_1_bw="32" op_2_bw="32" op_3_bw="32">
<![CDATA[
VITIS_LOOP_111_2.i30.split:9 %k = partselect i8 @_ssdm_op_PartSelect.i8.i32.i32.i32, i32 %w_load, i32 24, i32 31

]]></Node>
<StgValue><ssdm name="k"/></StgValue>
</operation>

<operation id="35" st_id="2" stage="1" lat="2">
<core>RAM</core>
<MemPortIdVec>1 </MemPortIdVec>
<condition id="-1">
<or_exp><and_exp></and_exp></or_exp>
</condition>

<Node id="30" bw="8" op_0_bw="2">
<![CDATA[
VITIS_LOOP_111_2.i30.split:11 %state_load = load i2 %state_addr

]]></Node>
<StgValue><ssdm name="state_load"/></StgValue>
</operation>

<operation id="36" st_id="2" stage="1" lat="1">
<core>LogicGate</core>
<MemPortIdVec></MemPortIdVec>
<condition id="-1">
<or_exp><and_exp></and_exp></or_exp>
</condition>

<Node id="31" bw="8" op_0_bw="8" op_1_bw="8">
<![CDATA[
VITIS_LOOP_111_2.i30.split:12 %xor_ln113 = xor i8 %state_load, i8 %k

]]></Node>
<StgValue><ssdm name="xor_ln113"/></StgValue>
</operation>

<operation id="37" st_id="2" stage="1" lat="1">
<core>NULL</core>
<MemPortIdVec></MemPortIdVec>
<condition id="-1">
<or_exp><and_exp></and_exp></or_exp>
</condition>

<Node id="32" bw="8" op_0_bw="8" op_1_bw="32" op_2_bw="32" op_3_bw="32">
<![CDATA[
VITIS_LOOP_111_2.i30.split:13 %k_4 = partselect i8 @_ssdm_op_PartSelect.i8.i32.i32.i32, i32 %w_load, i32 16, i32 23

]]></Node>
<StgValue><ssdm name="k_4"/></StgValue>
</operation>

<operation id="38" st_id="2" stage="1" lat="1">
<core>NULL</core>
<MemPortIdVec></MemPortIdVec>
<condition id="-1">
<or_exp><and_exp></and_exp></or_exp>
</condition>

<Node id="33" bw="8" op_0_bw="8" op_1_bw="32" op_2_bw="32" op_3_bw="32">
<![CDATA[
VITIS_LOOP_111_2.i30.split:14 %k_5 = partselect i8 @_ssdm_op_PartSelect.i8.i32.i32.i32, i32 %w_load, i32 8, i32 15

]]></Node>
<StgValue><ssdm name="k_5"/></StgValue>
</operation>

<operation id="39" st_id="2" stage="1" lat="1">
<core>NULL</core>
<MemPortIdVec></MemPortIdVec>
<condition id="-1">
<or_exp><and_exp></and_exp></or_exp>
</condition>

<Node id="34" bw="8" op_0_bw="32">
<![CDATA[
VITIS_LOOP_111_2.i30.split:15 %k_6 = trunc i32 %w_load

]]></Node>
<StgValue><ssdm name="k_6"/></StgValue>
</operation>

<operation id="40" st_id="2" stage="1" lat="2">
<core>RAM</core>
<MemPortIdVec>1 </MemPortIdVec>
<condition id="-1">
<or_exp><and_exp></and_exp></or_exp>
</condition>

<Node id="36" bw="8" op_0_bw="2">
<![CDATA[
VITIS_LOOP_111_2.i30.split:17 %state_1_load = load i2 %state_1_addr

]]></Node>
<StgValue><ssdm name="state_1_load"/></StgValue>
</operation>

<operation id="41" st_id="2" stage="1" lat="1">
<core>LogicGate</core>
<MemPortIdVec></MemPortIdVec>
<condition id="-1">
<or_exp><and_exp></and_exp></or_exp>
</condition>

<Node id="37" bw="8" op_0_bw="8" op_1_bw="8">
<![CDATA[
VITIS_LOOP_111_2.i30.split:18 %xor_ln113_4 = xor i8 %state_1_load, i8 %k_4

]]></Node>
<StgValue><ssdm name="xor_ln113_4"/></StgValue>
</operation>

<operation id="42" st_id="2" stage="1" lat="2">
<core>RAM</core>
<MemPortIdVec>1 </MemPortIdVec>
<condition id="-1">
<or_exp><and_exp></and_exp></or_exp>
</condition>

<Node id="39" bw="8" op_0_bw="2">
<![CDATA[
VITIS_LOOP_111_2.i30.split:20 %state_2_load = load i2 %state_2_addr

]]></Node>
<StgValue><ssdm name="state_2_load"/></StgValue>
</operation>

<operation id="43" st_id="2" stage="1" lat="1">
<core>LogicGate</core>
<MemPortIdVec></MemPortIdVec>
<condition id="-1">
<or_exp><and_exp></and_exp></or_exp>
</condition>

<Node id="40" bw="8" op_0_bw="8" op_1_bw="8">
<![CDATA[
VITIS_LOOP_111_2.i30.split:21 %xor_ln113_5 = xor i8 %state_2_load, i8 %k_5

]]></Node>
<StgValue><ssdm name="xor_ln113_5"/></StgValue>
</operation>

<operation id="44" st_id="2" stage="1" lat="2">
<core>RAM</core>
<MemPortIdVec>1 </MemPortIdVec>
<condition id="-1">
<or_exp><and_exp></and_exp></or_exp>
</condition>

<Node id="42" bw="8" op_0_bw="2">
<![CDATA[
VITIS_LOOP_111_2.i30.split:23 %state_3_load = load i2 %state_3_addr

]]></Node>
<StgValue><ssdm name="state_3_load"/></StgValue>
</operation>

<operation id="45" st_id="2" stage="1" lat="1">
<core>LogicGate</core>
<MemPortIdVec></MemPortIdVec>
<condition id="-1">
<or_exp><and_exp></and_exp></or_exp>
</condition>

<Node id="43" bw="8" op_0_bw="8" op_1_bw="8">
<![CDATA[
VITIS_LOOP_111_2.i30.split:24 %xor_ln113_6 = xor i8 %state_3_load, i8 %k_6

]]></Node>
<StgValue><ssdm name="xor_ln113_6"/></StgValue>
</operation>

<operation id="46" st_id="2" stage="1" lat="1">
<core>RAM</core>
<MemPortIdVec>0 </MemPortIdVec>
<condition id="-1">
<or_exp><and_exp></and_exp></or_exp>
</condition>

<Node id="44" bw="0" op_0_bw="8" op_1_bw="2" op_2_bw="0">
<![CDATA[
VITIS_LOOP_111_2.i30.split:25 %store_ln113 = store i8 %xor_ln113, i2 %state_addr

]]></Node>
<StgValue><ssdm name="store_ln113"/></StgValue>
</operation>

<operation id="47" st_id="2" stage="1" lat="1">
<core>RAM</core>
<MemPortIdVec>0 </MemPortIdVec>
<condition id="-1">
<or_exp><and_exp></and_exp></or_exp>
</condition>

<Node id="45" bw="0" op_0_bw="8" op_1_bw="2" op_2_bw="0">
<![CDATA[
VITIS_LOOP_111_2.i30.split:26 %store_ln113 = store i8 %xor_ln113_4, i2 %state_1_addr

]]></Node>
<StgValue><ssdm name="store_ln113"/></StgValue>
</operation>

<operation id="48" st_id="2" stage="1" lat="1">
<core>RAM</core>
<MemPortIdVec>0 </MemPortIdVec>
<condition id="-1">
<or_exp><and_exp></and_exp></or_exp>
</condition>

<Node id="46" bw="0" op_0_bw="8" op_1_bw="2" op_2_bw="0">
<![CDATA[
VITIS_LOOP_111_2.i30.split:27 %store_ln113 = store i8 %xor_ln113_5, i2 %state_2_addr

]]></Node>
<StgValue><ssdm name="store_ln113"/></StgValue>
</operation>

<operation id="49" st_id="2" stage="1" lat="1">
<core>RAM</core>
<MemPortIdVec>0 </MemPortIdVec>
<condition id="-1">
<or_exp><and_exp></and_exp></or_exp>
</condition>

<Node id="47" bw="0" op_0_bw="8" op_1_bw="2" op_2_bw="0">
<![CDATA[
VITIS_LOOP_111_2.i30.split:28 %store_ln113 = store i8 %xor_ln113_6, i2 %state_3_addr

]]></Node>
<StgValue><ssdm name="store_ln113"/></StgValue>
</operation>

<operation id="50" st_id="2" stage="1" lat="1">
<core>NULL</core>
<MemPortIdVec></MemPortIdVec>
<condition id="-1">
<or_exp><and_exp></and_exp></or_exp>
</condition>

<Node id="49" bw="0" op_0_bw="0">
<![CDATA[
VITIS_LOOP_111_2.i30.split:30 %br_ln110 = br void %VITIS_LOOP_111_2.i30

]]></Node>
<StgValue><ssdm name="br_ln110"/></StgValue>
</operation>
</state>
</state_list>


<ports>
<port id="61" name="state_3" dir="2" iftype="1">
<core>RAM</core><StgValue><ssdm name="state_3"/><MemPortTyVec>0 1 </MemPortTyVec>
</StgValue>
</port>
<port id="62" name="state_2" dir="2" iftype="1">
<core>RAM</core><StgValue><ssdm name="state_2"/><MemPortTyVec>0 1 </MemPortTyVec>
</StgValue>
</port>
<port id="63" name="state_1" dir="2" iftype="1">
<core>RAM</core><StgValue><ssdm name="state_1"/><MemPortTyVec>0 1 </MemPortTyVec>
</StgValue>
</port>
<port id="64" name="state" dir="2" iftype="1">
<core>RAM</core><StgValue><ssdm name="state"/><MemPortTyVec>0 1 </MemPortTyVec>
</StgValue>
</port>
<port id="65" name="shl_ln" dir="0" iftype="0">
<core>NULL</core><StgValue><ssdm name="shl_ln"/></StgValue>
</port>
<port id="66" name="w" dir="0" iftype="1">
<core>RAM_1P</core><StgValue><ssdm name="w"/><MemPortTyVec>1 </MemPortTyVec>
</StgValue>
</port>
</ports>


<dataflows>
<dataflow id="68" from="StgValue_67" to="j" fromId="67" toId="5">
</dataflow>
<dataflow id="70" from="_ssdm_op_SpecMemCore" to="specmemcore_ln0" fromId="69" toId="6">
</dataflow>
<dataflow id="71" from="w" to="specmemcore_ln0" fromId="66" toId="6">
</dataflow>
<dataflow id="73" from="StgValue_72" to="specmemcore_ln0" fromId="72" toId="6">
</dataflow>
<dataflow id="75" from="StgValue_74" to="specmemcore_ln0" fromId="74" toId="6">
</dataflow>
<dataflow id="77" from="StgValue_76" to="specmemcore_ln0" fromId="76" toId="6">
</dataflow>
<dataflow id="79" from="_ssdm_op_SpecInterface" to="specinterface_ln0" fromId="78" toId="7">
</dataflow>
<dataflow id="80" from="w" to="specinterface_ln0" fromId="66" toId="7">
</dataflow>
<dataflow id="82" from="empty_3" to="specinterface_ln0" fromId="81" toId="7">
</dataflow>
<dataflow id="84" from="StgValue_83" to="specinterface_ln0" fromId="83" toId="7">
</dataflow>
<dataflow id="85" from="StgValue_83" to="specinterface_ln0" fromId="83" toId="7">
</dataflow>
<dataflow id="87" from="empty_0" to="specinterface_ln0" fromId="86" toId="7">
</dataflow>
<dataflow id="88" from="StgValue_67" to="specinterface_ln0" fromId="67" toId="7">
</dataflow>
<dataflow id="89" from="StgValue_83" to="specinterface_ln0" fromId="83" toId="7">
</dataflow>
<dataflow id="90" from="empty_0" to="specinterface_ln0" fromId="86" toId="7">
</dataflow>
<dataflow id="91" from="empty_0" to="specinterface_ln0" fromId="86" toId="7">
</dataflow>
<dataflow id="92" from="empty_0" to="specinterface_ln0" fromId="86" toId="7">
</dataflow>
<dataflow id="93" from="StgValue_83" to="specinterface_ln0" fromId="83" toId="7">
</dataflow>
<dataflow id="94" from="StgValue_83" to="specinterface_ln0" fromId="83" toId="7">
</dataflow>
<dataflow id="95" from="StgValue_83" to="specinterface_ln0" fromId="83" toId="7">
</dataflow>
<dataflow id="96" from="StgValue_83" to="specinterface_ln0" fromId="83" toId="7">
</dataflow>
<dataflow id="97" from="empty_0" to="specinterface_ln0" fromId="86" toId="7">
</dataflow>
<dataflow id="98" from="empty_0" to="specinterface_ln0" fromId="86" toId="7">
</dataflow>
<dataflow id="100" from="StgValue_99" to="specinterface_ln0" fromId="99" toId="7">
</dataflow>
<dataflow id="101" from="StgValue_83" to="specinterface_ln0" fromId="83" toId="7">
</dataflow>
<dataflow id="102" from="StgValue_83" to="specinterface_ln0" fromId="83" toId="7">
</dataflow>
<dataflow id="104" from="_ssdm_op_Read.ap_auto.i6" to="shl_ln_read" fromId="103" toId="8">
</dataflow>
<dataflow id="105" from="shl_ln" to="shl_ln_read" fromId="65" toId="8">
</dataflow>
<dataflow id="107" from="StgValue_106" to="store_ln110" fromId="106" toId="9">
</dataflow>
<dataflow id="108" from="j" to="store_ln110" fromId="5" toId="9">
</dataflow>
<dataflow id="109" from="j" to="j_2" fromId="5" toId="11">
</dataflow>
<dataflow id="110" from="j_2" to="icmp_ln110" fromId="11" toId="12">
</dataflow>
<dataflow id="112" from="StgValue_111" to="icmp_ln110" fromId="111" toId="12">
</dataflow>
<dataflow id="113" from="j_2" to="add_ln110" fromId="11" toId="13">
</dataflow>
<dataflow id="115" from="StgValue_114" to="add_ln110" fromId="114" toId="13">
</dataflow>
<dataflow id="116" from="icmp_ln110" to="br_ln110" fromId="12" toId="14">
</dataflow>
<dataflow id="117" from="j_2" to="zext_ln110" fromId="11" toId="15">
</dataflow>
<dataflow id="118" from="j_2" to="zext_ln110_1" fromId="11" toId="16">
</dataflow>
<dataflow id="119" from="zext_ln110_1" to="arrayidx15_sum" fromId="16" toId="17">
</dataflow>
<dataflow id="120" from="shl_ln_read" to="arrayidx15_sum" fromId="8" toId="17">
</dataflow>
<dataflow id="121" from="arrayidx15_sum" to="arrayidx15_sum_cast" fromId="17" toId="18">
</dataflow>
<dataflow id="122" from="w" to="w_addr" fromId="66" toId="19">
</dataflow>
<dataflow id="124" from="StgValue_123" to="w_addr" fromId="123" toId="19">
</dataflow>
<dataflow id="125" from="arrayidx15_sum_cast" to="w_addr" fromId="18" toId="19">
</dataflow>
<dataflow id="126" from="w_addr" to="w_load" fromId="19" toId="20">
</dataflow>
<dataflow id="127" from="state" to="state_addr" fromId="64" toId="21">
</dataflow>
<dataflow id="128" from="StgValue_123" to="state_addr" fromId="123" toId="21">
</dataflow>
<dataflow id="129" from="zext_ln110" to="state_addr" fromId="15" toId="21">
</dataflow>
<dataflow id="130" from="state_addr" to="state_load" fromId="21" toId="22">
</dataflow>
<dataflow id="131" from="state_1" to="state_1_addr" fromId="63" toId="23">
</dataflow>
<dataflow id="132" from="StgValue_123" to="state_1_addr" fromId="123" toId="23">
</dataflow>
<dataflow id="133" from="zext_ln110" to="state_1_addr" fromId="15" toId="23">
</dataflow>
<dataflow id="134" from="state_1_addr" to="state_1_load" fromId="23" toId="24">
</dataflow>
<dataflow id="135" from="state_2" to="state_2_addr" fromId="62" toId="25">
</dataflow>
<dataflow id="136" from="StgValue_123" to="state_2_addr" fromId="123" toId="25">
</dataflow>
<dataflow id="137" from="zext_ln110" to="state_2_addr" fromId="15" toId="25">
</dataflow>
<dataflow id="138" from="state_2_addr" to="state_2_load" fromId="25" toId="26">
</dataflow>
<dataflow id="139" from="state_3" to="state_3_addr" fromId="61" toId="27">
</dataflow>
<dataflow id="140" from="StgValue_123" to="state_3_addr" fromId="123" toId="27">
</dataflow>
<dataflow id="141" from="zext_ln110" to="state_3_addr" fromId="15" toId="27">
</dataflow>
<dataflow id="142" from="state_3_addr" to="state_3_load" fromId="27" toId="28">
</dataflow>
<dataflow id="143" from="add_ln110" to="store_ln110" fromId="13" toId="29">
</dataflow>
<dataflow id="144" from="j" to="store_ln110" fromId="5" toId="29">
</dataflow>
<dataflow id="146" from="_ssdm_op_SpecPipeline" to="specpipeline_ln110" fromId="145" toId="30">
</dataflow>
<dataflow id="147" from="StgValue_99" to="specpipeline_ln110" fromId="99" toId="30">
</dataflow>
<dataflow id="148" from="StgValue_83" to="specpipeline_ln110" fromId="83" toId="30">
</dataflow>
<dataflow id="149" from="StgValue_83" to="specpipeline_ln110" fromId="83" toId="30">
</dataflow>
<dataflow id="150" from="StgValue_83" to="specpipeline_ln110" fromId="83" toId="30">
</dataflow>
<dataflow id="151" from="empty_0" to="specpipeline_ln110" fromId="86" toId="30">
</dataflow>
<dataflow id="153" from="_ssdm_op_SpecLoopTripCount" to="speclooptripcount_ln110" fromId="152" toId="31">
</dataflow>
<dataflow id="155" from="StgValue_154" to="speclooptripcount_ln110" fromId="154" toId="31">
</dataflow>
<dataflow id="156" from="StgValue_154" to="speclooptripcount_ln110" fromId="154" toId="31">
</dataflow>
<dataflow id="157" from="StgValue_154" to="speclooptripcount_ln110" fromId="154" toId="31">
</dataflow>
<dataflow id="159" from="_ssdm_op_SpecLoopName" to="specloopname_ln110" fromId="158" toId="32">
</dataflow>
<dataflow id="161" from="empty_8" to="specloopname_ln110" fromId="160" toId="32">
</dataflow>
<dataflow id="162" from="w_addr" to="w_load" fromId="19" toId="33">
</dataflow>
<dataflow id="164" from="_ssdm_op_PartSelect.i8.i32.i32.i32" to="k" fromId="163" toId="34">
</dataflow>
<dataflow id="165" from="w_load" to="k" fromId="33" toId="34">
</dataflow>
<dataflow id="167" from="StgValue_166" to="k" fromId="166" toId="34">
</dataflow>
<dataflow id="169" from="StgValue_168" to="k" fromId="168" toId="34">
</dataflow>
<dataflow id="170" from="state_addr" to="state_load" fromId="21" toId="35">
</dataflow>
<dataflow id="171" from="state_load" to="xor_ln113" fromId="35" toId="36">
</dataflow>
<dataflow id="172" from="k" to="xor_ln113" fromId="34" toId="36">
</dataflow>
<dataflow id="173" from="_ssdm_op_PartSelect.i8.i32.i32.i32" to="k_4" fromId="163" toId="37">
</dataflow>
<dataflow id="174" from="w_load" to="k_4" fromId="33" toId="37">
</dataflow>
<dataflow id="176" from="StgValue_175" to="k_4" fromId="175" toId="37">
</dataflow>
<dataflow id="178" from="StgValue_177" to="k_4" fromId="177" toId="37">
</dataflow>
<dataflow id="179" from="_ssdm_op_PartSelect.i8.i32.i32.i32" to="k_5" fromId="163" toId="38">
</dataflow>
<dataflow id="180" from="w_load" to="k_5" fromId="33" toId="38">
</dataflow>
<dataflow id="182" from="StgValue_181" to="k_5" fromId="181" toId="38">
</dataflow>
<dataflow id="184" from="StgValue_183" to="k_5" fromId="183" toId="38">
</dataflow>
<dataflow id="185" from="w_load" to="k_6" fromId="33" toId="39">
</dataflow>
<dataflow id="186" from="state_1_addr" to="state_1_load" fromId="23" toId="40">
</dataflow>
<dataflow id="187" from="state_1_load" to="xor_ln113_4" fromId="40" toId="41">
</dataflow>
<dataflow id="188" from="k_4" to="xor_ln113_4" fromId="37" toId="41">
</dataflow>
<dataflow id="189" from="state_2_addr" to="state_2_load" fromId="25" toId="42">
</dataflow>
<dataflow id="190" from="state_2_load" to="xor_ln113_5" fromId="42" toId="43">
</dataflow>
<dataflow id="191" from="k_5" to="xor_ln113_5" fromId="38" toId="43">
</dataflow>
<dataflow id="192" from="state_3_addr" to="state_3_load" fromId="27" toId="44">
</dataflow>
<dataflow id="193" from="state_3_load" to="xor_ln113_6" fromId="44" toId="45">
</dataflow>
<dataflow id="194" from="k_6" to="xor_ln113_6" fromId="39" toId="45">
</dataflow>
<dataflow id="195" from="xor_ln113" to="store_ln113" fromId="36" toId="46">
</dataflow>
<dataflow id="196" from="state_addr" to="store_ln113" fromId="21" toId="46">
</dataflow>
<dataflow id="197" from="xor_ln113_4" to="store_ln113" fromId="41" toId="47">
</dataflow>
<dataflow id="198" from="state_1_addr" to="store_ln113" fromId="23" toId="47">
</dataflow>
<dataflow id="199" from="xor_ln113_5" to="store_ln113" fromId="43" toId="48">
</dataflow>
<dataflow id="200" from="state_2_addr" to="store_ln113" fromId="25" toId="48">
</dataflow>
<dataflow id="201" from="xor_ln113_6" to="store_ln113" fromId="45" toId="49">
</dataflow>
<dataflow id="202" from="state_3_addr" to="store_ln113" fromId="27" toId="49">
</dataflow>
<dataflow id="203" from="icmp_ln110" to="StgValue_2" fromId="12" toId="2">
</dataflow>
</dataflows>


</stg>
