<stg><name>Cipher_Pipeline_VITIS_LOOP_78_1_VITIS_LOOP_79_2</name>


<trans_list>

<trans id="71" from="1" to="2">
<condition id="-1">
<or_exp><and_exp></and_exp></or_exp>
</condition>
</trans>

<trans id="68" from="2" to="3">
<condition id="-1">
<or_exp><and_exp></and_exp></or_exp>
</condition>
</trans>
</trans_list>



<state_list>

<state id="1" st_id="2">

<operation id="6" st_id="1" stage="1" lat="1">
<core>NULL</core>
<MemPortIdVec></MemPortIdVec>
<condition id="-1">
<or_exp><and_exp></and_exp></or_exp>
</condition>

<Node id="6" bw="3" op_0_bw="32">
<![CDATA[
newFuncRoot:0 %c_1 = alloca i32 1

]]></Node>
<StgValue><ssdm name="c_1"/></StgValue>
</operation>

<operation id="7" st_id="1" stage="1" lat="1">
<core>NULL</core>
<MemPortIdVec></MemPortIdVec>
<condition id="-1">
<or_exp><and_exp></and_exp></or_exp>
</condition>

<Node id="7" bw="3" op_0_bw="32">
<![CDATA[
newFuncRoot:1 %r = alloca i32 1

]]></Node>
<StgValue><ssdm name="r"/></StgValue>
</operation>

<operation id="8" st_id="1" stage="1" lat="1">
<core>NULL</core>
<MemPortIdVec></MemPortIdVec>
<condition id="-1">
<or_exp><and_exp></and_exp></or_exp>
</condition>

<Node id="8" bw="5" op_0_bw="32">
<![CDATA[
newFuncRoot:2 %indvar_flatten = alloca i32 1

]]></Node>
<StgValue><ssdm name="indvar_flatten"/></StgValue>
</operation>

<operation id="9" st_id="1" stage="1" lat="1">
<core>NULL</core>
<MemPortIdVec></MemPortIdVec>
<condition id="-1">
<or_exp><and_exp></and_exp></or_exp>
</condition>

<Node id="9" bw="0" op_0_bw="5" op_1_bw="5">
<![CDATA[
newFuncRoot:3 %store_ln0 = store i5 0, i5 %indvar_flatten

]]></Node>
<StgValue><ssdm name="store_ln0"/></StgValue>
</operation>

<operation id="10" st_id="1" stage="1" lat="1">
<core>NULL</core>
<MemPortIdVec></MemPortIdVec>
<condition id="-1">
<or_exp><and_exp></and_exp></or_exp>
</condition>

<Node id="10" bw="0" op_0_bw="3" op_1_bw="3">
<![CDATA[
newFuncRoot:4 %store_ln78 = store i3 0, i3 %r

]]></Node>
<StgValue><ssdm name="store_ln78"/></StgValue>
</operation>

<operation id="11" st_id="1" stage="1" lat="1">
<core>NULL</core>
<MemPortIdVec></MemPortIdVec>
<condition id="-1">
<or_exp><and_exp></and_exp></or_exp>
</condition>

<Node id="11" bw="0" op_0_bw="3" op_1_bw="3">
<![CDATA[
newFuncRoot:5 %store_ln79 = store i3 0, i3 %c_1

]]></Node>
<StgValue><ssdm name="store_ln79"/></StgValue>
</operation>

<operation id="12" st_id="1" stage="1" lat="1">
<core>NULL</core>
<MemPortIdVec></MemPortIdVec>
<condition id="-1">
<or_exp><and_exp></and_exp></or_exp>
</condition>

<Node id="12" bw="0" op_0_bw="0">
<![CDATA[
newFuncRoot:6 %br_ln0 = br void %for.inc.i

]]></Node>
<StgValue><ssdm name="br_ln0"/></StgValue>
</operation>

<operation id="13" st_id="1" stage="1" lat="1">
<core>NULL</core>
<MemPortIdVec></MemPortIdVec>
<condition id="-1">
<or_exp><and_exp></and_exp></or_exp>
</condition>

<Node id="14" bw="5" op_0_bw="5" op_1_bw="0">
<![CDATA[
for.inc.i:0 %indvar_flatten_load = load i5 %indvar_flatten

]]></Node>
<StgValue><ssdm name="indvar_flatten_load"/></StgValue>
</operation>

<operation id="14" st_id="1" stage="1" lat="1">
<core>Cmp</core>
<MemPortIdVec></MemPortIdVec>
<condition id="-1">
<or_exp><and_exp></and_exp></or_exp>
</condition>

<Node id="15" bw="1" op_0_bw="5" op_1_bw="5">
<![CDATA[
for.inc.i:1 %icmp_ln78 = icmp_eq  i5 %indvar_flatten_load, i5 16

]]></Node>
<StgValue><ssdm name="icmp_ln78"/></StgValue>
</operation>

<operation id="15" st_id="1" stage="1" lat="1">
<core>Adder</core>
<MemPortIdVec></MemPortIdVec>
<condition id="-1">
<or_exp><and_exp></and_exp></or_exp>
</condition>

<Node id="16" bw="5" op_0_bw="5" op_1_bw="5">
<![CDATA[
for.inc.i:2 %add_ln78 = add i5 %indvar_flatten_load, i5 1

]]></Node>
<StgValue><ssdm name="add_ln78"/></StgValue>
</operation>

<operation id="16" st_id="1" stage="1" lat="1">
<core>NULL</core>
<MemPortIdVec></MemPortIdVec>
<condition id="-1">
<or_exp><and_exp></and_exp></or_exp>
</condition>

<Node id="17" bw="0" op_0_bw="1" op_1_bw="0" op_2_bw="0">
<![CDATA[
for.inc.i:3 %br_ln78 = br i1 %icmp_ln78, void %for.inc12.i, void %_Z8SubBytesPA4_7ap_uintILi8EE.exit.exitStub

]]></Node>
<StgValue><ssdm name="br_ln78"/></StgValue>
</operation>

<operation id="17" st_id="1" stage="1" lat="1">
<core>NULL</core>
<MemPortIdVec></MemPortIdVec>
<condition id="-1">
<or_exp><and_exp><literal name="icmp_ln78" val="0"/>
</and_exp></or_exp>
</condition>

<Node id="19" bw="3" op_0_bw="3" op_1_bw="0">
<![CDATA[
for.inc12.i:0 %c_1_load = load i3 %c_1

]]></Node>
<StgValue><ssdm name="c_1_load"/></StgValue>
</operation>

<operation id="18" st_id="1" stage="1" lat="1">
<core>Cmp</core>
<MemPortIdVec></MemPortIdVec>
<condition id="-1">
<or_exp><and_exp><literal name="icmp_ln78" val="0"/>
</and_exp></or_exp>
</condition>

<Node id="23" bw="1" op_0_bw="3" op_1_bw="3">
<![CDATA[
for.inc12.i:4 %icmp_ln79 = icmp_eq  i3 %c_1_load, i3 4

]]></Node>
<StgValue><ssdm name="icmp_ln79"/></StgValue>
</operation>

<operation id="19" st_id="1" stage="1" lat="1">
<core>Sel</core>
<MemPortIdVec></MemPortIdVec>
<condition id="-1">
<or_exp><and_exp><literal name="icmp_ln78" val="0"/>
</and_exp></or_exp>
</condition>

<Node id="24" bw="3" op_0_bw="1" op_1_bw="3" op_2_bw="3">
<![CDATA[
for.inc12.i:5 %select_ln78 = select i1 %icmp_ln79, i3 0, i3 %c_1_load

]]></Node>
<StgValue><ssdm name="select_ln78"/></StgValue>
</operation>

<operation id="20" st_id="1" stage="1" lat="1">
<core>NULL</core>
<MemPortIdVec></MemPortIdVec>
<condition id="-1">
<or_exp><and_exp><literal name="icmp_ln78" val="0"/>
</and_exp></or_exp>
</condition>

<Node id="28" bw="64" op_0_bw="3">
<![CDATA[
for.inc12.i:9 %zext_ln79 = zext i3 %select_ln78

]]></Node>
<StgValue><ssdm name="zext_ln79"/></StgValue>
</operation>

<operation id="21" st_id="1" stage="1" lat="1">
<core>NULL</core>
<MemPortIdVec></MemPortIdVec>
<condition id="-1">
<or_exp><and_exp><literal name="icmp_ln78" val="0"/>
</and_exp></or_exp>
</condition>

<Node id="30" bw="2" op_0_bw="8" op_1_bw="64" op_2_bw="64">
<![CDATA[
for.inc12.i:11 %state_addr = getelementptr i8 %state, i64 0, i64 %zext_ln79

]]></Node>
<StgValue><ssdm name="state_addr"/></StgValue>
</operation>

<operation id="22" st_id="1" stage="2" lat="2">
<core>RAM</core>
<MemPortIdVec></MemPortIdVec>
<condition id="-1">
<or_exp><and_exp><literal name="icmp_ln78" val="0"/>
</and_exp></or_exp>
</condition>

<Node id="31" bw="8" op_0_bw="2">
<![CDATA[
for.inc12.i:12 %state_load = load i2 %state_addr

]]></Node>
<StgValue><ssdm name="state_load"/></StgValue>
</operation>

<operation id="23" st_id="1" stage="1" lat="1">
<core>NULL</core>
<MemPortIdVec></MemPortIdVec>
<condition id="-1">
<or_exp><and_exp><literal name="icmp_ln78" val="0"/>
</and_exp></or_exp>
</condition>

<Node id="32" bw="2" op_0_bw="8" op_1_bw="64" op_2_bw="64">
<![CDATA[
for.inc12.i:13 %state_1_addr = getelementptr i8 %state_1, i64 0, i64 %zext_ln79

]]></Node>
<StgValue><ssdm name="state_1_addr"/></StgValue>
</operation>

<operation id="24" st_id="1" stage="2" lat="2">
<core>RAM</core>
<MemPortIdVec></MemPortIdVec>
<condition id="-1">
<or_exp><and_exp><literal name="icmp_ln78" val="0"/>
</and_exp></or_exp>
</condition>

<Node id="33" bw="8" op_0_bw="2">
<![CDATA[
for.inc12.i:14 %state_1_load = load i2 %state_1_addr

]]></Node>
<StgValue><ssdm name="state_1_load"/></StgValue>
</operation>

<operation id="25" st_id="1" stage="1" lat="1">
<core>NULL</core>
<MemPortIdVec></MemPortIdVec>
<condition id="-1">
<or_exp><and_exp><literal name="icmp_ln78" val="0"/>
</and_exp></or_exp>
</condition>

<Node id="34" bw="2" op_0_bw="8" op_1_bw="64" op_2_bw="64">
<![CDATA[
for.inc12.i:15 %state_2_addr = getelementptr i8 %state_2, i64 0, i64 %zext_ln79

]]></Node>
<StgValue><ssdm name="state_2_addr"/></StgValue>
</operation>

<operation id="26" st_id="1" stage="2" lat="2">
<core>RAM</core>
<MemPortIdVec></MemPortIdVec>
<condition id="-1">
<or_exp><and_exp><literal name="icmp_ln78" val="0"/>
</and_exp></or_exp>
</condition>

<Node id="35" bw="8" op_0_bw="2">
<![CDATA[
for.inc12.i:16 %state_2_load = load i2 %state_2_addr

]]></Node>
<StgValue><ssdm name="state_2_load"/></StgValue>
</operation>

<operation id="27" st_id="1" stage="1" lat="1">
<core>NULL</core>
<MemPortIdVec></MemPortIdVec>
<condition id="-1">
<or_exp><and_exp><literal name="icmp_ln78" val="0"/>
</and_exp></or_exp>
</condition>

<Node id="36" bw="2" op_0_bw="8" op_1_bw="64" op_2_bw="64">
<![CDATA[
for.inc12.i:17 %state_3_addr = getelementptr i8 %state_3, i64 0, i64 %zext_ln79

]]></Node>
<StgValue><ssdm name="state_3_addr"/></StgValue>
</operation>

<operation id="28" st_id="1" stage="2" lat="2">
<core>RAM</core>
<MemPortIdVec></MemPortIdVec>
<condition id="-1">
<or_exp><and_exp><literal name="icmp_ln78" val="0"/>
</and_exp></or_exp>
</condition>

<Node id="37" bw="8" op_0_bw="2">
<![CDATA[
for.inc12.i:18 %state_3_load = load i2 %state_3_addr

]]></Node>
<StgValue><ssdm name="state_3_load"/></StgValue>
</operation>

<operation id="29" st_id="1" stage="1" lat="1">
<core>Adder</core>
<MemPortIdVec></MemPortIdVec>
<condition id="-1">
<or_exp><and_exp><literal name="icmp_ln78" val="0"/>
</and_exp></or_exp>
</condition>

<Node id="56" bw="3" op_0_bw="3" op_1_bw="3">
<![CDATA[
V1.i3.i95.exit:0 %add_ln79 = add i3 %select_ln78, i3 1

]]></Node>
<StgValue><ssdm name="add_ln79"/></StgValue>
</operation>

<operation id="30" st_id="1" stage="1" lat="1">
<core>NULL</core>
<MemPortIdVec></MemPortIdVec>
<condition id="-1">
<or_exp><and_exp><literal name="icmp_ln78" val="0"/>
</and_exp></or_exp>
</condition>

<Node id="57" bw="0" op_0_bw="5" op_1_bw="5" op_2_bw="0" op_3_bw="0">
<![CDATA[
V1.i3.i95.exit:1 %store_ln78 = store i5 %add_ln78, i5 %indvar_flatten

]]></Node>
<StgValue><ssdm name="store_ln78"/></StgValue>
</operation>

<operation id="31" st_id="1" stage="1" lat="1">
<core>NULL</core>
<MemPortIdVec></MemPortIdVec>
<condition id="-1">
<or_exp><and_exp><literal name="icmp_ln78" val="0"/>
</and_exp></or_exp>
</condition>

<Node id="59" bw="0" op_0_bw="3" op_1_bw="3" op_2_bw="0" op_3_bw="0">
<![CDATA[
V1.i3.i95.exit:3 %store_ln79 = store i3 %add_ln79, i3 %c_1

]]></Node>
<StgValue><ssdm name="store_ln79"/></StgValue>
</operation>
</state>

<state id="2" st_id="3">

<operation id="32" st_id="2" stage="1" lat="1">
<core>NULL</core>
<MemPortIdVec></MemPortIdVec>
<condition id="-1">
<or_exp><and_exp></and_exp></or_exp>
</condition>

<Node id="20" bw="3" op_0_bw="3" op_1_bw="0">
<![CDATA[
for.inc12.i:1 %r_load = load i3 %r

]]></Node>
<StgValue><ssdm name="r_load"/></StgValue>
</operation>

<operation id="33" st_id="2" stage="1" lat="1">
<core>Adder</core>
<MemPortIdVec></MemPortIdVec>
<condition id="-1">
<or_exp><and_exp><literal name="icmp_ln79" val="1"/>
</and_exp></or_exp>
</condition>

<Node id="25" bw="3" op_0_bw="3" op_1_bw="3">
<![CDATA[
for.inc12.i:6 %add_ln78_2 = add i3 %r_load, i3 1

]]></Node>
<StgValue><ssdm name="add_ln78_2"/></StgValue>
</operation>

<operation id="34" st_id="2" stage="1" lat="1">
<core>Sel</core>
<MemPortIdVec></MemPortIdVec>
<condition id="-1">
<or_exp><and_exp></and_exp></or_exp>
</condition>

<Node id="26" bw="3" op_0_bw="1" op_1_bw="3" op_2_bw="3">
<![CDATA[
for.inc12.i:7 %select_ln78_2 = select i1 %icmp_ln79, i3 %add_ln78_2, i3 %r_load

]]></Node>
<StgValue><ssdm name="select_ln78_2"/></StgValue>
</operation>

<operation id="35" st_id="2" stage="1" lat="1">
<core>NULL</core>
<MemPortIdVec></MemPortIdVec>
<condition id="-1">
<or_exp><and_exp></and_exp></or_exp>
</condition>

<Node id="27" bw="2" op_0_bw="3">
<![CDATA[
for.inc12.i:8 %trunc_ln78 = trunc i3 %select_ln78_2

]]></Node>
<StgValue><ssdm name="trunc_ln78"/></StgValue>
</operation>

<operation id="36" st_id="2" stage="1" lat="2">
<core>RAM</core>
<MemPortIdVec></MemPortIdVec>
<condition id="-1">
<or_exp><and_exp></and_exp></or_exp>
</condition>

<Node id="31" bw="8" op_0_bw="2">
<![CDATA[
for.inc12.i:12 %state_load = load i2 %state_addr

]]></Node>
<StgValue><ssdm name="state_load"/></StgValue>
</operation>

<operation id="37" st_id="2" stage="1" lat="2">
<core>RAM</core>
<MemPortIdVec></MemPortIdVec>
<condition id="-1">
<or_exp><and_exp></and_exp></or_exp>
</condition>

<Node id="33" bw="8" op_0_bw="2">
<![CDATA[
for.inc12.i:14 %state_1_load = load i2 %state_1_addr

]]></Node>
<StgValue><ssdm name="state_1_load"/></StgValue>
</operation>

<operation id="38" st_id="2" stage="1" lat="2">
<core>RAM</core>
<MemPortIdVec></MemPortIdVec>
<condition id="-1">
<or_exp><and_exp></and_exp></or_exp>
</condition>

<Node id="35" bw="8" op_0_bw="2">
<![CDATA[
for.inc12.i:16 %state_2_load = load i2 %state_2_addr

]]></Node>
<StgValue><ssdm name="state_2_load"/></StgValue>
</operation>

<operation id="39" st_id="2" stage="1" lat="2">
<core>RAM</core>
<MemPortIdVec></MemPortIdVec>
<condition id="-1">
<or_exp><and_exp></and_exp></or_exp>
</condition>

<Node id="37" bw="8" op_0_bw="2">
<![CDATA[
for.inc12.i:18 %state_3_load = load i2 %state_3_addr

]]></Node>
<StgValue><ssdm name="state_3_load"/></StgValue>
</operation>

<operation id="40" st_id="2" stage="1" lat="1">
<core>BinarySparseMux_DontCare</core>
<MemPortIdVec></MemPortIdVec>
<condition id="-1">
<or_exp><and_exp></and_exp></or_exp>
</condition>

<Node id="38" bw="8" op_0_bw="8" op_1_bw="2" op_2_bw="8" op_3_bw="2" op_4_bw="8" op_5_bw="2" op_6_bw="8" op_7_bw="2" op_8_bw="8" op_9_bw="8" op_10_bw="2">
<![CDATA[
for.inc12.i:19 %tmp_9 = sparsemux i8 @_ssdm_op_SparseMux.ap_auto.4i8.i8.i2, i2 0, i8 %state_load, i2 1, i8 %state_1_load, i2 2, i8 %state_2_load, i2 3, i8 %state_3_load, i8 0, i2 %trunc_ln78

]]></Node>
<StgValue><ssdm name="tmp_9"/></StgValue>
</operation>

<operation id="41" st_id="2" stage="1" lat="1">
<core>NULL</core>
<MemPortIdVec></MemPortIdVec>
<condition id="-1">
<or_exp><and_exp></and_exp></or_exp>
</condition>

<Node id="39" bw="64" op_0_bw="8">
<![CDATA[
for.inc12.i:20 %zext_ln80 = zext i8 %tmp_9

]]></Node>
<StgValue><ssdm name="zext_ln80"/></StgValue>
</operation>

<operation id="42" st_id="2" stage="1" lat="1">
<core>NULL</core>
<MemPortIdVec></MemPortIdVec>
<condition id="-1">
<or_exp><and_exp></and_exp></or_exp>
</condition>

<Node id="40" bw="8" op_0_bw="8" op_1_bw="64" op_2_bw="64">
<![CDATA[
for.inc12.i:21 %sbox_addr = getelementptr i8 %sbox, i64 0, i64 %zext_ln80

]]></Node>
<StgValue><ssdm name="sbox_addr"/></StgValue>
</operation>

<operation id="43" st_id="2" stage="2" lat="2">
<core>ROM</core>
<MemPortIdVec></MemPortIdVec>
<condition id="-1">
<or_exp><and_exp></and_exp></or_exp>
</condition>

<Node id="41" bw="8" op_0_bw="8">
<![CDATA[
for.inc12.i:22 %sbox_load = load i8 %sbox_addr

]]></Node>
<StgValue><ssdm name="sbox_load"/></StgValue>
</operation>

<operation id="44" st_id="2" stage="1" lat="1">
<core>NULL</core>
<MemPortIdVec></MemPortIdVec>
<condition id="-1">
<or_exp><and_exp></and_exp></or_exp>
</condition>

<Node id="42" bw="0" op_0_bw="2" op_1_bw="0" op_2_bw="2" op_3_bw="0" op_4_bw="2" op_5_bw="0" op_6_bw="2" op_7_bw="0">
<![CDATA[
for.inc12.i:23 %switch_ln80 = switch i2 %trunc_ln78, void %V1.i3.i95.case.3, i2 0, void %V1.i3.i95.case.0, i2 1, void %V1.i3.i95.case.1, i2 2, void %V1.i3.i95.case.2

]]></Node>
<StgValue><ssdm name="switch_ln80"/></StgValue>
</operation>

<operation id="45" st_id="2" stage="1" lat="1">
<core>NULL</core>
<MemPortIdVec></MemPortIdVec>
<condition id="-1">
<or_exp><and_exp></and_exp></or_exp>
</condition>

<Node id="58" bw="0" op_0_bw="3" op_1_bw="3" op_2_bw="0" op_3_bw="0">
<![CDATA[
V1.i3.i95.exit:2 %store_ln78 = store i3 %select_ln78_2, i3 %r

]]></Node>
<StgValue><ssdm name="store_ln78"/></StgValue>
</operation>

<operation id="46" st_id="2" stage="1" lat="1">
<core>NULL</core>
<MemPortIdVec></MemPortIdVec>
<condition id="-1">
<or_exp><and_exp></and_exp></or_exp>
</condition>

<Node id="60" bw="0" op_0_bw="0">
<![CDATA[
V1.i3.i95.exit:4 %br_ln79 = br void %for.inc.i

]]></Node>
<StgValue><ssdm name="br_ln79"/></StgValue>
</operation>

<operation id="59" st_id="2" stage="1" lat="1">
<core>NULL</core>
<MemPortIdVec></MemPortIdVec>
<condition id="-1">
<or_exp><and_exp><literal name="icmp_ln78" val="1"/>
</and_exp></or_exp>
</condition>

<Node id="62" bw="0">
<![CDATA[
_Z8SubBytesPA4_7ap_uintILi8EE.exit.exitStub:0 %ret_ln0 = ret

]]></Node>
<StgValue><ssdm name="ret_ln0"/></StgValue>
</operation>
</state>

<state id="3" st_id="4">

<operation id="47" st_id="3" stage="1" lat="1">
<core>NULL</core>
<MemPortIdVec></MemPortIdVec>
<condition id="-1">
<or_exp><and_exp></and_exp></or_exp>
</condition>

<Node id="21" bw="0" op_0_bw="0" op_1_bw="0">
<![CDATA[
for.inc12.i:2 %specloopname_ln0 = specloopname void @_ssdm_op_SpecLoopName, void @VITIS_LOOP_78_1_VITIS_LOOP_79_2_str

]]></Node>
<StgValue><ssdm name="specloopname_ln0"/></StgValue>
</operation>

<operation id="48" st_id="3" stage="1" lat="1">
<core>NULL</core>
<MemPortIdVec></MemPortIdVec>
<condition id="-1">
<or_exp><and_exp></and_exp></or_exp>
</condition>

<Node id="22" bw="0" op_0_bw="0" op_1_bw="64" op_2_bw="64" op_3_bw="64">
<![CDATA[
for.inc12.i:3 %speclooptripcount_ln0 = speclooptripcount void @_ssdm_op_SpecLoopTripCount, i64 16, i64 16, i64 16

]]></Node>
<StgValue><ssdm name="speclooptripcount_ln0"/></StgValue>
</operation>

<operation id="49" st_id="3" stage="1" lat="1">
<core>NULL</core>
<MemPortIdVec></MemPortIdVec>
<condition id="-1">
<or_exp><and_exp></and_exp></or_exp>
</condition>

<Node id="29" bw="0" op_0_bw="0" op_1_bw="32" op_2_bw="32" op_3_bw="32" op_4_bw="32" op_5_bw="0">
<![CDATA[
for.inc12.i:10 %specpipeline_ln79 = specpipeline void @_ssdm_op_SpecPipeline, i32 4294967295, i32 0, i32 0, i32 0, void @empty_0

]]></Node>
<StgValue><ssdm name="specpipeline_ln79"/></StgValue>
</operation>

<operation id="50" st_id="3" stage="1" lat="2">
<core>ROM</core>
<MemPortIdVec></MemPortIdVec>
<condition id="-1">
<or_exp><and_exp></and_exp></or_exp>
</condition>

<Node id="41" bw="8" op_0_bw="8">
<![CDATA[
for.inc12.i:22 %sbox_load = load i8 %sbox_addr

]]></Node>
<StgValue><ssdm name="sbox_load"/></StgValue>
</operation>

<operation id="51" st_id="3" stage="1" lat="1">
<core>RAM</core>
<MemPortIdVec></MemPortIdVec>
<condition id="-1">
<or_exp><and_exp><literal name="trunc_ln78" val="-2"/>
</and_exp></or_exp>
</condition>

<Node id="44" bw="0" op_0_bw="8" op_1_bw="2" op_2_bw="0">
<![CDATA[
V1.i3.i95.case.2:0 %store_ln80 = store i8 %sbox_load, i2 %state_2_addr

]]></Node>
<StgValue><ssdm name="store_ln80"/></StgValue>
</operation>

<operation id="52" st_id="3" stage="1" lat="1">
<core>NULL</core>
<MemPortIdVec></MemPortIdVec>
<condition id="-1">
<or_exp><and_exp><literal name="trunc_ln78" val="-2"/>
</and_exp></or_exp>
</condition>

<Node id="45" bw="0" op_0_bw="0">
<![CDATA[
V1.i3.i95.case.2:1 %br_ln80 = br void %V1.i3.i95.exit

]]></Node>
<StgValue><ssdm name="br_ln80"/></StgValue>
</operation>

<operation id="53" st_id="3" stage="1" lat="1">
<core>RAM</core>
<MemPortIdVec></MemPortIdVec>
<condition id="-1">
<or_exp><and_exp><literal name="trunc_ln78" val="1"/>
</and_exp></or_exp>
</condition>

<Node id="47" bw="0" op_0_bw="8" op_1_bw="2" op_2_bw="0">
<![CDATA[
V1.i3.i95.case.1:0 %store_ln80 = store i8 %sbox_load, i2 %state_1_addr

]]></Node>
<StgValue><ssdm name="store_ln80"/></StgValue>
</operation>

<operation id="54" st_id="3" stage="1" lat="1">
<core>NULL</core>
<MemPortIdVec></MemPortIdVec>
<condition id="-1">
<or_exp><and_exp><literal name="trunc_ln78" val="1"/>
</and_exp></or_exp>
</condition>

<Node id="48" bw="0" op_0_bw="0">
<![CDATA[
V1.i3.i95.case.1:1 %br_ln80 = br void %V1.i3.i95.exit

]]></Node>
<StgValue><ssdm name="br_ln80"/></StgValue>
</operation>

<operation id="55" st_id="3" stage="1" lat="1">
<core>RAM</core>
<MemPortIdVec></MemPortIdVec>
<condition id="-1">
<or_exp><and_exp><literal name="trunc_ln78" val="0"/>
</and_exp></or_exp>
</condition>

<Node id="50" bw="0" op_0_bw="8" op_1_bw="2" op_2_bw="0">
<![CDATA[
V1.i3.i95.case.0:0 %store_ln80 = store i8 %sbox_load, i2 %state_addr

]]></Node>
<StgValue><ssdm name="store_ln80"/></StgValue>
</operation>

<operation id="56" st_id="3" stage="1" lat="1">
<core>NULL</core>
<MemPortIdVec></MemPortIdVec>
<condition id="-1">
<or_exp><and_exp><literal name="trunc_ln78" val="0"/>
</and_exp></or_exp>
</condition>

<Node id="51" bw="0" op_0_bw="0">
<![CDATA[
V1.i3.i95.case.0:1 %br_ln80 = br void %V1.i3.i95.exit

]]></Node>
<StgValue><ssdm name="br_ln80"/></StgValue>
</operation>

<operation id="57" st_id="3" stage="1" lat="1">
<core>RAM</core>
<MemPortIdVec></MemPortIdVec>
<condition id="-1">
<or_exp><and_exp><literal name="trunc_ln78" val="-1"/>
</and_exp></or_exp>
</condition>

<Node id="53" bw="0" op_0_bw="8" op_1_bw="2" op_2_bw="0">
<![CDATA[
V1.i3.i95.case.3:0 %store_ln80 = store i8 %sbox_load, i2 %state_3_addr

]]></Node>
<StgValue><ssdm name="store_ln80"/></StgValue>
</operation>

<operation id="58" st_id="3" stage="1" lat="1">
<core>NULL</core>
<MemPortIdVec></MemPortIdVec>
<condition id="-1">
<or_exp><and_exp><literal name="trunc_ln78" val="-1"/>
</and_exp></or_exp>
</condition>

<Node id="54" bw="0" op_0_bw="0">
<![CDATA[
V1.i3.i95.case.3:1 %br_ln80 = br void %V1.i3.i95.exit

]]></Node>
<StgValue><ssdm name="br_ln80"/></StgValue>
</operation>
</state>
</state_list>


<ports>
</ports>


<dataflows>
</dataflows>


</stg>
