<stg><name>Cipher_Pipeline_VITIS_LOOP_149_1</name>


<trans_list>

<trans id="48" from="1" to="2">
<condition id="-1">
<or_exp><and_exp></and_exp></or_exp>
</condition>
</trans>
</trans_list>



<state_list>

<state id="1" st_id="2">

<operation id="5" st_id="1" stage="1" lat="1">
<core>NULL</core>
<MemPortIdVec></MemPortIdVec>
<condition id="-1">
<or_exp><and_exp></and_exp></or_exp>
</condition>

<Node id="6" bw="5" op_0_bw="32">
<![CDATA[
newFuncRoot:0 %i = alloca i32 1

]]></Node>
<StgValue><ssdm name="i"/></StgValue>
</operation>

<operation id="6" st_id="1" stage="1" lat="1">
<core>NULL</core>
<MemPortIdVec></MemPortIdVec>
<condition id="-1">
<or_exp><and_exp></and_exp></or_exp>
</condition>

<Node id="7" bw="0" op_0_bw="0" op_1_bw="8" op_2_bw="64" op_3_bw="64" op_4_bw="64">
<![CDATA[
newFuncRoot:1 %specmemcore_ln0 = specmemcore void @_ssdm_op_SpecMemCore, i8 %in_r, i64 666, i64 207, i64 1

]]></Node>
<StgValue><ssdm name="specmemcore_ln0"/></StgValue>
</operation>

<operation id="7" st_id="1" stage="1" lat="1">
<core>NULL</core>
<MemPortIdVec></MemPortIdVec>
<condition id="-1">
<or_exp><and_exp></and_exp></or_exp>
</condition>

<Node id="8" bw="0" op_0_bw="0" op_1_bw="8" op_2_bw="0" op_3_bw="32" op_4_bw="32" op_5_bw="0" op_6_bw="32" op_7_bw="32" op_8_bw="0" op_9_bw="0" op_10_bw="0" op_11_bw="32" op_12_bw="32" op_13_bw="32" op_14_bw="32" op_15_bw="0" op_16_bw="0" op_17_bw="32" op_18_bw="32" op_19_bw="32">
<![CDATA[
newFuncRoot:2 %specinterface_ln0 = specinterface void @_ssdm_op_SpecInterface, i8 %in_r, void @empty_3, i32 0, i32 0, void @empty_0, i32 1, i32 0, void @empty_0, void @empty_0, void @empty_0, i32 0, i32 0, i32 0, i32 0, void @empty_0, void @empty_0, i32 4294967295, i32 0, i32 0

]]></Node>
<StgValue><ssdm name="specinterface_ln0"/></StgValue>
</operation>

<operation id="8" st_id="1" stage="1" lat="1">
<core>NULL</core>
<MemPortIdVec></MemPortIdVec>
<condition id="-1">
<or_exp><and_exp></and_exp></or_exp>
</condition>

<Node id="9" bw="0" op_0_bw="5" op_1_bw="5">
<![CDATA[
newFuncRoot:3 %store_ln149 = store i5 0, i5 %i

]]></Node>
<StgValue><ssdm name="store_ln149"/></StgValue>
</operation>

<operation id="9" st_id="1" stage="1" lat="1">
<core>NULL</core>
<MemPortIdVec></MemPortIdVec>
<condition id="-1">
<or_exp><and_exp></and_exp></or_exp>
</condition>

<Node id="10" bw="0" op_0_bw="0">
<![CDATA[
newFuncRoot:4 %br_ln0 = br void %for.inc

]]></Node>
<StgValue><ssdm name="br_ln0"/></StgValue>
</operation>

<operation id="10" st_id="1" stage="1" lat="1">
<core>NULL</core>
<MemPortIdVec></MemPortIdVec>
<condition id="-1">
<or_exp><and_exp></and_exp></or_exp>
</condition>

<Node id="12" bw="5" op_0_bw="5" op_1_bw="0">
<![CDATA[
for.inc:0 %i_2 = load i5 %i

]]></Node>
<StgValue><ssdm name="i_2"/></StgValue>
</operation>

<operation id="11" st_id="1" stage="1" lat="1">
<core>Cmp</core>
<MemPortIdVec></MemPortIdVec>
<condition id="-1">
<or_exp><and_exp></and_exp></or_exp>
</condition>

<Node id="13" bw="1" op_0_bw="5" op_1_bw="5">
<![CDATA[
for.inc:1 %icmp_ln149 = icmp_eq  i5 %i_2, i5 16

]]></Node>
<StgValue><ssdm name="icmp_ln149"/></StgValue>
</operation>

<operation id="12" st_id="1" stage="1" lat="1">
<core>Adder</core>
<MemPortIdVec></MemPortIdVec>
<condition id="-1">
<or_exp><and_exp></and_exp></or_exp>
</condition>

<Node id="14" bw="5" op_0_bw="5" op_1_bw="5">
<![CDATA[
for.inc:2 %add_ln149 = add i5 %i_2, i5 1

]]></Node>
<StgValue><ssdm name="add_ln149"/></StgValue>
</operation>

<operation id="13" st_id="1" stage="1" lat="1">
<core>NULL</core>
<MemPortIdVec></MemPortIdVec>
<condition id="-1">
<or_exp><and_exp></and_exp></or_exp>
</condition>

<Node id="15" bw="0" op_0_bw="1" op_1_bw="0" op_2_bw="0">
<![CDATA[
for.inc:3 %br_ln149 = br i1 %icmp_ln149, void %for.inc.split, void %VITIS_LOOP_111_2.i.preheader.exitStub

]]></Node>
<StgValue><ssdm name="br_ln149"/></StgValue>
</operation>

<operation id="14" st_id="1" stage="1" lat="1">
<core>NULL</core>
<MemPortIdVec></MemPortIdVec>
<condition id="-1">
<or_exp><and_exp><literal name="icmp_ln149" val="0"/>
</and_exp></or_exp>
</condition>

<Node id="17" bw="64" op_0_bw="5">
<![CDATA[
for.inc.split:0 %zext_ln149 = zext i5 %i_2

]]></Node>
<StgValue><ssdm name="zext_ln149"/></StgValue>
</operation>

<operation id="15" st_id="1" stage="1" lat="1">
<core>NULL</core>
<MemPortIdVec></MemPortIdVec>
<condition id="-1">
<or_exp><and_exp><literal name="icmp_ln149" val="0"/>
</and_exp></or_exp>
</condition>

<Node id="21" bw="2" op_0_bw="5">
<![CDATA[
for.inc.split:4 %trunc_ln150 = trunc i5 %i_2

]]></Node>
<StgValue><ssdm name="trunc_ln150"/></StgValue>
</operation>

<operation id="16" st_id="1" stage="1" lat="1">
<core>NULL</core>
<MemPortIdVec></MemPortIdVec>
<condition id="-1">
<or_exp><and_exp><literal name="icmp_ln149" val="0"/>
</and_exp></or_exp>
</condition>

<Node id="22" bw="2" op_0_bw="2" op_1_bw="5" op_2_bw="32" op_3_bw="32">
<![CDATA[
for.inc.split:5 %lshr_ln = partselect i2 @_ssdm_op_PartSelect.i2.i5.i32.i32, i5 %i_2, i32 2, i32 3

]]></Node>
<StgValue><ssdm name="lshr_ln"/></StgValue>
</operation>

<operation id="17" st_id="1" stage="1" lat="1">
<core>NULL</core>
<MemPortIdVec></MemPortIdVec>
<condition id="-1">
<or_exp><and_exp><literal name="icmp_ln149" val="0"/>
</and_exp></or_exp>
</condition>

<Node id="25" bw="4" op_0_bw="8" op_1_bw="64" op_2_bw="64">
<![CDATA[
for.inc.split:8 %in_r_addr = getelementptr i8 %in_r, i64 0, i64 %zext_ln149

]]></Node>
<StgValue><ssdm name="in_r_addr"/></StgValue>
</operation>

<operation id="18" st_id="1" stage="2" lat="2">
<core>RAM_1P</core>
<MemPortIdVec>0 </MemPortIdVec>
<condition id="-1">
<or_exp><and_exp><literal name="icmp_ln149" val="0"/>
</and_exp></or_exp>
</condition>

<Node id="26" bw="8" op_0_bw="4">
<![CDATA[
for.inc.split:9 %in_r_load = load i4 %in_r_addr

]]></Node>
<StgValue><ssdm name="in_r_load"/></StgValue>
</operation>

<operation id="19" st_id="1" stage="1" lat="1">
<core>NULL</core>
<MemPortIdVec></MemPortIdVec>
<condition id="-1">
<or_exp><and_exp><literal name="icmp_ln149" val="0"/>
</and_exp></or_exp>
</condition>

<Node id="27" bw="0" op_0_bw="2" op_1_bw="0" op_2_bw="2" op_3_bw="0" op_4_bw="2" op_5_bw="0" op_6_bw="2" op_7_bw="0">
<![CDATA[
for.inc.split:10 %switch_ln150 = switch i2 %trunc_ln150, void %arrayidx42.case.3, i2 0, void %arrayidx42.case.0, i2 1, void %arrayidx42.case.1, i2 2, void %arrayidx42.case.2

]]></Node>
<StgValue><ssdm name="switch_ln150"/></StgValue>
</operation>

<operation id="20" st_id="1" stage="1" lat="1">
<core>NULL</core>
<MemPortIdVec></MemPortIdVec>
<condition id="-1">
<or_exp><and_exp><literal name="icmp_ln149" val="0"/>
</and_exp></or_exp>
</condition>

<Node id="44" bw="0" op_0_bw="5" op_1_bw="5" op_2_bw="0" op_3_bw="0">
<![CDATA[
arrayidx42.exit:0 %store_ln149 = store i5 %add_ln149, i5 %i

]]></Node>
<StgValue><ssdm name="store_ln149"/></StgValue>
</operation>

<operation id="21" st_id="1" stage="1" lat="1">
<core>NULL</core>
<MemPortIdVec></MemPortIdVec>
<condition id="-1">
<or_exp><and_exp><literal name="icmp_ln149" val="0"/>
</and_exp></or_exp>
</condition>

<Node id="45" bw="0" op_0_bw="0">
<![CDATA[
arrayidx42.exit:1 %br_ln149 = br void %for.inc

]]></Node>
<StgValue><ssdm name="br_ln149"/></StgValue>
</operation>

<operation id="39" st_id="1" stage="1" lat="1">
<core>NULL</core>
<MemPortIdVec></MemPortIdVec>
<condition id="-1">
<or_exp><and_exp><literal name="icmp_ln149" val="1"/>
</and_exp></or_exp>
</condition>

<Node id="47" bw="0">
<![CDATA[
VITIS_LOOP_111_2.i.preheader.exitStub:0 %ret_ln0 = ret

]]></Node>
<StgValue><ssdm name="ret_ln0"/></StgValue>
</operation>
</state>

<state id="2" st_id="3">

<operation id="22" st_id="2" stage="1" lat="1">
<core>NULL</core>
<MemPortIdVec></MemPortIdVec>
<condition id="-1">
<or_exp><and_exp></and_exp></or_exp>
</condition>

<Node id="18" bw="0" op_0_bw="0" op_1_bw="32" op_2_bw="32" op_3_bw="32" op_4_bw="32" op_5_bw="0">
<![CDATA[
for.inc.split:1 %specpipeline_ln149 = specpipeline void @_ssdm_op_SpecPipeline, i32 4294967295, i32 0, i32 0, i32 0, void @empty_0

]]></Node>
<StgValue><ssdm name="specpipeline_ln149"/></StgValue>
</operation>

<operation id="23" st_id="2" stage="1" lat="1">
<core>NULL</core>
<MemPortIdVec></MemPortIdVec>
<condition id="-1">
<or_exp><and_exp></and_exp></or_exp>
</condition>

<Node id="19" bw="0" op_0_bw="0" op_1_bw="64" op_2_bw="64" op_3_bw="64">
<![CDATA[
for.inc.split:2 %speclooptripcount_ln149 = speclooptripcount void @_ssdm_op_SpecLoopTripCount, i64 16, i64 16, i64 16

]]></Node>
<StgValue><ssdm name="speclooptripcount_ln149"/></StgValue>
</operation>

<operation id="24" st_id="2" stage="1" lat="1">
<core>NULL</core>
<MemPortIdVec></MemPortIdVec>
<condition id="-1">
<or_exp><and_exp></and_exp></or_exp>
</condition>

<Node id="20" bw="0" op_0_bw="0" op_1_bw="0">
<![CDATA[
for.inc.split:3 %specloopname_ln149 = specloopname void @_ssdm_op_SpecLoopName, void @empty_13

]]></Node>
<StgValue><ssdm name="specloopname_ln149"/></StgValue>
</operation>

<operation id="25" st_id="2" stage="1" lat="1">
<core>NULL</core>
<MemPortIdVec></MemPortIdVec>
<condition id="-1">
<or_exp><and_exp></and_exp></or_exp>
</condition>

<Node id="23" bw="64" op_0_bw="2">
<![CDATA[
for.inc.split:6 %zext_ln150 = zext i2 %lshr_ln

]]></Node>
<StgValue><ssdm name="zext_ln150"/></StgValue>
</operation>

<operation id="26" st_id="2" stage="1" lat="1">
<core>NULL</core>
<MemPortIdVec></MemPortIdVec>
<condition id="-1">
<or_exp><and_exp></and_exp></or_exp>
</condition>

<Node id="24" bw="2" op_0_bw="8" op_1_bw="64" op_2_bw="64">
<![CDATA[
for.inc.split:7 %state_addr = getelementptr i8 %state, i64 0, i64 %zext_ln150

]]></Node>
<StgValue><ssdm name="state_addr"/></StgValue>
</operation>

<operation id="27" st_id="2" stage="1" lat="2">
<core>RAM_1P</core>
<MemPortIdVec>0 </MemPortIdVec>
<condition id="-1">
<or_exp><and_exp></and_exp></or_exp>
</condition>

<Node id="26" bw="8" op_0_bw="4">
<![CDATA[
for.inc.split:9 %in_r_load = load i4 %in_r_addr

]]></Node>
<StgValue><ssdm name="in_r_load"/></StgValue>
</operation>

<operation id="28" st_id="2" stage="1" lat="1">
<core>NULL</core>
<MemPortIdVec></MemPortIdVec>
<condition id="-1">
<or_exp><and_exp><literal name="trunc_ln150" val="-2"/>
</and_exp></or_exp>
</condition>

<Node id="29" bw="2" op_0_bw="8" op_1_bw="64" op_2_bw="64">
<![CDATA[
arrayidx42.case.2:0 %state_2_addr = getelementptr i8 %state_2, i64 0, i64 %zext_ln150

]]></Node>
<StgValue><ssdm name="state_2_addr"/></StgValue>
</operation>

<operation id="29" st_id="2" stage="1" lat="1">
<core>RAM</core>
<MemPortIdVec>0 </MemPortIdVec>
<condition id="-1">
<or_exp><and_exp><literal name="trunc_ln150" val="-2"/>
</and_exp></or_exp>
</condition>

<Node id="30" bw="0" op_0_bw="8" op_1_bw="2">
<![CDATA[
arrayidx42.case.2:1 %store_ln150 = store i8 %in_r_load, i2 %state_2_addr

]]></Node>
<StgValue><ssdm name="store_ln150"/></StgValue>
</operation>

<operation id="30" st_id="2" stage="1" lat="1">
<core>NULL</core>
<MemPortIdVec></MemPortIdVec>
<condition id="-1">
<or_exp><and_exp><literal name="trunc_ln150" val="-2"/>
</and_exp></or_exp>
</condition>

<Node id="31" bw="0" op_0_bw="0">
<![CDATA[
arrayidx42.case.2:2 %br_ln150 = br void %arrayidx42.exit

]]></Node>
<StgValue><ssdm name="br_ln150"/></StgValue>
</operation>

<operation id="31" st_id="2" stage="1" lat="1">
<core>NULL</core>
<MemPortIdVec></MemPortIdVec>
<condition id="-1">
<or_exp><and_exp><literal name="trunc_ln150" val="1"/>
</and_exp></or_exp>
</condition>

<Node id="33" bw="2" op_0_bw="8" op_1_bw="64" op_2_bw="64">
<![CDATA[
arrayidx42.case.1:0 %state_1_addr = getelementptr i8 %state_1, i64 0, i64 %zext_ln150

]]></Node>
<StgValue><ssdm name="state_1_addr"/></StgValue>
</operation>

<operation id="32" st_id="2" stage="1" lat="1">
<core>RAM</core>
<MemPortIdVec>0 </MemPortIdVec>
<condition id="-1">
<or_exp><and_exp><literal name="trunc_ln150" val="1"/>
</and_exp></or_exp>
</condition>

<Node id="34" bw="0" op_0_bw="8" op_1_bw="2">
<![CDATA[
arrayidx42.case.1:1 %store_ln150 = store i8 %in_r_load, i2 %state_1_addr

]]></Node>
<StgValue><ssdm name="store_ln150"/></StgValue>
</operation>

<operation id="33" st_id="2" stage="1" lat="1">
<core>NULL</core>
<MemPortIdVec></MemPortIdVec>
<condition id="-1">
<or_exp><and_exp><literal name="trunc_ln150" val="1"/>
</and_exp></or_exp>
</condition>

<Node id="35" bw="0" op_0_bw="0">
<![CDATA[
arrayidx42.case.1:2 %br_ln150 = br void %arrayidx42.exit

]]></Node>
<StgValue><ssdm name="br_ln150"/></StgValue>
</operation>

<operation id="34" st_id="2" stage="1" lat="1">
<core>RAM</core>
<MemPortIdVec>0 </MemPortIdVec>
<condition id="-1">
<or_exp><and_exp><literal name="trunc_ln150" val="0"/>
</and_exp></or_exp>
</condition>

<Node id="37" bw="0" op_0_bw="8" op_1_bw="2">
<![CDATA[
arrayidx42.case.0:0 %store_ln150 = store i8 %in_r_load, i2 %state_addr

]]></Node>
<StgValue><ssdm name="store_ln150"/></StgValue>
</operation>

<operation id="35" st_id="2" stage="1" lat="1">
<core>NULL</core>
<MemPortIdVec></MemPortIdVec>
<condition id="-1">
<or_exp><and_exp><literal name="trunc_ln150" val="0"/>
</and_exp></or_exp>
</condition>

<Node id="38" bw="0" op_0_bw="0">
<![CDATA[
arrayidx42.case.0:1 %br_ln150 = br void %arrayidx42.exit

]]></Node>
<StgValue><ssdm name="br_ln150"/></StgValue>
</operation>

<operation id="36" st_id="2" stage="1" lat="1">
<core>NULL</core>
<MemPortIdVec></MemPortIdVec>
<condition id="-1">
<or_exp><and_exp><literal name="trunc_ln150" val="-1"/>
</and_exp></or_exp>
</condition>

<Node id="40" bw="2" op_0_bw="8" op_1_bw="64" op_2_bw="64">
<![CDATA[
arrayidx42.case.3:0 %state_3_addr = getelementptr i8 %state_3, i64 0, i64 %zext_ln150

]]></Node>
<StgValue><ssdm name="state_3_addr"/></StgValue>
</operation>

<operation id="37" st_id="2" stage="1" lat="1">
<core>RAM</core>
<MemPortIdVec>0 </MemPortIdVec>
<condition id="-1">
<or_exp><and_exp><literal name="trunc_ln150" val="-1"/>
</and_exp></or_exp>
</condition>

<Node id="41" bw="0" op_0_bw="8" op_1_bw="2">
<![CDATA[
arrayidx42.case.3:1 %store_ln150 = store i8 %in_r_load, i2 %state_3_addr

]]></Node>
<StgValue><ssdm name="store_ln150"/></StgValue>
</operation>

<operation id="38" st_id="2" stage="1" lat="1">
<core>NULL</core>
<MemPortIdVec></MemPortIdVec>
<condition id="-1">
<or_exp><and_exp><literal name="trunc_ln150" val="-1"/>
</and_exp></or_exp>
</condition>

<Node id="42" bw="0" op_0_bw="0">
<![CDATA[
arrayidx42.case.3:2 %br_ln150 = br void %arrayidx42.exit

]]></Node>
<StgValue><ssdm name="br_ln150"/></StgValue>
</operation>
</state>
</state_list>


<ports>
<port id="49" name="state_3" dir="1" iftype="1">
<core>RAM</core><StgValue><ssdm name="state_3"/><MemPortTyVec>0 3 </MemPortTyVec>
</StgValue>
</port>
<port id="50" name="state_2" dir="1" iftype="1">
<core>RAM</core><StgValue><ssdm name="state_2"/><MemPortTyVec>0 3 </MemPortTyVec>
</StgValue>
</port>
<port id="51" name="state_1" dir="1" iftype="1">
<core>RAM</core><StgValue><ssdm name="state_1"/><MemPortTyVec>0 3 </MemPortTyVec>
</StgValue>
</port>
<port id="52" name="state" dir="1" iftype="1">
<core>RAM</core><StgValue><ssdm name="state"/><MemPortTyVec>0 3 </MemPortTyVec>
</StgValue>
</port>
<port id="53" name="in_r" dir="0" iftype="1">
<core>RAM_1P</core><StgValue><ssdm name="in_r"/><MemPortTyVec>1 </MemPortTyVec>
</StgValue>
</port>
</ports>


<dataflows>
<dataflow id="55" from="StgValue_54" to="i" fromId="54" toId="5">
</dataflow>
<dataflow id="57" from="_ssdm_op_SpecMemCore" to="specmemcore_ln0" fromId="56" toId="6">
</dataflow>
<dataflow id="58" from="in_r" to="specmemcore_ln0" fromId="53" toId="6">
</dataflow>
<dataflow id="60" from="StgValue_59" to="specmemcore_ln0" fromId="59" toId="6">
</dataflow>
<dataflow id="62" from="StgValue_61" to="specmemcore_ln0" fromId="61" toId="6">
</dataflow>
<dataflow id="64" from="StgValue_63" to="specmemcore_ln0" fromId="63" toId="6">
</dataflow>
<dataflow id="66" from="_ssdm_op_SpecInterface" to="specinterface_ln0" fromId="65" toId="7">
</dataflow>
<dataflow id="67" from="in_r" to="specinterface_ln0" fromId="53" toId="7">
</dataflow>
<dataflow id="69" from="empty_3" to="specinterface_ln0" fromId="68" toId="7">
</dataflow>
<dataflow id="71" from="StgValue_70" to="specinterface_ln0" fromId="70" toId="7">
</dataflow>
<dataflow id="72" from="StgValue_70" to="specinterface_ln0" fromId="70" toId="7">
</dataflow>
<dataflow id="74" from="empty_0" to="specinterface_ln0" fromId="73" toId="7">
</dataflow>
<dataflow id="75" from="StgValue_54" to="specinterface_ln0" fromId="54" toId="7">
</dataflow>
<dataflow id="76" from="StgValue_70" to="specinterface_ln0" fromId="70" toId="7">
</dataflow>
<dataflow id="77" from="empty_0" to="specinterface_ln0" fromId="73" toId="7">
</dataflow>
<dataflow id="78" from="empty_0" to="specinterface_ln0" fromId="73" toId="7">
</dataflow>
<dataflow id="79" from="empty_0" to="specinterface_ln0" fromId="73" toId="7">
</dataflow>
<dataflow id="80" from="StgValue_70" to="specinterface_ln0" fromId="70" toId="7">
</dataflow>
<dataflow id="81" from="StgValue_70" to="specinterface_ln0" fromId="70" toId="7">
</dataflow>
<dataflow id="82" from="StgValue_70" to="specinterface_ln0" fromId="70" toId="7">
</dataflow>
<dataflow id="83" from="StgValue_70" to="specinterface_ln0" fromId="70" toId="7">
</dataflow>
<dataflow id="84" from="empty_0" to="specinterface_ln0" fromId="73" toId="7">
</dataflow>
<dataflow id="85" from="empty_0" to="specinterface_ln0" fromId="73" toId="7">
</dataflow>
<dataflow id="87" from="StgValue_86" to="specinterface_ln0" fromId="86" toId="7">
</dataflow>
<dataflow id="88" from="StgValue_70" to="specinterface_ln0" fromId="70" toId="7">
</dataflow>
<dataflow id="89" from="StgValue_70" to="specinterface_ln0" fromId="70" toId="7">
</dataflow>
<dataflow id="91" from="StgValue_90" to="store_ln149" fromId="90" toId="8">
</dataflow>
<dataflow id="92" from="i" to="store_ln149" fromId="5" toId="8">
</dataflow>
<dataflow id="93" from="i" to="i_2" fromId="5" toId="10">
</dataflow>
<dataflow id="94" from="i_2" to="icmp_ln149" fromId="10" toId="11">
</dataflow>
<dataflow id="96" from="StgValue_95" to="icmp_ln149" fromId="95" toId="11">
</dataflow>
<dataflow id="97" from="i_2" to="add_ln149" fromId="10" toId="12">
</dataflow>
<dataflow id="99" from="StgValue_98" to="add_ln149" fromId="98" toId="12">
</dataflow>
<dataflow id="100" from="icmp_ln149" to="br_ln149" fromId="11" toId="13">
</dataflow>
<dataflow id="101" from="i_2" to="zext_ln149" fromId="10" toId="14">
</dataflow>
<dataflow id="102" from="i_2" to="trunc_ln150" fromId="10" toId="15">
</dataflow>
<dataflow id="104" from="_ssdm_op_PartSelect.i2.i5.i32.i32" to="lshr_ln" fromId="103" toId="16">
</dataflow>
<dataflow id="105" from="i_2" to="lshr_ln" fromId="10" toId="16">
</dataflow>
<dataflow id="107" from="StgValue_106" to="lshr_ln" fromId="106" toId="16">
</dataflow>
<dataflow id="109" from="StgValue_108" to="lshr_ln" fromId="108" toId="16">
</dataflow>
<dataflow id="110" from="in_r" to="in_r_addr" fromId="53" toId="17">
</dataflow>
<dataflow id="112" from="StgValue_111" to="in_r_addr" fromId="111" toId="17">
</dataflow>
<dataflow id="113" from="zext_ln149" to="in_r_addr" fromId="14" toId="17">
</dataflow>
<dataflow id="114" from="in_r_addr" to="in_r_load" fromId="17" toId="18">
</dataflow>
<dataflow id="115" from="trunc_ln150" to="switch_ln150" fromId="15" toId="19">
</dataflow>
<dataflow id="117" from="StgValue_116" to="switch_ln150" fromId="116" toId="19">
</dataflow>
<dataflow id="119" from="StgValue_118" to="switch_ln150" fromId="118" toId="19">
</dataflow>
<dataflow id="121" from="StgValue_120" to="switch_ln150" fromId="120" toId="19">
</dataflow>
<dataflow id="122" from="add_ln149" to="store_ln149" fromId="12" toId="20">
</dataflow>
<dataflow id="123" from="i" to="store_ln149" fromId="5" toId="20">
</dataflow>
<dataflow id="125" from="_ssdm_op_SpecPipeline" to="specpipeline_ln149" fromId="124" toId="22">
</dataflow>
<dataflow id="126" from="StgValue_86" to="specpipeline_ln149" fromId="86" toId="22">
</dataflow>
<dataflow id="127" from="StgValue_70" to="specpipeline_ln149" fromId="70" toId="22">
</dataflow>
<dataflow id="128" from="StgValue_70" to="specpipeline_ln149" fromId="70" toId="22">
</dataflow>
<dataflow id="129" from="StgValue_70" to="specpipeline_ln149" fromId="70" toId="22">
</dataflow>
<dataflow id="130" from="empty_0" to="specpipeline_ln149" fromId="73" toId="22">
</dataflow>
<dataflow id="132" from="_ssdm_op_SpecLoopTripCount" to="speclooptripcount_ln149" fromId="131" toId="23">
</dataflow>
<dataflow id="134" from="StgValue_133" to="speclooptripcount_ln149" fromId="133" toId="23">
</dataflow>
<dataflow id="135" from="StgValue_133" to="speclooptripcount_ln149" fromId="133" toId="23">
</dataflow>
<dataflow id="136" from="StgValue_133" to="speclooptripcount_ln149" fromId="133" toId="23">
</dataflow>
<dataflow id="138" from="_ssdm_op_SpecLoopName" to="specloopname_ln149" fromId="137" toId="24">
</dataflow>
<dataflow id="140" from="empty_13" to="specloopname_ln149" fromId="139" toId="24">
</dataflow>
<dataflow id="141" from="lshr_ln" to="zext_ln150" fromId="16" toId="25">
</dataflow>
<dataflow id="142" from="state" to="state_addr" fromId="52" toId="26">
</dataflow>
<dataflow id="143" from="StgValue_111" to="state_addr" fromId="111" toId="26">
</dataflow>
<dataflow id="144" from="zext_ln150" to="state_addr" fromId="25" toId="26">
</dataflow>
<dataflow id="145" from="in_r_addr" to="in_r_load" fromId="17" toId="27">
</dataflow>
<dataflow id="146" from="state_2" to="state_2_addr" fromId="50" toId="28">
</dataflow>
<dataflow id="147" from="StgValue_111" to="state_2_addr" fromId="111" toId="28">
</dataflow>
<dataflow id="148" from="zext_ln150" to="state_2_addr" fromId="25" toId="28">
</dataflow>
<dataflow id="149" from="in_r_load" to="store_ln150" fromId="27" toId="29">
</dataflow>
<dataflow id="150" from="state_2_addr" to="store_ln150" fromId="28" toId="29">
</dataflow>
<dataflow id="151" from="state_1" to="state_1_addr" fromId="51" toId="31">
</dataflow>
<dataflow id="152" from="StgValue_111" to="state_1_addr" fromId="111" toId="31">
</dataflow>
<dataflow id="153" from="zext_ln150" to="state_1_addr" fromId="25" toId="31">
</dataflow>
<dataflow id="154" from="in_r_load" to="store_ln150" fromId="27" toId="32">
</dataflow>
<dataflow id="155" from="state_1_addr" to="store_ln150" fromId="31" toId="32">
</dataflow>
<dataflow id="156" from="in_r_load" to="store_ln150" fromId="27" toId="34">
</dataflow>
<dataflow id="157" from="state_addr" to="store_ln150" fromId="26" toId="34">
</dataflow>
<dataflow id="158" from="state_3" to="state_3_addr" fromId="49" toId="36">
</dataflow>
<dataflow id="159" from="StgValue_111" to="state_3_addr" fromId="111" toId="36">
</dataflow>
<dataflow id="160" from="zext_ln150" to="state_3_addr" fromId="25" toId="36">
</dataflow>
<dataflow id="161" from="in_r_load" to="store_ln150" fromId="27" toId="37">
</dataflow>
<dataflow id="162" from="state_3_addr" to="store_ln150" fromId="36" toId="37">
</dataflow>
<dataflow id="163" from="icmp_ln149" to="StgValue_2" fromId="11" toId="2">
</dataflow>
<dataflow id="164" from="trunc_ln150" to="StgValue_3" fromId="15" toId="3">
</dataflow>
</dataflows>


</stg>
