<stg><name>Cipher</name>


<trans_list>

<trans id="228" from="1" to="2">
<condition id="-1">
<or_exp><and_exp></and_exp></or_exp>
</condition>
</trans>

<trans id="229" from="2" to="3">
<condition id="-1">
<or_exp><and_exp></and_exp></or_exp>
</condition>
</trans>

<trans id="230" from="3" to="4">
<condition id="-1">
<or_exp><and_exp></and_exp></or_exp>
</condition>
</trans>

<trans id="231" from="4" to="5">
<condition id="-1">
<or_exp><and_exp></and_exp></or_exp>
</condition>
</trans>

<trans id="232" from="5" to="6">
<condition id="-1">
<or_exp><and_exp><literal name="icmp_ln154" val="0"/>
</and_exp></or_exp>
</condition>
</trans>

<trans id="233" from="5" to="20">
<condition id="-1">
<or_exp><and_exp><literal name="icmp_ln154" val="1"/>
</and_exp></or_exp>
</condition>
</trans>

<trans id="235" from="6" to="7">
<condition id="-1">
<or_exp><and_exp></and_exp></or_exp>
</condition>
</trans>

<trans id="236" from="7" to="8">
<condition id="-1">
<or_exp><and_exp></and_exp></or_exp>
</condition>
</trans>

<trans id="237" from="8" to="9">
<condition id="-1">
<or_exp><and_exp></and_exp></or_exp>
</condition>
</trans>

<trans id="238" from="9" to="10">
<condition id="-1">
<or_exp><and_exp></and_exp></or_exp>
</condition>
</trans>

<trans id="239" from="10" to="11">
<condition id="-1">
<or_exp><and_exp><literal name="icmp_ln84_1" val="0"/>
</and_exp></or_exp>
</condition>
</trans>

<trans id="240" from="10" to="15">
<condition id="-1">
<or_exp><and_exp><literal name="icmp_ln84_1" val="1"/>
</and_exp></or_exp>
</condition>
</trans>

<trans id="242" from="11" to="12">
<condition id="-1">
<or_exp><and_exp></and_exp></or_exp>
</condition>
</trans>

<trans id="243" from="12" to="13">
<condition id="-1">
<or_exp><and_exp></and_exp></or_exp>
</condition>
</trans>

<trans id="244" from="13" to="14">
<condition id="-1">
<or_exp><and_exp></and_exp></or_exp>
</condition>
</trans>

<trans id="248" from="14" to="10">
<condition id="-1">
<or_exp><and_exp></and_exp></or_exp>
</condition>
</trans>

<trans id="250" from="15" to="16">
<condition id="-1">
<or_exp><and_exp></and_exp></or_exp>
</condition>
</trans>

<trans id="251" from="16" to="17">
<condition id="-1">
<or_exp><and_exp></and_exp></or_exp>
</condition>
</trans>

<trans id="252" from="17" to="18">
<condition id="-1">
<or_exp><and_exp></and_exp></or_exp>
</condition>
</trans>

<trans id="253" from="18" to="19">
<condition id="-1">
<or_exp><and_exp></and_exp></or_exp>
</condition>
</trans>

<trans id="254" from="19" to="5">
<condition id="-1">
<or_exp><and_exp></and_exp></or_exp>
</condition>
</trans>

<trans id="256" from="20" to="21">
<condition id="-1">
<or_exp><and_exp></and_exp></or_exp>
</condition>
</trans>

<trans id="257" from="21" to="22">
<condition id="-1">
<or_exp><and_exp><literal name="icmp_ln84" val="0"/>
</and_exp></or_exp>
</condition>
</trans>

<trans id="258" from="21" to="27">
<condition id="-1">
<or_exp><and_exp><literal name="icmp_ln84" val="1"/>
</and_exp></or_exp>
</condition>
</trans>

<trans id="260" from="22" to="23">
<condition id="-1">
<or_exp><and_exp></and_exp></or_exp>
</condition>
</trans>

<trans id="261" from="23" to="24">
<condition id="-1">
<or_exp><and_exp></and_exp></or_exp>
</condition>
</trans>

<trans id="262" from="24" to="25">
<condition id="-1">
<or_exp><and_exp></and_exp></or_exp>
</condition>
</trans>

<trans id="263" from="25" to="26">
<condition id="-1">
<or_exp><and_exp></and_exp></or_exp>
</condition>
</trans>

<trans id="267" from="26" to="21">
<condition id="-1">
<or_exp><and_exp></and_exp></or_exp>
</condition>
</trans>

<trans id="269" from="27" to="28">
<condition id="-1">
<or_exp><and_exp></and_exp></or_exp>
</condition>
</trans>

<trans id="270" from="28" to="29">
<condition id="-1">
<or_exp><and_exp></and_exp></or_exp>
</condition>
</trans>
</trans_list>



<state_list>

<state id="1" st_id="1">

<operation id="30" st_id="1" stage="1" lat="1">
<core>NULL</core>
<MemPortIdVec></MemPortIdVec>
<condition id="-1">
<or_exp><and_exp></and_exp></or_exp>
</condition>

<Node id="5" bw="4" op_0_bw="32">
<![CDATA[
entry:0 %round = alloca i32 1

]]></Node>
<StgValue><ssdm name="round"/></StgValue>
</operation>

<operation id="31" st_id="1" stage="1" lat="1">
<core>NULL</core>
<MemPortIdVec></MemPortIdVec>
<condition id="-1">
<or_exp><and_exp></and_exp></or_exp>
</condition>

<Node id="6" bw="8" op_0_bw="64">
<![CDATA[
entry:1 %p_0_0_012_i70_loc = alloca i64 1

]]></Node>
<StgValue><ssdm name="p_0_0_012_i70_loc"/></StgValue>
</operation>

<operation id="32" st_id="1" stage="1" lat="1">
<core>NULL</core>
<MemPortIdVec></MemPortIdVec>
<condition id="-1">
<or_exp><and_exp></and_exp></or_exp>
</condition>

<Node id="7" bw="8" op_0_bw="64">
<![CDATA[
entry:2 %p_0_0_01113_i69_loc = alloca i64 1

]]></Node>
<StgValue><ssdm name="p_0_0_01113_i69_loc"/></StgValue>
</operation>

<operation id="33" st_id="1" stage="1" lat="1">
<core>NULL</core>
<MemPortIdVec></MemPortIdVec>
<condition id="-1">
<or_exp><and_exp></and_exp></or_exp>
</condition>

<Node id="8" bw="8" op_0_bw="64">
<![CDATA[
entry:3 %p_0_0_01014_i68_loc = alloca i64 1

]]></Node>
<StgValue><ssdm name="p_0_0_01014_i68_loc"/></StgValue>
</operation>

<operation id="34" st_id="1" stage="1" lat="1">
<core>NULL</core>
<MemPortIdVec></MemPortIdVec>
<condition id="-1">
<or_exp><and_exp></and_exp></or_exp>
</condition>

<Node id="9" bw="8" op_0_bw="64">
<![CDATA[
entry:4 %p_0_0_0915_i67_loc = alloca i64 1

]]></Node>
<StgValue><ssdm name="p_0_0_0915_i67_loc"/></StgValue>
</operation>

<operation id="35" st_id="1" stage="1" lat="1">
<core>NULL</core>
<MemPortIdVec></MemPortIdVec>
<condition id="-1">
<or_exp><and_exp></and_exp></or_exp>
</condition>

<Node id="10" bw="8" op_0_bw="64">
<![CDATA[
entry:5 %p_0_0_012_i_loc = alloca i64 1

]]></Node>
<StgValue><ssdm name="p_0_0_012_i_loc"/></StgValue>
</operation>

<operation id="36" st_id="1" stage="1" lat="1">
<core>NULL</core>
<MemPortIdVec></MemPortIdVec>
<condition id="-1">
<or_exp><and_exp></and_exp></or_exp>
</condition>

<Node id="11" bw="8" op_0_bw="64">
<![CDATA[
entry:6 %p_0_0_01113_i_loc = alloca i64 1

]]></Node>
<StgValue><ssdm name="p_0_0_01113_i_loc"/></StgValue>
</operation>

<operation id="37" st_id="1" stage="1" lat="1">
<core>NULL</core>
<MemPortIdVec></MemPortIdVec>
<condition id="-1">
<or_exp><and_exp></and_exp></or_exp>
</condition>

<Node id="12" bw="8" op_0_bw="64">
<![CDATA[
entry:7 %p_0_0_01014_i_loc = alloca i64 1

]]></Node>
<StgValue><ssdm name="p_0_0_01014_i_loc"/></StgValue>
</operation>

<operation id="38" st_id="1" stage="1" lat="1">
<core>NULL</core>
<MemPortIdVec></MemPortIdVec>
<condition id="-1">
<or_exp><and_exp></and_exp></or_exp>
</condition>

<Node id="13" bw="8" op_0_bw="64">
<![CDATA[
entry:8 %p_0_0_0915_i_loc = alloca i64 1

]]></Node>
<StgValue><ssdm name="p_0_0_0915_i_loc"/></StgValue>
</operation>

<operation id="39" st_id="1" stage="1" lat="1">
<core>RAM</core>
<MemPortIdVec></MemPortIdVec>
<condition id="-1">
<or_exp><and_exp></and_exp></or_exp>
</condition>

<Node id="20" bw="8" op_0_bw="64">
<![CDATA[
entry:15 %state_1 = alloca i64 1

]]></Node>
<StgValue><ssdm name="state_1"/></StgValue>
</operation>

<operation id="40" st_id="1" stage="1" lat="1">
<core>RAM</core>
<MemPortIdVec></MemPortIdVec>
<condition id="-1">
<or_exp><and_exp></and_exp></or_exp>
</condition>

<Node id="21" bw="8" op_0_bw="64">
<![CDATA[
entry:16 %state_2 = alloca i64 1

]]></Node>
<StgValue><ssdm name="state_2"/></StgValue>
</operation>

<operation id="41" st_id="1" stage="1" lat="1">
<core>RAM</core>
<MemPortIdVec></MemPortIdVec>
<condition id="-1">
<or_exp><and_exp></and_exp></or_exp>
</condition>

<Node id="22" bw="8" op_0_bw="64">
<![CDATA[
entry:17 %state_3 = alloca i64 1

]]></Node>
<StgValue><ssdm name="state_3"/></StgValue>
</operation>

<operation id="42" st_id="1" stage="1" lat="1">
<core>NULL</core>
<MemPortIdVec></MemPortIdVec>
<condition id="-1">
<or_exp><and_exp></and_exp></or_exp>
</condition>

<Node id="23" bw="8" op_0_bw="64">
<![CDATA[
entry:18 %state = alloca i64 1

]]></Node>
<StgValue><ssdm name="state"/></StgValue>
</operation>

<operation id="43" st_id="1" stage="2" lat="2">
<core></core>
<MemPortIdVec></MemPortIdVec>
<condition id="-1">
<or_exp><and_exp></and_exp></or_exp>
</condition>

<Node id="27" bw="0" op_0_bw="0" op_1_bw="8" op_2_bw="8" op_3_bw="8" op_4_bw="8" op_5_bw="8">
<![CDATA[
entry:22 %call_ln0 = call void @Cipher_Pipeline_VITIS_LOOP_149_1, i8 %state_3, i8 %state_2, i8 %state_1, i8 %state, i8 %in_r

]]></Node>
<StgValue><ssdm name="call_ln0"/></StgValue>
</operation>

<operation id="44" st_id="1" stage="1" lat="1">
<core>NULL</core>
<MemPortIdVec></MemPortIdVec>
<condition id="-1">
<or_exp><and_exp></and_exp></or_exp>
</condition>

<Node id="38" bw="0" op_0_bw="4" op_1_bw="4">
<![CDATA[
entry:33 %store_ln154 = store i4 1, i4 %round

]]></Node>
<StgValue><ssdm name="store_ln154"/></StgValue>
</operation>
</state>

<state id="2" st_id="2">

<operation id="45" st_id="2" stage="1" lat="2">
<core></core>
<MemPortIdVec></MemPortIdVec>
<condition id="-1">
<or_exp><and_exp></and_exp></or_exp>
</condition>

<Node id="27" bw="0" op_0_bw="0" op_1_bw="8" op_2_bw="8" op_3_bw="8" op_4_bw="8" op_5_bw="8">
<![CDATA[
entry:22 %call_ln0 = call void @Cipher_Pipeline_VITIS_LOOP_149_1, i8 %state_3, i8 %state_2, i8 %state_1, i8 %state, i8 %in_r

]]></Node>
<StgValue><ssdm name="call_ln0"/></StgValue>
</operation>
</state>

<state id="3" st_id="3">

<operation id="46" st_id="3" stage="2" lat="2">
<core></core>
<MemPortIdVec></MemPortIdVec>
<condition id="-1">
<or_exp><and_exp></and_exp></or_exp>
</condition>

<Node id="28" bw="0" op_0_bw="0" op_1_bw="8" op_2_bw="8" op_3_bw="8" op_4_bw="8" op_5_bw="32" op_6_bw="0" op_7_bw="0">
<![CDATA[
entry:23 %call_ln0 = call void @Cipher_Pipeline_VITIS_LOOP_110_1, i8 %state_3, i8 %state_2, i8 %state_1, i8 %state, i32 %w

]]></Node>
<StgValue><ssdm name="call_ln0"/></StgValue>
</operation>
</state>

<state id="4" st_id="4">

<operation id="47" st_id="4" stage="1" lat="1">
<core>NULL</core>
<MemPortIdVec></MemPortIdVec>
<condition id="-1">
<or_exp><and_exp></and_exp></or_exp>
</condition>

<Node id="14" bw="0" op_0_bw="0" op_1_bw="32" op_2_bw="64" op_3_bw="64" op_4_bw="64">
<![CDATA[
entry:9 %specmemcore_ln0 = specmemcore void @_ssdm_op_SpecMemCore, i32 %w, i64 666, i64 207, i64 1

]]></Node>
<StgValue><ssdm name="specmemcore_ln0"/></StgValue>
</operation>

<operation id="48" st_id="4" stage="1" lat="1">
<core>NULL</core>
<MemPortIdVec></MemPortIdVec>
<condition id="-1">
<or_exp><and_exp></and_exp></or_exp>
</condition>

<Node id="15" bw="0" op_0_bw="0" op_1_bw="8" op_2_bw="64" op_3_bw="64" op_4_bw="64">
<![CDATA[
entry:10 %specmemcore_ln0 = specmemcore void @_ssdm_op_SpecMemCore, i8 %out_r, i64 666, i64 207, i64 1

]]></Node>
<StgValue><ssdm name="specmemcore_ln0"/></StgValue>
</operation>

<operation id="49" st_id="4" stage="1" lat="1">
<core>NULL</core>
<MemPortIdVec></MemPortIdVec>
<condition id="-1">
<or_exp><and_exp></and_exp></or_exp>
</condition>

<Node id="16" bw="0" op_0_bw="0" op_1_bw="8" op_2_bw="64" op_3_bw="64" op_4_bw="64">
<![CDATA[
entry:11 %specmemcore_ln0 = specmemcore void @_ssdm_op_SpecMemCore, i8 %in_r, i64 666, i64 207, i64 1

]]></Node>
<StgValue><ssdm name="specmemcore_ln0"/></StgValue>
</operation>

<operation id="50" st_id="4" stage="1" lat="1">
<core>NULL</core>
<MemPortIdVec></MemPortIdVec>
<condition id="-1">
<or_exp><and_exp></and_exp></or_exp>
</condition>

<Node id="17" bw="0" op_0_bw="0" op_1_bw="32" op_2_bw="0" op_3_bw="32" op_4_bw="32" op_5_bw="0" op_6_bw="32" op_7_bw="32" op_8_bw="0" op_9_bw="0" op_10_bw="0" op_11_bw="32" op_12_bw="32" op_13_bw="32" op_14_bw="32" op_15_bw="0" op_16_bw="0" op_17_bw="32" op_18_bw="32" op_19_bw="32">
<![CDATA[
entry:12 %specinterface_ln0 = specinterface void @_ssdm_op_SpecInterface, i32 %w, void @empty_3, i32 0, i32 0, void @empty_0, i32 1, i32 0, void @empty_0, void @empty_0, void @empty_0, i32 0, i32 0, i32 0, i32 0, void @empty_0, void @empty_0, i32 4294967295, i32 0, i32 0

]]></Node>
<StgValue><ssdm name="specinterface_ln0"/></StgValue>
</operation>

<operation id="51" st_id="4" stage="1" lat="1">
<core>NULL</core>
<MemPortIdVec></MemPortIdVec>
<condition id="-1">
<or_exp><and_exp></and_exp></or_exp>
</condition>

<Node id="18" bw="0" op_0_bw="0" op_1_bw="8" op_2_bw="0" op_3_bw="32" op_4_bw="32" op_5_bw="0" op_6_bw="32" op_7_bw="32" op_8_bw="0" op_9_bw="0" op_10_bw="0" op_11_bw="32" op_12_bw="32" op_13_bw="32" op_14_bw="32" op_15_bw="0" op_16_bw="0" op_17_bw="32" op_18_bw="32" op_19_bw="32">
<![CDATA[
entry:13 %specinterface_ln0 = specinterface void @_ssdm_op_SpecInterface, i8 %out_r, void @empty_3, i32 0, i32 0, void @empty_0, i32 1, i32 0, void @empty_0, void @empty_0, void @empty_0, i32 0, i32 0, i32 0, i32 0, void @empty_0, void @empty_0, i32 4294967295, i32 0, i32 0

]]></Node>
<StgValue><ssdm name="specinterface_ln0"/></StgValue>
</operation>

<operation id="52" st_id="4" stage="1" lat="1">
<core>NULL</core>
<MemPortIdVec></MemPortIdVec>
<condition id="-1">
<or_exp><and_exp></and_exp></or_exp>
</condition>

<Node id="19" bw="0" op_0_bw="0" op_1_bw="8" op_2_bw="0" op_3_bw="32" op_4_bw="32" op_5_bw="0" op_6_bw="32" op_7_bw="32" op_8_bw="0" op_9_bw="0" op_10_bw="0" op_11_bw="32" op_12_bw="32" op_13_bw="32" op_14_bw="32" op_15_bw="0" op_16_bw="0" op_17_bw="32" op_18_bw="32" op_19_bw="32">
<![CDATA[
entry:14 %specinterface_ln0 = specinterface void @_ssdm_op_SpecInterface, i8 %in_r, void @empty_3, i32 0, i32 0, void @empty_0, i32 1, i32 0, void @empty_0, void @empty_0, void @empty_0, i32 0, i32 0, i32 0, i32 0, void @empty_0, void @empty_0, i32 4294967295, i32 0, i32 0

]]></Node>
<StgValue><ssdm name="specinterface_ln0"/></StgValue>
</operation>

<operation id="53" st_id="4" stage="1" lat="1">
<core>NULL</core>
<MemPortIdVec></MemPortIdVec>
<condition id="-1">
<or_exp><and_exp></and_exp></or_exp>
</condition>

<Node id="24" bw="2" op_0_bw="8" op_1_bw="64" op_2_bw="64">
<![CDATA[
entry:19 %state_3_addr = getelementptr i8 %state_3, i64 0, i64 0

]]></Node>
<StgValue><ssdm name="state_3_addr"/></StgValue>
</operation>

<operation id="54" st_id="4" stage="1" lat="1">
<core>NULL</core>
<MemPortIdVec></MemPortIdVec>
<condition id="-1">
<or_exp><and_exp></and_exp></or_exp>
</condition>

<Node id="25" bw="2" op_0_bw="8" op_1_bw="64" op_2_bw="64">
<![CDATA[
entry:20 %state_2_addr = getelementptr i8 %state_2, i64 0, i64 0

]]></Node>
<StgValue><ssdm name="state_2_addr"/></StgValue>
</operation>

<operation id="55" st_id="4" stage="1" lat="1">
<core>NULL</core>
<MemPortIdVec></MemPortIdVec>
<condition id="-1">
<or_exp><and_exp></and_exp></or_exp>
</condition>

<Node id="26" bw="2" op_0_bw="8" op_1_bw="64" op_2_bw="64">
<![CDATA[
entry:21 %state_1_addr = getelementptr i8 %state_1, i64 0, i64 0

]]></Node>
<StgValue><ssdm name="state_1_addr"/></StgValue>
</operation>

<operation id="56" st_id="4" stage="1" lat="2">
<core></core>
<MemPortIdVec></MemPortIdVec>
<condition id="-1">
<or_exp><and_exp></and_exp></or_exp>
</condition>

<Node id="28" bw="0" op_0_bw="0" op_1_bw="8" op_2_bw="8" op_3_bw="8" op_4_bw="8" op_5_bw="32" op_6_bw="0" op_7_bw="0">
<![CDATA[
entry:23 %call_ln0 = call void @Cipher_Pipeline_VITIS_LOOP_110_1, i8 %state_3, i8 %state_2, i8 %state_1, i8 %state, i32 %w

]]></Node>
<StgValue><ssdm name="call_ln0"/></StgValue>
</operation>

<operation id="57" st_id="4" stage="1" lat="1">
<core>NULL</core>
<MemPortIdVec></MemPortIdVec>
<condition id="-1">
<or_exp><and_exp></and_exp></or_exp>
</condition>

<Node id="29" bw="2" op_0_bw="8" op_1_bw="64" op_2_bw="64">
<![CDATA[
entry:24 %state_1_addr_1 = getelementptr i8 %state_1, i64 0, i64 1

]]></Node>
<StgValue><ssdm name="state_1_addr_1"/></StgValue>
</operation>

<operation id="58" st_id="4" stage="1" lat="1">
<core>NULL</core>
<MemPortIdVec></MemPortIdVec>
<condition id="-1">
<or_exp><and_exp></and_exp></or_exp>
</condition>

<Node id="30" bw="2" op_0_bw="8" op_1_bw="64" op_2_bw="64">
<![CDATA[
entry:25 %state_2_addr_1 = getelementptr i8 %state_2, i64 0, i64 1

]]></Node>
<StgValue><ssdm name="state_2_addr_1"/></StgValue>
</operation>

<operation id="59" st_id="4" stage="1" lat="1">
<core>NULL</core>
<MemPortIdVec></MemPortIdVec>
<condition id="-1">
<or_exp><and_exp></and_exp></or_exp>
</condition>

<Node id="31" bw="2" op_0_bw="8" op_1_bw="64" op_2_bw="64">
<![CDATA[
entry:26 %state_3_addr_1 = getelementptr i8 %state_3, i64 0, i64 1

]]></Node>
<StgValue><ssdm name="state_3_addr_1"/></StgValue>
</operation>

<operation id="60" st_id="4" stage="1" lat="1">
<core>NULL</core>
<MemPortIdVec></MemPortIdVec>
<condition id="-1">
<or_exp><and_exp></and_exp></or_exp>
</condition>

<Node id="32" bw="2" op_0_bw="8" op_1_bw="64" op_2_bw="64">
<![CDATA[
entry:27 %state_1_addr_2 = getelementptr i8 %state_1, i64 0, i64 2

]]></Node>
<StgValue><ssdm name="state_1_addr_2"/></StgValue>
</operation>

<operation id="61" st_id="4" stage="1" lat="1">
<core>NULL</core>
<MemPortIdVec></MemPortIdVec>
<condition id="-1">
<or_exp><and_exp></and_exp></or_exp>
</condition>

<Node id="33" bw="2" op_0_bw="8" op_1_bw="64" op_2_bw="64">
<![CDATA[
entry:28 %state_2_addr_2 = getelementptr i8 %state_2, i64 0, i64 2

]]></Node>
<StgValue><ssdm name="state_2_addr_2"/></StgValue>
</operation>

<operation id="62" st_id="4" stage="1" lat="1">
<core>NULL</core>
<MemPortIdVec></MemPortIdVec>
<condition id="-1">
<or_exp><and_exp></and_exp></or_exp>
</condition>

<Node id="34" bw="2" op_0_bw="8" op_1_bw="64" op_2_bw="64">
<![CDATA[
entry:29 %state_3_addr_2 = getelementptr i8 %state_3, i64 0, i64 2

]]></Node>
<StgValue><ssdm name="state_3_addr_2"/></StgValue>
</operation>

<operation id="63" st_id="4" stage="1" lat="1">
<core>NULL</core>
<MemPortIdVec></MemPortIdVec>
<condition id="-1">
<or_exp><and_exp></and_exp></or_exp>
</condition>

<Node id="35" bw="2" op_0_bw="8" op_1_bw="64" op_2_bw="64">
<![CDATA[
entry:30 %state_1_addr_3 = getelementptr i8 %state_1, i64 0, i64 3

]]></Node>
<StgValue><ssdm name="state_1_addr_3"/></StgValue>
</operation>

<operation id="64" st_id="4" stage="1" lat="1">
<core>NULL</core>
<MemPortIdVec></MemPortIdVec>
<condition id="-1">
<or_exp><and_exp></and_exp></or_exp>
</condition>

<Node id="36" bw="2" op_0_bw="8" op_1_bw="64" op_2_bw="64">
<![CDATA[
entry:31 %state_2_addr_3 = getelementptr i8 %state_2, i64 0, i64 3

]]></Node>
<StgValue><ssdm name="state_2_addr_3"/></StgValue>
</operation>

<operation id="65" st_id="4" stage="1" lat="1">
<core>NULL</core>
<MemPortIdVec></MemPortIdVec>
<condition id="-1">
<or_exp><and_exp></and_exp></or_exp>
</condition>

<Node id="37" bw="2" op_0_bw="8" op_1_bw="64" op_2_bw="64">
<![CDATA[
entry:32 %state_3_addr_3 = getelementptr i8 %state_3, i64 0, i64 3

]]></Node>
<StgValue><ssdm name="state_3_addr_3"/></StgValue>
</operation>

<operation id="66" st_id="4" stage="1" lat="1">
<core>NULL</core>
<MemPortIdVec></MemPortIdVec>
<condition id="-1">
<or_exp><and_exp></and_exp></or_exp>
</condition>

<Node id="39" bw="0" op_0_bw="0">
<![CDATA[
entry:34 %br_ln154 = br void %for.inc16

]]></Node>
<StgValue><ssdm name="br_ln154"/></StgValue>
</operation>
</state>

<state id="5" st_id="5">

<operation id="67" st_id="5" stage="1" lat="1">
<core>NULL</core>
<MemPortIdVec></MemPortIdVec>
<condition id="-1">
<or_exp><and_exp></and_exp></or_exp>
</condition>

<Node id="41" bw="4" op_0_bw="4" op_1_bw="0">
<![CDATA[
for.inc16:0 %round_1 = load i4 %round

]]></Node>
<StgValue><ssdm name="round_1"/></StgValue>
</operation>

<operation id="68" st_id="5" stage="1" lat="1">
<core>Cmp</core>
<MemPortIdVec></MemPortIdVec>
<condition id="-1">
<or_exp><and_exp></and_exp></or_exp>
</condition>

<Node id="42" bw="1" op_0_bw="4" op_1_bw="4">
<![CDATA[
for.inc16:1 %icmp_ln154 = icmp_eq  i4 %round_1, i4 10

]]></Node>
<StgValue><ssdm name="icmp_ln154"/></StgValue>
</operation>

<operation id="69" st_id="5" stage="1" lat="1">
<core>NULL</core>
<MemPortIdVec></MemPortIdVec>
<condition id="-1">
<or_exp><and_exp></and_exp></or_exp>
</condition>

<Node id="43" bw="0" op_0_bw="1" op_1_bw="0" op_2_bw="0">
<![CDATA[
for.inc16:2 %br_ln154 = br i1 %icmp_ln154, void %for.inc16.split, void %for.inc.i52.preheader

]]></Node>
<StgValue><ssdm name="br_ln154"/></StgValue>
</operation>

<operation id="70" st_id="5" stage="2" lat="2">
<core></core>
<MemPortIdVec></MemPortIdVec>
<condition id="-1">
<or_exp><and_exp><literal name="icmp_ln154" val="0"/>
</and_exp></or_exp>
</condition>

<Node id="47" bw="0" op_0_bw="0" op_1_bw="8" op_2_bw="8" op_3_bw="8" op_4_bw="8" op_5_bw="8" op_6_bw="0" op_7_bw="0">
<![CDATA[
for.inc16.split:2 %call_ln0 = call void @Cipher_Pipeline_VITIS_LOOP_78_1_VITIS_LOOP_79_2, i8 %state_3, i8 %state_2, i8 %state_1, i8 %state, i8 %sbox

]]></Node>
<StgValue><ssdm name="call_ln0"/></StgValue>
</operation>

<operation id="71" st_id="5" stage="1" lat="1">
<core>NULL</core>
<MemPortIdVec></MemPortIdVec>
<condition id="-1">
<or_exp><and_exp><literal name="icmp_ln154" val="1"/>
</and_exp></or_exp>
</condition>

<Node id="126" bw="3" op_0_bw="32">
<![CDATA[
for.inc.i52.preheader:0 %r = alloca i32 1

]]></Node>
<StgValue><ssdm name="r"/></StgValue>
</operation>

<operation id="72" st_id="5" stage="2" lat="2">
<core></core>
<MemPortIdVec></MemPortIdVec>
<condition id="-1">
<or_exp><and_exp><literal name="icmp_ln154" val="1"/>
</and_exp></or_exp>
</condition>

<Node id="127" bw="0" op_0_bw="0" op_1_bw="8" op_2_bw="8" op_3_bw="8" op_4_bw="8" op_5_bw="8" op_6_bw="0" op_7_bw="0">
<![CDATA[
for.inc.i52.preheader:1 %call_ln0 = call void @Cipher_Pipeline_VITIS_LOOP_78_1_VITIS_LOOP_79_22, i8 %state_3, i8 %state_2, i8 %state_1, i8 %state, i8 %sbox

]]></Node>
<StgValue><ssdm name="call_ln0"/></StgValue>
</operation>

<operation id="73" st_id="5" stage="1" lat="1">
<core>NULL</core>
<MemPortIdVec></MemPortIdVec>
<condition id="-1">
<or_exp><and_exp><literal name="icmp_ln154" val="1"/>
</and_exp></or_exp>
</condition>

<Node id="128" bw="0" op_0_bw="3" op_1_bw="3">
<![CDATA[
for.inc.i52.preheader:2 %store_ln84 = store i3 1, i3 %r

]]></Node>
<StgValue><ssdm name="store_ln84"/></StgValue>
</operation>
</state>

<state id="6" st_id="6">

<operation id="74" st_id="6" stage="1" lat="2">
<core></core>
<MemPortIdVec></MemPortIdVec>
<condition id="-1">
<or_exp><and_exp></and_exp></or_exp>
</condition>

<Node id="47" bw="0" op_0_bw="0" op_1_bw="8" op_2_bw="8" op_3_bw="8" op_4_bw="8" op_5_bw="8" op_6_bw="0" op_7_bw="0">
<![CDATA[
for.inc16.split:2 %call_ln0 = call void @Cipher_Pipeline_VITIS_LOOP_78_1_VITIS_LOOP_79_2, i8 %state_3, i8 %state_2, i8 %state_1, i8 %state, i8 %sbox

]]></Node>
<StgValue><ssdm name="call_ln0"/></StgValue>
</operation>
</state>

<state id="7" st_id="7">

<operation id="75" st_id="7" stage="2" lat="2">
<core>RAM</core>
<MemPortIdVec></MemPortIdVec>
<condition id="-1">
<or_exp><and_exp></and_exp></or_exp>
</condition>

<Node id="48" bw="8" op_0_bw="2" op_1_bw="0">
<![CDATA[
for.inc16.split:3 %state_1_load = load i2 %state_1_addr_1

]]></Node>
<StgValue><ssdm name="state_1_load"/></StgValue>
</operation>

<operation id="76" st_id="7" stage="2" lat="2">
<core>RAM</core>
<MemPortIdVec></MemPortIdVec>
<condition id="-1">
<or_exp><and_exp></and_exp></or_exp>
</condition>

<Node id="49" bw="8" op_0_bw="2" op_1_bw="0">
<![CDATA[
for.inc16.split:4 %state_2_load = load i2 %state_2_addr_1

]]></Node>
<StgValue><ssdm name="state_2_load"/></StgValue>
</operation>

<operation id="77" st_id="7" stage="2" lat="2">
<core>RAM</core>
<MemPortIdVec></MemPortIdVec>
<condition id="-1">
<or_exp><and_exp></and_exp></or_exp>
</condition>

<Node id="50" bw="8" op_0_bw="2" op_1_bw="0">
<![CDATA[
for.inc16.split:5 %state_3_load = load i2 %state_3_addr_1

]]></Node>
<StgValue><ssdm name="state_3_load"/></StgValue>
</operation>
</state>

<state id="8" st_id="8">

<operation id="78" st_id="8" stage="1" lat="2">
<core>RAM</core>
<MemPortIdVec></MemPortIdVec>
<condition id="-1">
<or_exp><and_exp></and_exp></or_exp>
</condition>

<Node id="48" bw="8" op_0_bw="2" op_1_bw="0">
<![CDATA[
for.inc16.split:3 %state_1_load = load i2 %state_1_addr_1

]]></Node>
<StgValue><ssdm name="state_1_load"/></StgValue>
</operation>

<operation id="79" st_id="8" stage="1" lat="2">
<core>RAM</core>
<MemPortIdVec></MemPortIdVec>
<condition id="-1">
<or_exp><and_exp></and_exp></or_exp>
</condition>

<Node id="49" bw="8" op_0_bw="2" op_1_bw="0">
<![CDATA[
for.inc16.split:4 %state_2_load = load i2 %state_2_addr_1

]]></Node>
<StgValue><ssdm name="state_2_load"/></StgValue>
</operation>

<operation id="80" st_id="8" stage="1" lat="2">
<core>RAM</core>
<MemPortIdVec></MemPortIdVec>
<condition id="-1">
<or_exp><and_exp></and_exp></or_exp>
</condition>

<Node id="50" bw="8" op_0_bw="2" op_1_bw="0">
<![CDATA[
for.inc16.split:5 %state_3_load = load i2 %state_3_addr_1

]]></Node>
<StgValue><ssdm name="state_3_load"/></StgValue>
</operation>

<operation id="81" st_id="8" stage="2" lat="2">
<core>RAM</core>
<MemPortIdVec></MemPortIdVec>
<condition id="-1">
<or_exp><and_exp></and_exp></or_exp>
</condition>

<Node id="51" bw="8" op_0_bw="2" op_1_bw="0">
<![CDATA[
for.inc16.split:6 %state_1_load_1 = load i2 %state_1_addr_2

]]></Node>
<StgValue><ssdm name="state_1_load_1"/></StgValue>
</operation>

<operation id="82" st_id="8" stage="2" lat="2">
<core>RAM</core>
<MemPortIdVec></MemPortIdVec>
<condition id="-1">
<or_exp><and_exp></and_exp></or_exp>
</condition>

<Node id="52" bw="8" op_0_bw="2" op_1_bw="0">
<![CDATA[
for.inc16.split:7 %state_2_load_1 = load i2 %state_2_addr_2

]]></Node>
<StgValue><ssdm name="state_2_load_1"/></StgValue>
</operation>

<operation id="83" st_id="8" stage="2" lat="2">
<core>RAM</core>
<MemPortIdVec></MemPortIdVec>
<condition id="-1">
<or_exp><and_exp></and_exp></or_exp>
</condition>

<Node id="53" bw="8" op_0_bw="2" op_1_bw="0">
<![CDATA[
for.inc16.split:8 %state_3_load_1 = load i2 %state_3_addr_2

]]></Node>
<StgValue><ssdm name="state_3_load_1"/></StgValue>
</operation>

<operation id="84" st_id="8" stage="2" lat="2">
<core>RAM</core>
<MemPortIdVec></MemPortIdVec>
<condition id="-1">
<or_exp><and_exp></and_exp></or_exp>
</condition>

<Node id="54" bw="8" op_0_bw="2" op_1_bw="0">
<![CDATA[
for.inc16.split:9 %state_1_load_2 = load i2 %state_1_addr_3

]]></Node>
<StgValue><ssdm name="state_1_load_2"/></StgValue>
</operation>

<operation id="85" st_id="8" stage="2" lat="2">
<core>RAM</core>
<MemPortIdVec></MemPortIdVec>
<condition id="-1">
<or_exp><and_exp></and_exp></or_exp>
</condition>

<Node id="55" bw="8" op_0_bw="2" op_1_bw="0">
<![CDATA[
for.inc16.split:10 %state_2_load_2 = load i2 %state_2_addr_3

]]></Node>
<StgValue><ssdm name="state_2_load_2"/></StgValue>
</operation>

<operation id="86" st_id="8" stage="2" lat="2">
<core>RAM</core>
<MemPortIdVec></MemPortIdVec>
<condition id="-1">
<or_exp><and_exp></and_exp></or_exp>
</condition>

<Node id="56" bw="8" op_0_bw="2" op_1_bw="0">
<![CDATA[
for.inc16.split:11 %state_3_load_2 = load i2 %state_3_addr_3

]]></Node>
<StgValue><ssdm name="state_3_load_2"/></StgValue>
</operation>
</state>

<state id="9" st_id="9">

<operation id="87" st_id="9" stage="1" lat="1">
<core>NULL</core>
<MemPortIdVec></MemPortIdVec>
<condition id="-1">
<or_exp><and_exp></and_exp></or_exp>
</condition>

<Node id="45" bw="0" op_0_bw="0" op_1_bw="64" op_2_bw="64" op_3_bw="64">
<![CDATA[
for.inc16.split:0 %speclooptripcount_ln154 = speclooptripcount void @_ssdm_op_SpecLoopTripCount, i64 9, i64 9, i64 9

]]></Node>
<StgValue><ssdm name="speclooptripcount_ln154"/></StgValue>
</operation>

<operation id="88" st_id="9" stage="1" lat="1">
<core>NULL</core>
<MemPortIdVec></MemPortIdVec>
<condition id="-1">
<or_exp><and_exp></and_exp></or_exp>
</condition>

<Node id="46" bw="0" op_0_bw="0" op_1_bw="0">
<![CDATA[
for.inc16.split:1 %specloopname_ln154 = specloopname void @_ssdm_op_SpecLoopName, void @empty_12

]]></Node>
<StgValue><ssdm name="specloopname_ln154"/></StgValue>
</operation>

<operation id="89" st_id="9" stage="1" lat="2">
<core>RAM</core>
<MemPortIdVec></MemPortIdVec>
<condition id="-1">
<or_exp><and_exp></and_exp></or_exp>
</condition>

<Node id="51" bw="8" op_0_bw="2" op_1_bw="0">
<![CDATA[
for.inc16.split:6 %state_1_load_1 = load i2 %state_1_addr_2

]]></Node>
<StgValue><ssdm name="state_1_load_1"/></StgValue>
</operation>

<operation id="90" st_id="9" stage="1" lat="2">
<core>RAM</core>
<MemPortIdVec></MemPortIdVec>
<condition id="-1">
<or_exp><and_exp></and_exp></or_exp>
</condition>

<Node id="52" bw="8" op_0_bw="2" op_1_bw="0">
<![CDATA[
for.inc16.split:7 %state_2_load_1 = load i2 %state_2_addr_2

]]></Node>
<StgValue><ssdm name="state_2_load_1"/></StgValue>
</operation>

<operation id="91" st_id="9" stage="1" lat="2">
<core>RAM</core>
<MemPortIdVec></MemPortIdVec>
<condition id="-1">
<or_exp><and_exp></and_exp></or_exp>
</condition>

<Node id="53" bw="8" op_0_bw="2" op_1_bw="0">
<![CDATA[
for.inc16.split:8 %state_3_load_1 = load i2 %state_3_addr_2

]]></Node>
<StgValue><ssdm name="state_3_load_1"/></StgValue>
</operation>

<operation id="92" st_id="9" stage="1" lat="2">
<core>RAM</core>
<MemPortIdVec></MemPortIdVec>
<condition id="-1">
<or_exp><and_exp></and_exp></or_exp>
</condition>

<Node id="54" bw="8" op_0_bw="2" op_1_bw="0">
<![CDATA[
for.inc16.split:9 %state_1_load_2 = load i2 %state_1_addr_3

]]></Node>
<StgValue><ssdm name="state_1_load_2"/></StgValue>
</operation>

<operation id="93" st_id="9" stage="1" lat="2">
<core>RAM</core>
<MemPortIdVec></MemPortIdVec>
<condition id="-1">
<or_exp><and_exp></and_exp></or_exp>
</condition>

<Node id="55" bw="8" op_0_bw="2" op_1_bw="0">
<![CDATA[
for.inc16.split:10 %state_2_load_2 = load i2 %state_2_addr_3

]]></Node>
<StgValue><ssdm name="state_2_load_2"/></StgValue>
</operation>

<operation id="94" st_id="9" stage="1" lat="2">
<core>RAM</core>
<MemPortIdVec></MemPortIdVec>
<condition id="-1">
<or_exp><and_exp></and_exp></or_exp>
</condition>

<Node id="56" bw="8" op_0_bw="2" op_1_bw="0">
<![CDATA[
for.inc16.split:11 %state_3_load_2 = load i2 %state_3_addr_3

]]></Node>
<StgValue><ssdm name="state_3_load_2"/></StgValue>
</operation>

<operation id="95" st_id="9" stage="1" lat="1">
<core>NULL</core>
<MemPortIdVec></MemPortIdVec>
<condition id="-1">
<or_exp><and_exp></and_exp></or_exp>
</condition>

<Node id="57" bw="0" op_0_bw="0">
<![CDATA[
for.inc16.split:12 %br_ln84 = br void %VITIS_LOOP_85_2.i

]]></Node>
<StgValue><ssdm name="br_ln84"/></StgValue>
</operation>
</state>

<state id="10" st_id="10">

<operation id="96" st_id="10" stage="1" lat="1">
<core>NULL</core>
<MemPortIdVec></MemPortIdVec>
<condition id="-1">
<or_exp><and_exp></and_exp></or_exp>
</condition>

<Node id="59" bw="8" op_0_bw="8" op_1_bw="0" op_2_bw="8" op_3_bw="0">
<![CDATA[
VITIS_LOOP_85_2.i:0 %p_0_0_012_i_lcssa37 = phi i8 %state_3_load_2, void %for.inc16.split, i8 %p_0_0_012_i_lcssa36, void %arrayidx206.i99.exit

]]></Node>
<StgValue><ssdm name="p_0_0_012_i_lcssa37"/></StgValue>
</operation>

<operation id="97" st_id="10" stage="1" lat="1">
<core>NULL</core>
<MemPortIdVec></MemPortIdVec>
<condition id="-1">
<or_exp><and_exp></and_exp></or_exp>
</condition>

<Node id="60" bw="8" op_0_bw="8" op_1_bw="0" op_2_bw="8" op_3_bw="0">
<![CDATA[
VITIS_LOOP_85_2.i:1 %p_0_0_012_i_lcssa34 = phi i8 %state_2_load_2, void %for.inc16.split, i8 %p_0_0_012_i_lcssa33, void %arrayidx206.i99.exit

]]></Node>
<StgValue><ssdm name="p_0_0_012_i_lcssa34"/></StgValue>
</operation>

<operation id="98" st_id="10" stage="1" lat="1">
<core>NULL</core>
<MemPortIdVec></MemPortIdVec>
<condition id="-1">
<or_exp><and_exp></and_exp></or_exp>
</condition>

<Node id="61" bw="8" op_0_bw="8" op_1_bw="0" op_2_bw="8" op_3_bw="0">
<![CDATA[
VITIS_LOOP_85_2.i:2 %p_0_0_012_i_lcssa31 = phi i8 %state_1_load_2, void %for.inc16.split, i8 %p_0_0_012_i_lcssa30, void %arrayidx206.i99.exit

]]></Node>
<StgValue><ssdm name="p_0_0_012_i_lcssa31"/></StgValue>
</operation>

<operation id="99" st_id="10" stage="1" lat="1">
<core>NULL</core>
<MemPortIdVec></MemPortIdVec>
<condition id="-1">
<or_exp><and_exp></and_exp></or_exp>
</condition>

<Node id="62" bw="8" op_0_bw="8" op_1_bw="0" op_2_bw="8" op_3_bw="0">
<![CDATA[
VITIS_LOOP_85_2.i:3 %p_0_0_0915_i_lcssa28 = phi i8 %state_3_load_1, void %for.inc16.split, i8 %p_0_0_0915_i_lcssa27, void %arrayidx206.i99.exit

]]></Node>
<StgValue><ssdm name="p_0_0_0915_i_lcssa28"/></StgValue>
</operation>

<operation id="100" st_id="10" stage="1" lat="1">
<core>NULL</core>
<MemPortIdVec></MemPortIdVec>
<condition id="-1">
<or_exp><and_exp></and_exp></or_exp>
</condition>

<Node id="63" bw="8" op_0_bw="8" op_1_bw="0" op_2_bw="8" op_3_bw="0">
<![CDATA[
VITIS_LOOP_85_2.i:4 %p_0_0_0915_i_lcssa25 = phi i8 %state_2_load_1, void %for.inc16.split, i8 %p_0_0_0915_i_lcssa24, void %arrayidx206.i99.exit

]]></Node>
<StgValue><ssdm name="p_0_0_0915_i_lcssa25"/></StgValue>
</operation>

<operation id="101" st_id="10" stage="1" lat="1">
<core>NULL</core>
<MemPortIdVec></MemPortIdVec>
<condition id="-1">
<or_exp><and_exp></and_exp></or_exp>
</condition>

<Node id="64" bw="8" op_0_bw="8" op_1_bw="0" op_2_bw="8" op_3_bw="0">
<![CDATA[
VITIS_LOOP_85_2.i:5 %p_0_0_0915_i_lcssa22 = phi i8 %state_1_load_1, void %for.inc16.split, i8 %p_0_0_0915_i_lcssa21, void %arrayidx206.i99.exit

]]></Node>
<StgValue><ssdm name="p_0_0_0915_i_lcssa22"/></StgValue>
</operation>

<operation id="102" st_id="10" stage="1" lat="1">
<core>NULL</core>
<MemPortIdVec></MemPortIdVec>
<condition id="-1">
<or_exp><and_exp></and_exp></or_exp>
</condition>

<Node id="65" bw="8" op_0_bw="8" op_1_bw="0" op_2_bw="8" op_3_bw="0">
<![CDATA[
VITIS_LOOP_85_2.i:6 %p_0_0_01014_i_lcssa19 = phi i8 %state_3_load, void %for.inc16.split, i8 %p_0_0_01014_i_lcssa18, void %arrayidx206.i99.exit

]]></Node>
<StgValue><ssdm name="p_0_0_01014_i_lcssa19"/></StgValue>
</operation>

<operation id="103" st_id="10" stage="1" lat="1">
<core>NULL</core>
<MemPortIdVec></MemPortIdVec>
<condition id="-1">
<or_exp><and_exp></and_exp></or_exp>
</condition>

<Node id="66" bw="8" op_0_bw="8" op_1_bw="0" op_2_bw="8" op_3_bw="0">
<![CDATA[
VITIS_LOOP_85_2.i:7 %p_0_0_01014_i_lcssa16 = phi i8 %state_2_load, void %for.inc16.split, i8 %p_0_0_01014_i_lcssa15, void %arrayidx206.i99.exit

]]></Node>
<StgValue><ssdm name="p_0_0_01014_i_lcssa16"/></StgValue>
</operation>

<operation id="104" st_id="10" stage="1" lat="1">
<core>NULL</core>
<MemPortIdVec></MemPortIdVec>
<condition id="-1">
<or_exp><and_exp></and_exp></or_exp>
</condition>

<Node id="67" bw="8" op_0_bw="8" op_1_bw="0" op_2_bw="8" op_3_bw="0">
<![CDATA[
VITIS_LOOP_85_2.i:8 %p_0_0_01014_i_lcssa13 = phi i8 %state_1_load, void %for.inc16.split, i8 %p_0_0_01014_i_lcssa12, void %arrayidx206.i99.exit

]]></Node>
<StgValue><ssdm name="p_0_0_01014_i_lcssa13"/></StgValue>
</operation>

<operation id="105" st_id="10" stage="1" lat="1">
<core>NULL</core>
<MemPortIdVec></MemPortIdVec>
<condition id="-1">
<or_exp><and_exp></and_exp></or_exp>
</condition>

<Node id="68" bw="3" op_0_bw="3" op_1_bw="0" op_2_bw="3" op_3_bw="0">
<![CDATA[
VITIS_LOOP_85_2.i:9 %r_2 = phi i3 1, void %for.inc16.split, i3 %add_ln84_1, void %arrayidx206.i99.exit

]]></Node>
<StgValue><ssdm name="r_2"/></StgValue>
</operation>

<operation id="106" st_id="10" stage="1" lat="1">
<core>Cmp</core>
<MemPortIdVec></MemPortIdVec>
<condition id="-1">
<or_exp><and_exp></and_exp></or_exp>
</condition>

<Node id="69" bw="1" op_0_bw="3" op_1_bw="3">
<![CDATA[
VITIS_LOOP_85_2.i:10 %icmp_ln84_1 = icmp_eq  i3 %r_2, i3 4

]]></Node>
<StgValue><ssdm name="icmp_ln84_1"/></StgValue>
</operation>

<operation id="107" st_id="10" stage="1" lat="1">
<core>NULL</core>
<MemPortIdVec></MemPortIdVec>
<condition id="-1">
<or_exp><and_exp></and_exp></or_exp>
</condition>

<Node id="70" bw="0" op_0_bw="1" op_1_bw="0" op_2_bw="0">
<![CDATA[
VITIS_LOOP_85_2.i:11 %br_ln84 = br i1 %icmp_ln84_1, void %VITIS_LOOP_85_2.i.split, void %_Z9ShiftRowsPA4_7ap_uintILi8EE.exit

]]></Node>
<StgValue><ssdm name="br_ln84"/></StgValue>
</operation>

<operation id="108" st_id="10" stage="2" lat="2">
<core>RAM</core>
<MemPortIdVec></MemPortIdVec>
<condition id="-1">
<or_exp><and_exp><literal name="icmp_ln84_1" val="0"/>
</and_exp></or_exp>
</condition>

<Node id="75" bw="8" op_0_bw="2">
<![CDATA[
VITIS_LOOP_85_2.i.split:3 %state_1_load_7 = load i2 %state_1_addr

]]></Node>
<StgValue><ssdm name="state_1_load_7"/></StgValue>
</operation>

<operation id="109" st_id="10" stage="2" lat="2">
<core>RAM</core>
<MemPortIdVec></MemPortIdVec>
<condition id="-1">
<or_exp><and_exp><literal name="icmp_ln84_1" val="0"/>
</and_exp></or_exp>
</condition>

<Node id="76" bw="8" op_0_bw="2">
<![CDATA[
VITIS_LOOP_85_2.i.split:4 %state_2_load_7 = load i2 %state_2_addr

]]></Node>
<StgValue><ssdm name="state_2_load_7"/></StgValue>
</operation>

<operation id="110" st_id="10" stage="2" lat="2">
<core>RAM</core>
<MemPortIdVec></MemPortIdVec>
<condition id="-1">
<or_exp><and_exp><literal name="icmp_ln84_1" val="0"/>
</and_exp></or_exp>
</condition>

<Node id="77" bw="8" op_0_bw="2">
<![CDATA[
VITIS_LOOP_85_2.i.split:5 %state_3_load_7 = load i2 %state_3_addr

]]></Node>
<StgValue><ssdm name="state_3_load_7"/></StgValue>
</operation>

<operation id="111" st_id="10" stage="1" lat="1">
<core>RAM</core>
<MemPortIdVec></MemPortIdVec>
<condition id="-1">
<or_exp><and_exp><literal name="icmp_ln84_1" val="1"/>
</and_exp></or_exp>
</condition>

<Node id="110" bw="0" op_0_bw="8" op_1_bw="2">
<![CDATA[
_Z9ShiftRowsPA4_7ap_uintILi8EE.exit:0 %store_ln87 = store i8 %p_0_0_01014_i_lcssa13, i2 %state_1_addr_1

]]></Node>
<StgValue><ssdm name="store_ln87"/></StgValue>
</operation>

<operation id="112" st_id="10" stage="1" lat="1">
<core>RAM</core>
<MemPortIdVec></MemPortIdVec>
<condition id="-1">
<or_exp><and_exp><literal name="icmp_ln84_1" val="1"/>
</and_exp></or_exp>
</condition>

<Node id="111" bw="0" op_0_bw="8" op_1_bw="2">
<![CDATA[
_Z9ShiftRowsPA4_7ap_uintILi8EE.exit:1 %store_ln87 = store i8 %p_0_0_01014_i_lcssa16, i2 %state_2_addr_1

]]></Node>
<StgValue><ssdm name="store_ln87"/></StgValue>
</operation>

<operation id="113" st_id="10" stage="1" lat="1">
<core>RAM</core>
<MemPortIdVec></MemPortIdVec>
<condition id="-1">
<or_exp><and_exp><literal name="icmp_ln84_1" val="1"/>
</and_exp></or_exp>
</condition>

<Node id="112" bw="0" op_0_bw="8" op_1_bw="2">
<![CDATA[
_Z9ShiftRowsPA4_7ap_uintILi8EE.exit:2 %store_ln87 = store i8 %p_0_0_01014_i_lcssa19, i2 %state_3_addr_1

]]></Node>
<StgValue><ssdm name="store_ln87"/></StgValue>
</operation>

<operation id="114" st_id="10" stage="1" lat="1">
<core>RAM</core>
<MemPortIdVec></MemPortIdVec>
<condition id="-1">
<or_exp><and_exp><literal name="icmp_ln84_1" val="1"/>
</and_exp></or_exp>
</condition>

<Node id="113" bw="0" op_0_bw="8" op_1_bw="2">
<![CDATA[
_Z9ShiftRowsPA4_7ap_uintILi8EE.exit:3 %store_ln88 = store i8 %p_0_0_0915_i_lcssa22, i2 %state_1_addr_2

]]></Node>
<StgValue><ssdm name="store_ln88"/></StgValue>
</operation>

<operation id="115" st_id="10" stage="1" lat="1">
<core>RAM</core>
<MemPortIdVec></MemPortIdVec>
<condition id="-1">
<or_exp><and_exp><literal name="icmp_ln84_1" val="1"/>
</and_exp></or_exp>
</condition>

<Node id="114" bw="0" op_0_bw="8" op_1_bw="2">
<![CDATA[
_Z9ShiftRowsPA4_7ap_uintILi8EE.exit:4 %store_ln88 = store i8 %p_0_0_0915_i_lcssa25, i2 %state_2_addr_2

]]></Node>
<StgValue><ssdm name="store_ln88"/></StgValue>
</operation>

<operation id="116" st_id="10" stage="1" lat="1">
<core>RAM</core>
<MemPortIdVec></MemPortIdVec>
<condition id="-1">
<or_exp><and_exp><literal name="icmp_ln84_1" val="1"/>
</and_exp></or_exp>
</condition>

<Node id="115" bw="0" op_0_bw="8" op_1_bw="2">
<![CDATA[
_Z9ShiftRowsPA4_7ap_uintILi8EE.exit:5 %store_ln88 = store i8 %p_0_0_0915_i_lcssa28, i2 %state_3_addr_2

]]></Node>
<StgValue><ssdm name="store_ln88"/></StgValue>
</operation>

<operation id="117" st_id="10" stage="1" lat="1">
<core>Adder</core>
<MemPortIdVec></MemPortIdVec>
<condition id="-1">
<or_exp><and_exp><literal name="icmp_ln84_1" val="1"/>
</and_exp></or_exp>
</condition>

<Node id="122" bw="4" op_0_bw="4" op_1_bw="4">
<![CDATA[
_Z9ShiftRowsPA4_7ap_uintILi8EE.exit:12 %add_ln154 = add i4 %round_1, i4 1

]]></Node>
<StgValue><ssdm name="add_ln154"/></StgValue>
</operation>

<operation id="118" st_id="10" stage="1" lat="1">
<core>NULL</core>
<MemPortIdVec></MemPortIdVec>
<condition id="-1">
<or_exp><and_exp><literal name="icmp_ln84_1" val="1"/>
</and_exp></or_exp>
</condition>

<Node id="123" bw="0" op_0_bw="4" op_1_bw="4" op_2_bw="0" op_3_bw="0">
<![CDATA[
_Z9ShiftRowsPA4_7ap_uintILi8EE.exit:13 %store_ln154 = store i4 %add_ln154, i4 %round

]]></Node>
<StgValue><ssdm name="store_ln154"/></StgValue>
</operation>
</state>

<state id="11" st_id="11">

<operation id="119" st_id="11" stage="1" lat="1">
<core>NULL</core>
<MemPortIdVec></MemPortIdVec>
<condition id="-1">
<or_exp><and_exp></and_exp></or_exp>
</condition>

<Node id="72" bw="2" op_0_bw="3">
<![CDATA[
VITIS_LOOP_85_2.i.split:0 %trunc_ln84_1 = trunc i3 %r_2

]]></Node>
<StgValue><ssdm name="trunc_ln84_1"/></StgValue>
</operation>

<operation id="120" st_id="11" stage="1" lat="2">
<core>RAM</core>
<MemPortIdVec></MemPortIdVec>
<condition id="-1">
<or_exp><and_exp></and_exp></or_exp>
</condition>

<Node id="75" bw="8" op_0_bw="2">
<![CDATA[
VITIS_LOOP_85_2.i.split:3 %state_1_load_7 = load i2 %state_1_addr

]]></Node>
<StgValue><ssdm name="state_1_load_7"/></StgValue>
</operation>

<operation id="121" st_id="11" stage="1" lat="2">
<core>RAM</core>
<MemPortIdVec></MemPortIdVec>
<condition id="-1">
<or_exp><and_exp></and_exp></or_exp>
</condition>

<Node id="76" bw="8" op_0_bw="2">
<![CDATA[
VITIS_LOOP_85_2.i.split:4 %state_2_load_7 = load i2 %state_2_addr

]]></Node>
<StgValue><ssdm name="state_2_load_7"/></StgValue>
</operation>

<operation id="122" st_id="11" stage="1" lat="2">
<core>RAM</core>
<MemPortIdVec></MemPortIdVec>
<condition id="-1">
<or_exp><and_exp></and_exp></or_exp>
</condition>

<Node id="77" bw="8" op_0_bw="2">
<![CDATA[
VITIS_LOOP_85_2.i.split:5 %state_3_load_7 = load i2 %state_3_addr

]]></Node>
<StgValue><ssdm name="state_3_load_7"/></StgValue>
</operation>

<operation id="123" st_id="11" stage="1" lat="1">
<core>BinarySparseMux_DontCare</core>
<MemPortIdVec></MemPortIdVec>
<condition id="-1">
<or_exp><and_exp></and_exp></or_exp>
</condition>

<Node id="78" bw="8" op_0_bw="8" op_1_bw="2" op_2_bw="8" op_3_bw="2" op_4_bw="8" op_5_bw="2" op_6_bw="8" op_7_bw="8" op_8_bw="2">
<![CDATA[
VITIS_LOOP_85_2.i.split:6 %tmp_5 = sparsemux i8 @_ssdm_op_SparseMux.ap_auto.3i8.i8.i2, i2 1, i8 %state_1_load_7, i2 2, i8 %state_2_load_7, i2 3, i8 %state_3_load_7, i8 0, i2 %trunc_ln84_1

]]></Node>
<StgValue><ssdm name="tmp_5"/></StgValue>
</operation>

<operation id="124" st_id="11" stage="1" lat="1">
<core>BinarySparseMux_DontCare</core>
<MemPortIdVec></MemPortIdVec>
<condition id="-1">
<or_exp><and_exp></and_exp></or_exp>
</condition>

<Node id="79" bw="8" op_0_bw="8" op_1_bw="2" op_2_bw="8" op_3_bw="2" op_4_bw="8" op_5_bw="2" op_6_bw="8" op_7_bw="8" op_8_bw="2">
<![CDATA[
VITIS_LOOP_85_2.i.split:7 %tmp_6 = sparsemux i8 @_ssdm_op_SparseMux.ap_auto.3i8.i8.i2, i2 1, i8 %p_0_0_01014_i_lcssa13, i2 2, i8 %p_0_0_01014_i_lcssa16, i2 3, i8 %p_0_0_01014_i_lcssa19, i8 0, i2 %trunc_ln84_1

]]></Node>
<StgValue><ssdm name="tmp_6"/></StgValue>
</operation>

<operation id="125" st_id="11" stage="1" lat="1">
<core>BinarySparseMux_DontCare</core>
<MemPortIdVec></MemPortIdVec>
<condition id="-1">
<or_exp><and_exp></and_exp></or_exp>
</condition>

<Node id="80" bw="8" op_0_bw="8" op_1_bw="2" op_2_bw="8" op_3_bw="2" op_4_bw="8" op_5_bw="2" op_6_bw="8" op_7_bw="8" op_8_bw="2">
<![CDATA[
VITIS_LOOP_85_2.i.split:8 %tmp_7 = sparsemux i8 @_ssdm_op_SparseMux.ap_auto.3i8.i8.i2, i2 1, i8 %p_0_0_0915_i_lcssa22, i2 2, i8 %p_0_0_0915_i_lcssa25, i2 3, i8 %p_0_0_0915_i_lcssa28, i8 0, i2 %trunc_ln84_1

]]></Node>
<StgValue><ssdm name="tmp_7"/></StgValue>
</operation>

<operation id="126" st_id="11" stage="1" lat="1">
<core>BinarySparseMux_DontCare</core>
<MemPortIdVec></MemPortIdVec>
<condition id="-1">
<or_exp><and_exp></and_exp></or_exp>
</condition>

<Node id="81" bw="8" op_0_bw="8" op_1_bw="2" op_2_bw="8" op_3_bw="2" op_4_bw="8" op_5_bw="2" op_6_bw="8" op_7_bw="8" op_8_bw="2">
<![CDATA[
VITIS_LOOP_85_2.i.split:9 %tmp_8 = sparsemux i8 @_ssdm_op_SparseMux.ap_auto.3i8.i8.i2, i2 1, i8 %p_0_0_012_i_lcssa31, i2 2, i8 %p_0_0_012_i_lcssa34, i2 3, i8 %p_0_0_012_i_lcssa37, i8 0, i2 %trunc_ln84_1

]]></Node>
<StgValue><ssdm name="tmp_8"/></StgValue>
</operation>

<operation id="127" st_id="11" stage="2" lat="2">
<core></core>
<MemPortIdVec></MemPortIdVec>
<condition id="-1">
<or_exp><and_exp></and_exp></or_exp>
</condition>

<Node id="82" bw="0" op_0_bw="0" op_1_bw="8" op_2_bw="8" op_3_bw="8" op_4_bw="8" op_5_bw="2" op_6_bw="8" op_7_bw="8" op_8_bw="8" op_9_bw="8">
<![CDATA[
VITIS_LOOP_85_2.i.split:10 %call_ln89 = call void @Cipher_Pipeline_VITIS_LOOP_85_2, i8 %tmp_8, i8 %tmp_7, i8 %tmp_6, i8 %tmp_5, i2 %trunc_ln84_1, i8 %p_0_0_0915_i_loc, i8 %p_0_0_01014_i_loc, i8 %p_0_0_01113_i_loc, i8 %p_0_0_012_i_loc

]]></Node>
<StgValue><ssdm name="call_ln89"/></StgValue>
</operation>
</state>

<state id="12" st_id="12">

<operation id="128" st_id="12" stage="1" lat="2">
<core></core>
<MemPortIdVec></MemPortIdVec>
<condition id="-1">
<or_exp><and_exp></and_exp></or_exp>
</condition>

<Node id="82" bw="0" op_0_bw="0" op_1_bw="8" op_2_bw="8" op_3_bw="8" op_4_bw="8" op_5_bw="2" op_6_bw="8" op_7_bw="8" op_8_bw="8" op_9_bw="8">
<![CDATA[
VITIS_LOOP_85_2.i.split:10 %call_ln89 = call void @Cipher_Pipeline_VITIS_LOOP_85_2, i8 %tmp_8, i8 %tmp_7, i8 %tmp_6, i8 %tmp_5, i2 %trunc_ln84_1, i8 %p_0_0_0915_i_loc, i8 %p_0_0_01014_i_loc, i8 %p_0_0_01113_i_loc, i8 %p_0_0_012_i_loc

]]></Node>
<StgValue><ssdm name="call_ln89"/></StgValue>
</operation>
</state>

<state id="13" st_id="13">

<operation id="129" st_id="13" stage="1" lat="1">
<core>NULL</core>
<MemPortIdVec></MemPortIdVec>
<condition id="-1">
<or_exp><and_exp></and_exp></or_exp>
</condition>

<Node id="73" bw="0" op_0_bw="0" op_1_bw="64" op_2_bw="64" op_3_bw="64">
<![CDATA[
VITIS_LOOP_85_2.i.split:1 %speclooptripcount_ln84 = speclooptripcount void @_ssdm_op_SpecLoopTripCount, i64 3, i64 3, i64 3

]]></Node>
<StgValue><ssdm name="speclooptripcount_ln84"/></StgValue>
</operation>

<operation id="130" st_id="13" stage="1" lat="1">
<core>NULL</core>
<MemPortIdVec></MemPortIdVec>
<condition id="-1">
<or_exp><and_exp></and_exp></or_exp>
</condition>

<Node id="74" bw="0" op_0_bw="0" op_1_bw="0">
<![CDATA[
VITIS_LOOP_85_2.i.split:2 %specloopname_ln84 = specloopname void @_ssdm_op_SpecLoopName, void @empty_10

]]></Node>
<StgValue><ssdm name="specloopname_ln84"/></StgValue>
</operation>

<operation id="131" st_id="13" stage="1" lat="1">
<core>NULL</core>
<MemPortIdVec></MemPortIdVec>
<condition id="-1">
<or_exp><and_exp></and_exp></or_exp>
</condition>

<Node id="83" bw="8" op_0_bw="8" op_1_bw="0">
<![CDATA[
VITIS_LOOP_85_2.i.split:11 %p_0_0_0915_i_loc_load = load i8 %p_0_0_0915_i_loc

]]></Node>
<StgValue><ssdm name="p_0_0_0915_i_loc_load"/></StgValue>
</operation>

<operation id="132" st_id="13" stage="1" lat="1">
<core>NULL</core>
<MemPortIdVec></MemPortIdVec>
<condition id="-1">
<or_exp><and_exp></and_exp></or_exp>
</condition>

<Node id="84" bw="8" op_0_bw="8" op_1_bw="0">
<![CDATA[
VITIS_LOOP_85_2.i.split:12 %p_0_0_01014_i_loc_load = load i8 %p_0_0_01014_i_loc

]]></Node>
<StgValue><ssdm name="p_0_0_01014_i_loc_load"/></StgValue>
</operation>

<operation id="133" st_id="13" stage="1" lat="1">
<core>NULL</core>
<MemPortIdVec></MemPortIdVec>
<condition id="-1">
<or_exp><and_exp></and_exp></or_exp>
</condition>

<Node id="85" bw="8" op_0_bw="8" op_1_bw="0">
<![CDATA[
VITIS_LOOP_85_2.i.split:13 %p_0_0_01113_i_loc_load = load i8 %p_0_0_01113_i_loc

]]></Node>
<StgValue><ssdm name="p_0_0_01113_i_loc_load"/></StgValue>
</operation>

<operation id="134" st_id="13" stage="1" lat="1">
<core>NULL</core>
<MemPortIdVec></MemPortIdVec>
<condition id="-1">
<or_exp><and_exp></and_exp></or_exp>
</condition>

<Node id="86" bw="8" op_0_bw="8" op_1_bw="0">
<![CDATA[
VITIS_LOOP_85_2.i.split:14 %p_0_0_012_i_loc_load = load i8 %p_0_0_012_i_loc

]]></Node>
<StgValue><ssdm name="p_0_0_012_i_loc_load"/></StgValue>
</operation>

<operation id="135" st_id="13" stage="1" lat="1">
<core>NULL</core>
<MemPortIdVec></MemPortIdVec>
<condition id="-1">
<or_exp><and_exp></and_exp></or_exp>
</condition>

<Node id="87" bw="0" op_0_bw="2" op_1_bw="0" op_2_bw="2" op_3_bw="0" op_4_bw="2" op_5_bw="0">
<![CDATA[
VITIS_LOOP_85_2.i.split:15 %switch_ln90 = switch i2 %trunc_ln84_1, void %arrayidx206.i99.case.3, i2 1, void %arrayidx206.i99.case.1, i2 2, void %arrayidx206.i99.case.2

]]></Node>
<StgValue><ssdm name="switch_ln90"/></StgValue>
</operation>

<operation id="136" st_id="13" stage="1" lat="1">
<core>RAM</core>
<MemPortIdVec></MemPortIdVec>
<condition id="-1">
<or_exp><and_exp><literal name="trunc_ln84_1" val="-2"/>
</and_exp></or_exp>
</condition>

<Node id="89" bw="0" op_0_bw="8" op_1_bw="2" op_2_bw="0">
<![CDATA[
arrayidx206.i99.case.2:0 %store_ln90 = store i8 %p_0_0_012_i_loc_load, i2 %state_2_addr

]]></Node>
<StgValue><ssdm name="store_ln90"/></StgValue>
</operation>

<operation id="137" st_id="13" stage="1" lat="1">
<core>NULL</core>
<MemPortIdVec></MemPortIdVec>
<condition id="-1">
<or_exp><and_exp><literal name="trunc_ln84_1" val="-2"/>
</and_exp></or_exp>
</condition>

<Node id="90" bw="0" op_0_bw="0">
<![CDATA[
arrayidx206.i99.case.2:1 %br_ln89 = br void %arrayidx206.i99.exit

]]></Node>
<StgValue><ssdm name="br_ln89"/></StgValue>
</operation>

<operation id="138" st_id="13" stage="1" lat="1">
<core>RAM</core>
<MemPortIdVec></MemPortIdVec>
<condition id="-1">
<or_exp><and_exp><literal name="trunc_ln84_1" val="1"/>
</and_exp></or_exp>
</condition>

<Node id="92" bw="0" op_0_bw="8" op_1_bw="2" op_2_bw="0">
<![CDATA[
arrayidx206.i99.case.1:0 %store_ln90 = store i8 %p_0_0_012_i_loc_load, i2 %state_1_addr

]]></Node>
<StgValue><ssdm name="store_ln90"/></StgValue>
</operation>

<operation id="139" st_id="13" stage="1" lat="1">
<core>NULL</core>
<MemPortIdVec></MemPortIdVec>
<condition id="-1">
<or_exp><and_exp><literal name="trunc_ln84_1" val="1"/>
</and_exp></or_exp>
</condition>

<Node id="93" bw="0" op_0_bw="0">
<![CDATA[
arrayidx206.i99.case.1:1 %br_ln89 = br void %arrayidx206.i99.exit

]]></Node>
<StgValue><ssdm name="br_ln89"/></StgValue>
</operation>

<operation id="140" st_id="13" stage="1" lat="1">
<core>RAM</core>
<MemPortIdVec></MemPortIdVec>
<condition id="-1">
<or_exp><and_exp><literal name="trunc_ln84_1" val="!1"/>
<literal name="trunc_ln84_1" val="!2"/>
</and_exp></or_exp>
</condition>

<Node id="95" bw="0" op_0_bw="8" op_1_bw="2" op_2_bw="0">
<![CDATA[
arrayidx206.i99.case.3:0 %store_ln90 = store i8 %p_0_0_012_i_loc_load, i2 %state_3_addr

]]></Node>
<StgValue><ssdm name="store_ln90"/></StgValue>
</operation>

<operation id="141" st_id="13" stage="1" lat="1">
<core>NULL</core>
<MemPortIdVec></MemPortIdVec>
<condition id="-1">
<or_exp><and_exp><literal name="trunc_ln84_1" val="!1"/>
<literal name="trunc_ln84_1" val="!2"/>
</and_exp></or_exp>
</condition>

<Node id="96" bw="0" op_0_bw="0">
<![CDATA[
arrayidx206.i99.case.3:1 %br_ln89 = br void %arrayidx206.i99.exit

]]></Node>
<StgValue><ssdm name="br_ln89"/></StgValue>
</operation>

<operation id="142" st_id="13" stage="1" lat="1">
<core>Adder</core>
<MemPortIdVec></MemPortIdVec>
<condition id="-1">
<or_exp><and_exp></and_exp></or_exp>
</condition>

<Node id="107" bw="3" op_0_bw="3" op_1_bw="3">
<![CDATA[
arrayidx206.i99.exit:9 %add_ln84_1 = add i3 %r_2, i3 1

]]></Node>
<StgValue><ssdm name="add_ln84_1"/></StgValue>
</operation>
</state>

<state id="14" st_id="14">

<operation id="143" st_id="14" stage="1" lat="1">
<core>NULL</core>
<MemPortIdVec></MemPortIdVec>
<condition id="-1">
<or_exp><and_exp></and_exp></or_exp>
</condition>

<Node id="98" bw="8" op_0_bw="8" op_1_bw="0" op_2_bw="8" op_3_bw="0" op_4_bw="8" op_5_bw="0">
<![CDATA[
arrayidx206.i99.exit:0 %p_0_0_012_i_lcssa36 = phi i8 %p_0_0_0915_i_loc_load, void %arrayidx206.i99.case.3, i8 %p_0_0_012_i_lcssa37, void %arrayidx206.i99.case.1, i8 %p_0_0_012_i_lcssa37, void %arrayidx206.i99.case.2

]]></Node>
<StgValue><ssdm name="p_0_0_012_i_lcssa36"/></StgValue>
</operation>

<operation id="144" st_id="14" stage="1" lat="1">
<core>NULL</core>
<MemPortIdVec></MemPortIdVec>
<condition id="-1">
<or_exp><and_exp></and_exp></or_exp>
</condition>

<Node id="99" bw="8" op_0_bw="8" op_1_bw="0" op_2_bw="8" op_3_bw="0" op_4_bw="8" op_5_bw="0">
<![CDATA[
arrayidx206.i99.exit:1 %p_0_0_012_i_lcssa33 = phi i8 %p_0_0_012_i_lcssa34, void %arrayidx206.i99.case.3, i8 %p_0_0_012_i_lcssa34, void %arrayidx206.i99.case.1, i8 %p_0_0_0915_i_loc_load, void %arrayidx206.i99.case.2

]]></Node>
<StgValue><ssdm name="p_0_0_012_i_lcssa33"/></StgValue>
</operation>

<operation id="145" st_id="14" stage="1" lat="1">
<core>NULL</core>
<MemPortIdVec></MemPortIdVec>
<condition id="-1">
<or_exp><and_exp></and_exp></or_exp>
</condition>

<Node id="100" bw="8" op_0_bw="8" op_1_bw="0" op_2_bw="8" op_3_bw="0" op_4_bw="8" op_5_bw="0">
<![CDATA[
arrayidx206.i99.exit:2 %p_0_0_012_i_lcssa30 = phi i8 %p_0_0_012_i_lcssa31, void %arrayidx206.i99.case.3, i8 %p_0_0_0915_i_loc_load, void %arrayidx206.i99.case.1, i8 %p_0_0_012_i_lcssa31, void %arrayidx206.i99.case.2

]]></Node>
<StgValue><ssdm name="p_0_0_012_i_lcssa30"/></StgValue>
</operation>

<operation id="146" st_id="14" stage="1" lat="1">
<core>NULL</core>
<MemPortIdVec></MemPortIdVec>
<condition id="-1">
<or_exp><and_exp></and_exp></or_exp>
</condition>

<Node id="101" bw="8" op_0_bw="8" op_1_bw="0" op_2_bw="8" op_3_bw="0" op_4_bw="8" op_5_bw="0">
<![CDATA[
arrayidx206.i99.exit:3 %p_0_0_0915_i_lcssa27 = phi i8 %p_0_0_01014_i_loc_load, void %arrayidx206.i99.case.3, i8 %p_0_0_0915_i_lcssa28, void %arrayidx206.i99.case.1, i8 %p_0_0_0915_i_lcssa28, void %arrayidx206.i99.case.2

]]></Node>
<StgValue><ssdm name="p_0_0_0915_i_lcssa27"/></StgValue>
</operation>

<operation id="147" st_id="14" stage="1" lat="1">
<core>NULL</core>
<MemPortIdVec></MemPortIdVec>
<condition id="-1">
<or_exp><and_exp></and_exp></or_exp>
</condition>

<Node id="102" bw="8" op_0_bw="8" op_1_bw="0" op_2_bw="8" op_3_bw="0" op_4_bw="8" op_5_bw="0">
<![CDATA[
arrayidx206.i99.exit:4 %p_0_0_0915_i_lcssa24 = phi i8 %p_0_0_0915_i_lcssa25, void %arrayidx206.i99.case.3, i8 %p_0_0_0915_i_lcssa25, void %arrayidx206.i99.case.1, i8 %p_0_0_01014_i_loc_load, void %arrayidx206.i99.case.2

]]></Node>
<StgValue><ssdm name="p_0_0_0915_i_lcssa24"/></StgValue>
</operation>

<operation id="148" st_id="14" stage="1" lat="1">
<core>NULL</core>
<MemPortIdVec></MemPortIdVec>
<condition id="-1">
<or_exp><and_exp></and_exp></or_exp>
</condition>

<Node id="103" bw="8" op_0_bw="8" op_1_bw="0" op_2_bw="8" op_3_bw="0" op_4_bw="8" op_5_bw="0">
<![CDATA[
arrayidx206.i99.exit:5 %p_0_0_0915_i_lcssa21 = phi i8 %p_0_0_0915_i_lcssa22, void %arrayidx206.i99.case.3, i8 %p_0_0_01014_i_loc_load, void %arrayidx206.i99.case.1, i8 %p_0_0_0915_i_lcssa22, void %arrayidx206.i99.case.2

]]></Node>
<StgValue><ssdm name="p_0_0_0915_i_lcssa21"/></StgValue>
</operation>

<operation id="149" st_id="14" stage="1" lat="1">
<core>NULL</core>
<MemPortIdVec></MemPortIdVec>
<condition id="-1">
<or_exp><and_exp></and_exp></or_exp>
</condition>

<Node id="104" bw="8" op_0_bw="8" op_1_bw="0" op_2_bw="8" op_3_bw="0" op_4_bw="8" op_5_bw="0">
<![CDATA[
arrayidx206.i99.exit:6 %p_0_0_01014_i_lcssa18 = phi i8 %p_0_0_01113_i_loc_load, void %arrayidx206.i99.case.3, i8 %p_0_0_01014_i_lcssa19, void %arrayidx206.i99.case.1, i8 %p_0_0_01014_i_lcssa19, void %arrayidx206.i99.case.2

]]></Node>
<StgValue><ssdm name="p_0_0_01014_i_lcssa18"/></StgValue>
</operation>

<operation id="150" st_id="14" stage="1" lat="1">
<core>NULL</core>
<MemPortIdVec></MemPortIdVec>
<condition id="-1">
<or_exp><and_exp></and_exp></or_exp>
</condition>

<Node id="105" bw="8" op_0_bw="8" op_1_bw="0" op_2_bw="8" op_3_bw="0" op_4_bw="8" op_5_bw="0">
<![CDATA[
arrayidx206.i99.exit:7 %p_0_0_01014_i_lcssa15 = phi i8 %p_0_0_01014_i_lcssa16, void %arrayidx206.i99.case.3, i8 %p_0_0_01014_i_lcssa16, void %arrayidx206.i99.case.1, i8 %p_0_0_01113_i_loc_load, void %arrayidx206.i99.case.2

]]></Node>
<StgValue><ssdm name="p_0_0_01014_i_lcssa15"/></StgValue>
</operation>

<operation id="151" st_id="14" stage="1" lat="1">
<core>NULL</core>
<MemPortIdVec></MemPortIdVec>
<condition id="-1">
<or_exp><and_exp></and_exp></or_exp>
</condition>

<Node id="106" bw="8" op_0_bw="8" op_1_bw="0" op_2_bw="8" op_3_bw="0" op_4_bw="8" op_5_bw="0">
<![CDATA[
arrayidx206.i99.exit:8 %p_0_0_01014_i_lcssa12 = phi i8 %p_0_0_01014_i_lcssa13, void %arrayidx206.i99.case.3, i8 %p_0_0_01113_i_loc_load, void %arrayidx206.i99.case.1, i8 %p_0_0_01014_i_lcssa13, void %arrayidx206.i99.case.2

]]></Node>
<StgValue><ssdm name="p_0_0_01014_i_lcssa12"/></StgValue>
</operation>

<operation id="152" st_id="14" stage="1" lat="1">
<core>NULL</core>
<MemPortIdVec></MemPortIdVec>
<condition id="-1">
<or_exp><and_exp></and_exp></or_exp>
</condition>

<Node id="108" bw="0" op_0_bw="0">
<![CDATA[
arrayidx206.i99.exit:10 %br_ln84 = br void %VITIS_LOOP_85_2.i

]]></Node>
<StgValue><ssdm name="br_ln84"/></StgValue>
</operation>
</state>

<state id="15" st_id="15">

<operation id="153" st_id="15" stage="1" lat="1">
<core>RAM</core>
<MemPortIdVec></MemPortIdVec>
<condition id="-1">
<or_exp><and_exp></and_exp></or_exp>
</condition>

<Node id="116" bw="0" op_0_bw="8" op_1_bw="2">
<![CDATA[
_Z9ShiftRowsPA4_7ap_uintILi8EE.exit:6 %store_ln89 = store i8 %p_0_0_012_i_lcssa31, i2 %state_1_addr_3

]]></Node>
<StgValue><ssdm name="store_ln89"/></StgValue>
</operation>

<operation id="154" st_id="15" stage="1" lat="1">
<core>RAM</core>
<MemPortIdVec></MemPortIdVec>
<condition id="-1">
<or_exp><and_exp></and_exp></or_exp>
</condition>

<Node id="117" bw="0" op_0_bw="8" op_1_bw="2">
<![CDATA[
_Z9ShiftRowsPA4_7ap_uintILi8EE.exit:7 %store_ln89 = store i8 %p_0_0_012_i_lcssa34, i2 %state_2_addr_3

]]></Node>
<StgValue><ssdm name="store_ln89"/></StgValue>
</operation>

<operation id="155" st_id="15" stage="1" lat="1">
<core>RAM</core>
<MemPortIdVec></MemPortIdVec>
<condition id="-1">
<or_exp><and_exp></and_exp></or_exp>
</condition>

<Node id="118" bw="0" op_0_bw="8" op_1_bw="2">
<![CDATA[
_Z9ShiftRowsPA4_7ap_uintILi8EE.exit:8 %store_ln89 = store i8 %p_0_0_012_i_lcssa37, i2 %state_3_addr_3

]]></Node>
<StgValue><ssdm name="store_ln89"/></StgValue>
</operation>
</state>

<state id="16" st_id="16">

<operation id="156" st_id="16" stage="2" lat="2">
<core></core>
<MemPortIdVec></MemPortIdVec>
<condition id="-1">
<or_exp><and_exp></and_exp></or_exp>
</condition>

<Node id="119" bw="0" op_0_bw="0" op_1_bw="8" op_2_bw="8" op_3_bw="8" op_4_bw="8" op_5_bw="0" op_6_bw="0" op_7_bw="0" op_8_bw="0" op_9_bw="0" op_10_bw="0" op_11_bw="0" op_12_bw="0" op_13_bw="0" op_14_bw="0" op_15_bw="0" op_16_bw="0">
<![CDATA[
_Z9ShiftRowsPA4_7ap_uintILi8EE.exit:9 %call_ln0 = call void @Cipher_Pipeline_VITIS_LOOP_96_1, i8 %state_3, i8 %state_2, i8 %state_1, i8 %state

]]></Node>
<StgValue><ssdm name="call_ln0"/></StgValue>
</operation>
</state>

<state id="17" st_id="17">

<operation id="157" st_id="17" stage="1" lat="2">
<core></core>
<MemPortIdVec></MemPortIdVec>
<condition id="-1">
<or_exp><and_exp></and_exp></or_exp>
</condition>

<Node id="119" bw="0" op_0_bw="0" op_1_bw="8" op_2_bw="8" op_3_bw="8" op_4_bw="8" op_5_bw="0" op_6_bw="0" op_7_bw="0" op_8_bw="0" op_9_bw="0" op_10_bw="0" op_11_bw="0" op_12_bw="0" op_13_bw="0" op_14_bw="0" op_15_bw="0" op_16_bw="0">
<![CDATA[
_Z9ShiftRowsPA4_7ap_uintILi8EE.exit:9 %call_ln0 = call void @Cipher_Pipeline_VITIS_LOOP_96_1, i8 %state_3, i8 %state_2, i8 %state_1, i8 %state

]]></Node>
<StgValue><ssdm name="call_ln0"/></StgValue>
</operation>
</state>

<state id="18" st_id="18">

<operation id="158" st_id="18" stage="1" lat="1">
<core>NULL</core>
<MemPortIdVec></MemPortIdVec>
<condition id="-1">
<or_exp><and_exp></and_exp></or_exp>
</condition>

<Node id="120" bw="6" op_0_bw="6" op_1_bw="4" op_2_bw="2">
<![CDATA[
_Z9ShiftRowsPA4_7ap_uintILi8EE.exit:10 %shl_ln = bitconcatenate i6 @_ssdm_op_BitConcatenate.i6.i4.i2, i4 %round_1, i2 0

]]></Node>
<StgValue><ssdm name="shl_ln"/></StgValue>
</operation>

<operation id="159" st_id="18" stage="2" lat="2">
<core></core>
<MemPortIdVec></MemPortIdVec>
<condition id="-1">
<or_exp><and_exp></and_exp></or_exp>
</condition>

<Node id="121" bw="0" op_0_bw="0" op_1_bw="8" op_2_bw="8" op_3_bw="8" op_4_bw="8" op_5_bw="6" op_6_bw="32" op_7_bw="0" op_8_bw="0" op_9_bw="0" op_10_bw="0" op_11_bw="0">
<![CDATA[
_Z9ShiftRowsPA4_7ap_uintILi8EE.exit:11 %call_ln158 = call void @Cipher_Pipeline_VITIS_LOOP_110_11, i8 %state_3, i8 %state_2, i8 %state_1, i8 %state, i6 %shl_ln, i32 %w

]]></Node>
<StgValue><ssdm name="call_ln158"/></StgValue>
</operation>
</state>

<state id="19" st_id="19">

<operation id="160" st_id="19" stage="1" lat="2">
<core></core>
<MemPortIdVec></MemPortIdVec>
<condition id="-1">
<or_exp><and_exp></and_exp></or_exp>
</condition>

<Node id="121" bw="0" op_0_bw="0" op_1_bw="8" op_2_bw="8" op_3_bw="8" op_4_bw="8" op_5_bw="6" op_6_bw="32" op_7_bw="0" op_8_bw="0" op_9_bw="0" op_10_bw="0" op_11_bw="0">
<![CDATA[
_Z9ShiftRowsPA4_7ap_uintILi8EE.exit:11 %call_ln158 = call void @Cipher_Pipeline_VITIS_LOOP_110_11, i8 %state_3, i8 %state_2, i8 %state_1, i8 %state, i6 %shl_ln, i32 %w

]]></Node>
<StgValue><ssdm name="call_ln158"/></StgValue>
</operation>

<operation id="161" st_id="19" stage="1" lat="1">
<core>NULL</core>
<MemPortIdVec></MemPortIdVec>
<condition id="-1">
<or_exp><and_exp></and_exp></or_exp>
</condition>

<Node id="124" bw="0" op_0_bw="0">
<![CDATA[
_Z9ShiftRowsPA4_7ap_uintILi8EE.exit:14 %br_ln154 = br void %for.inc16

]]></Node>
<StgValue><ssdm name="br_ln154"/></StgValue>
</operation>
</state>

<state id="20" st_id="20">

<operation id="162" st_id="20" stage="1" lat="2">
<core></core>
<MemPortIdVec></MemPortIdVec>
<condition id="-1">
<or_exp><and_exp></and_exp></or_exp>
</condition>

<Node id="127" bw="0" op_0_bw="0" op_1_bw="8" op_2_bw="8" op_3_bw="8" op_4_bw="8" op_5_bw="8" op_6_bw="0" op_7_bw="0">
<![CDATA[
for.inc.i52.preheader:1 %call_ln0 = call void @Cipher_Pipeline_VITIS_LOOP_78_1_VITIS_LOOP_79_22, i8 %state_3, i8 %state_2, i8 %state_1, i8 %state, i8 %sbox

]]></Node>
<StgValue><ssdm name="call_ln0"/></StgValue>
</operation>

<operation id="163" st_id="20" stage="1" lat="1">
<core>NULL</core>
<MemPortIdVec></MemPortIdVec>
<condition id="-1">
<or_exp><and_exp></and_exp></or_exp>
</condition>

<Node id="129" bw="0" op_0_bw="0">
<![CDATA[
for.inc.i52.preheader:3 %br_ln84 = br void %VITIS_LOOP_85_2.i66

]]></Node>
<StgValue><ssdm name="br_ln84"/></StgValue>
</operation>
</state>

<state id="21" st_id="21">

<operation id="164" st_id="21" stage="1" lat="1">
<core>NULL</core>
<MemPortIdVec></MemPortIdVec>
<condition id="-1">
<or_exp><and_exp></and_exp></or_exp>
</condition>

<Node id="131" bw="3" op_0_bw="3" op_1_bw="0">
<![CDATA[
VITIS_LOOP_85_2.i66:0 %r_1 = load i3 %r

]]></Node>
<StgValue><ssdm name="r_1"/></StgValue>
</operation>

<operation id="165" st_id="21" stage="1" lat="1">
<core>Cmp</core>
<MemPortIdVec></MemPortIdVec>
<condition id="-1">
<or_exp><and_exp></and_exp></or_exp>
</condition>

<Node id="132" bw="1" op_0_bw="3" op_1_bw="3">
<![CDATA[
VITIS_LOOP_85_2.i66:1 %icmp_ln84 = icmp_eq  i3 %r_1, i3 4

]]></Node>
<StgValue><ssdm name="icmp_ln84"/></StgValue>
</operation>

<operation id="166" st_id="21" stage="1" lat="1">
<core>NULL</core>
<MemPortIdVec></MemPortIdVec>
<condition id="-1">
<or_exp><and_exp></and_exp></or_exp>
</condition>

<Node id="133" bw="0" op_0_bw="1" op_1_bw="0" op_2_bw="0">
<![CDATA[
VITIS_LOOP_85_2.i66:2 %br_ln84 = br i1 %icmp_ln84, void %VITIS_LOOP_85_2.i66.split, void %VITIS_LOOP_111_2.i81.preheader

]]></Node>
<StgValue><ssdm name="br_ln84"/></StgValue>
</operation>

<operation id="167" st_id="21" stage="2" lat="2">
<core>RAM</core>
<MemPortIdVec></MemPortIdVec>
<condition id="-1">
<or_exp><and_exp><literal name="icmp_ln84" val="0"/>
</and_exp></or_exp>
</condition>

<Node id="138" bw="8" op_0_bw="2">
<![CDATA[
VITIS_LOOP_85_2.i66.split:3 %state_1_load_3 = load i2 %state_1_addr

]]></Node>
<StgValue><ssdm name="state_1_load_3"/></StgValue>
</operation>

<operation id="168" st_id="21" stage="2" lat="2">
<core>RAM</core>
<MemPortIdVec></MemPortIdVec>
<condition id="-1">
<or_exp><and_exp><literal name="icmp_ln84" val="0"/>
</and_exp></or_exp>
</condition>

<Node id="139" bw="8" op_0_bw="2">
<![CDATA[
VITIS_LOOP_85_2.i66.split:4 %state_2_load_3 = load i2 %state_2_addr

]]></Node>
<StgValue><ssdm name="state_2_load_3"/></StgValue>
</operation>

<operation id="169" st_id="21" stage="2" lat="2">
<core>RAM</core>
<MemPortIdVec></MemPortIdVec>
<condition id="-1">
<or_exp><and_exp><literal name="icmp_ln84" val="0"/>
</and_exp></or_exp>
</condition>

<Node id="140" bw="8" op_0_bw="2">
<![CDATA[
VITIS_LOOP_85_2.i66.split:5 %state_3_load_3 = load i2 %state_3_addr

]]></Node>
<StgValue><ssdm name="state_3_load_3"/></StgValue>
</operation>

<operation id="170" st_id="21" stage="2" lat="2">
<core>RAM</core>
<MemPortIdVec></MemPortIdVec>
<condition id="-1">
<or_exp><and_exp><literal name="icmp_ln84" val="0"/>
</and_exp></or_exp>
</condition>

<Node id="142" bw="8" op_0_bw="2">
<![CDATA[
VITIS_LOOP_85_2.i66.split:7 %state_1_load_4 = load i2 %state_1_addr_1

]]></Node>
<StgValue><ssdm name="state_1_load_4"/></StgValue>
</operation>

<operation id="171" st_id="21" stage="2" lat="2">
<core>RAM</core>
<MemPortIdVec></MemPortIdVec>
<condition id="-1">
<or_exp><and_exp><literal name="icmp_ln84" val="0"/>
</and_exp></or_exp>
</condition>

<Node id="143" bw="8" op_0_bw="2">
<![CDATA[
VITIS_LOOP_85_2.i66.split:8 %state_2_load_4 = load i2 %state_2_addr_1

]]></Node>
<StgValue><ssdm name="state_2_load_4"/></StgValue>
</operation>

<operation id="172" st_id="21" stage="2" lat="2">
<core>RAM</core>
<MemPortIdVec></MemPortIdVec>
<condition id="-1">
<or_exp><and_exp><literal name="icmp_ln84" val="0"/>
</and_exp></or_exp>
</condition>

<Node id="144" bw="8" op_0_bw="2">
<![CDATA[
VITIS_LOOP_85_2.i66.split:9 %state_3_load_4 = load i2 %state_3_addr_1

]]></Node>
<StgValue><ssdm name="state_3_load_4"/></StgValue>
</operation>

<operation id="173" st_id="21" stage="2" lat="2">
<core></core>
<MemPortIdVec></MemPortIdVec>
<condition id="-1">
<or_exp><and_exp><literal name="icmp_ln84" val="1"/>
</and_exp></or_exp>
</condition>

<Node id="183" bw="0" op_0_bw="0" op_1_bw="8" op_2_bw="8" op_3_bw="8" op_4_bw="8" op_5_bw="32" op_6_bw="0" op_7_bw="0" op_8_bw="0">
<![CDATA[
VITIS_LOOP_111_2.i81.preheader:0 %call_ln0 = call void @Cipher_Pipeline_VITIS_LOOP_110_14, i8 %state_3, i8 %state_2, i8 %state_1, i8 %state, i32 %w

]]></Node>
<StgValue><ssdm name="call_ln0"/></StgValue>
</operation>
</state>

<state id="22" st_id="22">

<operation id="174" st_id="22" stage="1" lat="1">
<core>NULL</core>
<MemPortIdVec></MemPortIdVec>
<condition id="-1">
<or_exp><and_exp></and_exp></or_exp>
</condition>

<Node id="135" bw="2" op_0_bw="3">
<![CDATA[
VITIS_LOOP_85_2.i66.split:0 %trunc_ln84 = trunc i3 %r_1

]]></Node>
<StgValue><ssdm name="trunc_ln84"/></StgValue>
</operation>

<operation id="175" st_id="22" stage="1" lat="2">
<core>RAM</core>
<MemPortIdVec></MemPortIdVec>
<condition id="-1">
<or_exp><and_exp></and_exp></or_exp>
</condition>

<Node id="138" bw="8" op_0_bw="2">
<![CDATA[
VITIS_LOOP_85_2.i66.split:3 %state_1_load_3 = load i2 %state_1_addr

]]></Node>
<StgValue><ssdm name="state_1_load_3"/></StgValue>
</operation>

<operation id="176" st_id="22" stage="1" lat="2">
<core>RAM</core>
<MemPortIdVec></MemPortIdVec>
<condition id="-1">
<or_exp><and_exp></and_exp></or_exp>
</condition>

<Node id="139" bw="8" op_0_bw="2">
<![CDATA[
VITIS_LOOP_85_2.i66.split:4 %state_2_load_3 = load i2 %state_2_addr

]]></Node>
<StgValue><ssdm name="state_2_load_3"/></StgValue>
</operation>

<operation id="177" st_id="22" stage="1" lat="2">
<core>RAM</core>
<MemPortIdVec></MemPortIdVec>
<condition id="-1">
<or_exp><and_exp></and_exp></or_exp>
</condition>

<Node id="140" bw="8" op_0_bw="2">
<![CDATA[
VITIS_LOOP_85_2.i66.split:5 %state_3_load_3 = load i2 %state_3_addr

]]></Node>
<StgValue><ssdm name="state_3_load_3"/></StgValue>
</operation>

<operation id="178" st_id="22" stage="1" lat="1">
<core>BinarySparseMux_DontCare</core>
<MemPortIdVec></MemPortIdVec>
<condition id="-1">
<or_exp><and_exp></and_exp></or_exp>
</condition>

<Node id="141" bw="8" op_0_bw="8" op_1_bw="2" op_2_bw="8" op_3_bw="2" op_4_bw="8" op_5_bw="2" op_6_bw="8" op_7_bw="8" op_8_bw="2">
<![CDATA[
VITIS_LOOP_85_2.i66.split:6 %tmp = sparsemux i8 @_ssdm_op_SparseMux.ap_auto.3i8.i8.i2, i2 1, i8 %state_1_load_3, i2 2, i8 %state_2_load_3, i2 3, i8 %state_3_load_3, i8 0, i2 %trunc_ln84

]]></Node>
<StgValue><ssdm name="tmp"/></StgValue>
</operation>

<operation id="179" st_id="22" stage="1" lat="2">
<core>RAM</core>
<MemPortIdVec></MemPortIdVec>
<condition id="-1">
<or_exp><and_exp></and_exp></or_exp>
</condition>

<Node id="142" bw="8" op_0_bw="2">
<![CDATA[
VITIS_LOOP_85_2.i66.split:7 %state_1_load_4 = load i2 %state_1_addr_1

]]></Node>
<StgValue><ssdm name="state_1_load_4"/></StgValue>
</operation>

<operation id="180" st_id="22" stage="1" lat="2">
<core>RAM</core>
<MemPortIdVec></MemPortIdVec>
<condition id="-1">
<or_exp><and_exp></and_exp></or_exp>
</condition>

<Node id="143" bw="8" op_0_bw="2">
<![CDATA[
VITIS_LOOP_85_2.i66.split:8 %state_2_load_4 = load i2 %state_2_addr_1

]]></Node>
<StgValue><ssdm name="state_2_load_4"/></StgValue>
</operation>

<operation id="181" st_id="22" stage="1" lat="2">
<core>RAM</core>
<MemPortIdVec></MemPortIdVec>
<condition id="-1">
<or_exp><and_exp></and_exp></or_exp>
</condition>

<Node id="144" bw="8" op_0_bw="2">
<![CDATA[
VITIS_LOOP_85_2.i66.split:9 %state_3_load_4 = load i2 %state_3_addr_1

]]></Node>
<StgValue><ssdm name="state_3_load_4"/></StgValue>
</operation>

<operation id="182" st_id="22" stage="1" lat="1">
<core>BinarySparseMux_DontCare</core>
<MemPortIdVec></MemPortIdVec>
<condition id="-1">
<or_exp><and_exp></and_exp></or_exp>
</condition>

<Node id="145" bw="8" op_0_bw="8" op_1_bw="2" op_2_bw="8" op_3_bw="2" op_4_bw="8" op_5_bw="2" op_6_bw="8" op_7_bw="8" op_8_bw="2">
<![CDATA[
VITIS_LOOP_85_2.i66.split:10 %tmp_1 = sparsemux i8 @_ssdm_op_SparseMux.ap_auto.3i8.i8.i2, i2 1, i8 %state_1_load_4, i2 2, i8 %state_2_load_4, i2 3, i8 %state_3_load_4, i8 0, i2 %trunc_ln84

]]></Node>
<StgValue><ssdm name="tmp_1"/></StgValue>
</operation>

<operation id="183" st_id="22" stage="2" lat="2">
<core>RAM</core>
<MemPortIdVec></MemPortIdVec>
<condition id="-1">
<or_exp><and_exp></and_exp></or_exp>
</condition>

<Node id="146" bw="8" op_0_bw="2">
<![CDATA[
VITIS_LOOP_85_2.i66.split:11 %state_1_load_5 = load i2 %state_1_addr_2

]]></Node>
<StgValue><ssdm name="state_1_load_5"/></StgValue>
</operation>

<operation id="184" st_id="22" stage="2" lat="2">
<core>RAM</core>
<MemPortIdVec></MemPortIdVec>
<condition id="-1">
<or_exp><and_exp></and_exp></or_exp>
</condition>

<Node id="147" bw="8" op_0_bw="2">
<![CDATA[
VITIS_LOOP_85_2.i66.split:12 %state_2_load_5 = load i2 %state_2_addr_2

]]></Node>
<StgValue><ssdm name="state_2_load_5"/></StgValue>
</operation>

<operation id="185" st_id="22" stage="2" lat="2">
<core>RAM</core>
<MemPortIdVec></MemPortIdVec>
<condition id="-1">
<or_exp><and_exp></and_exp></or_exp>
</condition>

<Node id="148" bw="8" op_0_bw="2">
<![CDATA[
VITIS_LOOP_85_2.i66.split:13 %state_3_load_5 = load i2 %state_3_addr_2

]]></Node>
<StgValue><ssdm name="state_3_load_5"/></StgValue>
</operation>

<operation id="186" st_id="22" stage="2" lat="2">
<core>RAM</core>
<MemPortIdVec></MemPortIdVec>
<condition id="-1">
<or_exp><and_exp></and_exp></or_exp>
</condition>

<Node id="150" bw="8" op_0_bw="2">
<![CDATA[
VITIS_LOOP_85_2.i66.split:15 %state_1_load_6 = load i2 %state_1_addr_3

]]></Node>
<StgValue><ssdm name="state_1_load_6"/></StgValue>
</operation>

<operation id="187" st_id="22" stage="2" lat="2">
<core>RAM</core>
<MemPortIdVec></MemPortIdVec>
<condition id="-1">
<or_exp><and_exp></and_exp></or_exp>
</condition>

<Node id="151" bw="8" op_0_bw="2">
<![CDATA[
VITIS_LOOP_85_2.i66.split:16 %state_2_load_6 = load i2 %state_2_addr_3

]]></Node>
<StgValue><ssdm name="state_2_load_6"/></StgValue>
</operation>

<operation id="188" st_id="22" stage="2" lat="2">
<core>RAM</core>
<MemPortIdVec></MemPortIdVec>
<condition id="-1">
<or_exp><and_exp></and_exp></or_exp>
</condition>

<Node id="152" bw="8" op_0_bw="2">
<![CDATA[
VITIS_LOOP_85_2.i66.split:17 %state_3_load_6 = load i2 %state_3_addr_3

]]></Node>
<StgValue><ssdm name="state_3_load_6"/></StgValue>
</operation>
</state>

<state id="23" st_id="23">

<operation id="189" st_id="23" stage="1" lat="2">
<core>RAM</core>
<MemPortIdVec></MemPortIdVec>
<condition id="-1">
<or_exp><and_exp></and_exp></or_exp>
</condition>

<Node id="146" bw="8" op_0_bw="2">
<![CDATA[
VITIS_LOOP_85_2.i66.split:11 %state_1_load_5 = load i2 %state_1_addr_2

]]></Node>
<StgValue><ssdm name="state_1_load_5"/></StgValue>
</operation>

<operation id="190" st_id="23" stage="1" lat="2">
<core>RAM</core>
<MemPortIdVec></MemPortIdVec>
<condition id="-1">
<or_exp><and_exp></and_exp></or_exp>
</condition>

<Node id="147" bw="8" op_0_bw="2">
<![CDATA[
VITIS_LOOP_85_2.i66.split:12 %state_2_load_5 = load i2 %state_2_addr_2

]]></Node>
<StgValue><ssdm name="state_2_load_5"/></StgValue>
</operation>

<operation id="191" st_id="23" stage="1" lat="2">
<core>RAM</core>
<MemPortIdVec></MemPortIdVec>
<condition id="-1">
<or_exp><and_exp></and_exp></or_exp>
</condition>

<Node id="148" bw="8" op_0_bw="2">
<![CDATA[
VITIS_LOOP_85_2.i66.split:13 %state_3_load_5 = load i2 %state_3_addr_2

]]></Node>
<StgValue><ssdm name="state_3_load_5"/></StgValue>
</operation>

<operation id="192" st_id="23" stage="1" lat="1">
<core>BinarySparseMux_DontCare</core>
<MemPortIdVec></MemPortIdVec>
<condition id="-1">
<or_exp><and_exp></and_exp></or_exp>
</condition>

<Node id="149" bw="8" op_0_bw="8" op_1_bw="2" op_2_bw="8" op_3_bw="2" op_4_bw="8" op_5_bw="2" op_6_bw="8" op_7_bw="8" op_8_bw="2">
<![CDATA[
VITIS_LOOP_85_2.i66.split:14 %tmp_2 = sparsemux i8 @_ssdm_op_SparseMux.ap_auto.3i8.i8.i2, i2 1, i8 %state_1_load_5, i2 2, i8 %state_2_load_5, i2 3, i8 %state_3_load_5, i8 0, i2 %trunc_ln84

]]></Node>
<StgValue><ssdm name="tmp_2"/></StgValue>
</operation>

<operation id="193" st_id="23" stage="1" lat="2">
<core>RAM</core>
<MemPortIdVec></MemPortIdVec>
<condition id="-1">
<or_exp><and_exp></and_exp></or_exp>
</condition>

<Node id="150" bw="8" op_0_bw="2">
<![CDATA[
VITIS_LOOP_85_2.i66.split:15 %state_1_load_6 = load i2 %state_1_addr_3

]]></Node>
<StgValue><ssdm name="state_1_load_6"/></StgValue>
</operation>

<operation id="194" st_id="23" stage="1" lat="2">
<core>RAM</core>
<MemPortIdVec></MemPortIdVec>
<condition id="-1">
<or_exp><and_exp></and_exp></or_exp>
</condition>

<Node id="151" bw="8" op_0_bw="2">
<![CDATA[
VITIS_LOOP_85_2.i66.split:16 %state_2_load_6 = load i2 %state_2_addr_3

]]></Node>
<StgValue><ssdm name="state_2_load_6"/></StgValue>
</operation>

<operation id="195" st_id="23" stage="1" lat="2">
<core>RAM</core>
<MemPortIdVec></MemPortIdVec>
<condition id="-1">
<or_exp><and_exp></and_exp></or_exp>
</condition>

<Node id="152" bw="8" op_0_bw="2">
<![CDATA[
VITIS_LOOP_85_2.i66.split:17 %state_3_load_6 = load i2 %state_3_addr_3

]]></Node>
<StgValue><ssdm name="state_3_load_6"/></StgValue>
</operation>

<operation id="196" st_id="23" stage="1" lat="1">
<core>BinarySparseMux_DontCare</core>
<MemPortIdVec></MemPortIdVec>
<condition id="-1">
<or_exp><and_exp></and_exp></or_exp>
</condition>

<Node id="153" bw="8" op_0_bw="8" op_1_bw="2" op_2_bw="8" op_3_bw="2" op_4_bw="8" op_5_bw="2" op_6_bw="8" op_7_bw="8" op_8_bw="2">
<![CDATA[
VITIS_LOOP_85_2.i66.split:18 %tmp_3 = sparsemux i8 @_ssdm_op_SparseMux.ap_auto.3i8.i8.i2, i2 1, i8 %state_1_load_6, i2 2, i8 %state_2_load_6, i2 3, i8 %state_3_load_6, i8 0, i2 %trunc_ln84

]]></Node>
<StgValue><ssdm name="tmp_3"/></StgValue>
</operation>

<operation id="197" st_id="23" stage="2" lat="2">
<core></core>
<MemPortIdVec></MemPortIdVec>
<condition id="-1">
<or_exp><and_exp></and_exp></or_exp>
</condition>

<Node id="154" bw="0" op_0_bw="0" op_1_bw="8" op_2_bw="8" op_3_bw="8" op_4_bw="8" op_5_bw="2" op_6_bw="8" op_7_bw="8" op_8_bw="8" op_9_bw="8">
<![CDATA[
VITIS_LOOP_85_2.i66.split:19 %call_ln89 = call void @Cipher_Pipeline_VITIS_LOOP_85_23, i8 %tmp_3, i8 %tmp_2, i8 %tmp_1, i8 %tmp, i2 %trunc_ln84, i8 %p_0_0_0915_i67_loc, i8 %p_0_0_01014_i68_loc, i8 %p_0_0_01113_i69_loc, i8 %p_0_0_012_i70_loc

]]></Node>
<StgValue><ssdm name="call_ln89"/></StgValue>
</operation>
</state>

<state id="24" st_id="24">

<operation id="198" st_id="24" stage="1" lat="2">
<core></core>
<MemPortIdVec></MemPortIdVec>
<condition id="-1">
<or_exp><and_exp></and_exp></or_exp>
</condition>

<Node id="154" bw="0" op_0_bw="0" op_1_bw="8" op_2_bw="8" op_3_bw="8" op_4_bw="8" op_5_bw="2" op_6_bw="8" op_7_bw="8" op_8_bw="8" op_9_bw="8">
<![CDATA[
VITIS_LOOP_85_2.i66.split:19 %call_ln89 = call void @Cipher_Pipeline_VITIS_LOOP_85_23, i8 %tmp_3, i8 %tmp_2, i8 %tmp_1, i8 %tmp, i2 %trunc_ln84, i8 %p_0_0_0915_i67_loc, i8 %p_0_0_01014_i68_loc, i8 %p_0_0_01113_i69_loc, i8 %p_0_0_012_i70_loc

]]></Node>
<StgValue><ssdm name="call_ln89"/></StgValue>
</operation>
</state>

<state id="25" st_id="25">

<operation id="199" st_id="25" stage="1" lat="1">
<core>NULL</core>
<MemPortIdVec></MemPortIdVec>
<condition id="-1">
<or_exp><and_exp></and_exp></or_exp>
</condition>

<Node id="136" bw="0" op_0_bw="0" op_1_bw="64" op_2_bw="64" op_3_bw="64">
<![CDATA[
VITIS_LOOP_85_2.i66.split:1 %speclooptripcount_ln84 = speclooptripcount void @_ssdm_op_SpecLoopTripCount, i64 3, i64 3, i64 3

]]></Node>
<StgValue><ssdm name="speclooptripcount_ln84"/></StgValue>
</operation>

<operation id="200" st_id="25" stage="1" lat="1">
<core>NULL</core>
<MemPortIdVec></MemPortIdVec>
<condition id="-1">
<or_exp><and_exp></and_exp></or_exp>
</condition>

<Node id="137" bw="0" op_0_bw="0" op_1_bw="0">
<![CDATA[
VITIS_LOOP_85_2.i66.split:2 %specloopname_ln84 = specloopname void @_ssdm_op_SpecLoopName, void @empty_10

]]></Node>
<StgValue><ssdm name="specloopname_ln84"/></StgValue>
</operation>

<operation id="201" st_id="25" stage="1" lat="1">
<core>NULL</core>
<MemPortIdVec></MemPortIdVec>
<condition id="-1">
<or_exp><and_exp></and_exp></or_exp>
</condition>

<Node id="155" bw="8" op_0_bw="8" op_1_bw="0">
<![CDATA[
VITIS_LOOP_85_2.i66.split:20 %p_0_0_0915_i67_loc_load = load i8 %p_0_0_0915_i67_loc

]]></Node>
<StgValue><ssdm name="p_0_0_0915_i67_loc_load"/></StgValue>
</operation>

<operation id="202" st_id="25" stage="1" lat="1">
<core>NULL</core>
<MemPortIdVec></MemPortIdVec>
<condition id="-1">
<or_exp><and_exp></and_exp></or_exp>
</condition>

<Node id="156" bw="8" op_0_bw="8" op_1_bw="0">
<![CDATA[
VITIS_LOOP_85_2.i66.split:21 %p_0_0_01014_i68_loc_load = load i8 %p_0_0_01014_i68_loc

]]></Node>
<StgValue><ssdm name="p_0_0_01014_i68_loc_load"/></StgValue>
</operation>

<operation id="203" st_id="25" stage="1" lat="1">
<core>NULL</core>
<MemPortIdVec></MemPortIdVec>
<condition id="-1">
<or_exp><and_exp></and_exp></or_exp>
</condition>

<Node id="157" bw="8" op_0_bw="8" op_1_bw="0">
<![CDATA[
VITIS_LOOP_85_2.i66.split:22 %p_0_0_01113_i69_loc_load = load i8 %p_0_0_01113_i69_loc

]]></Node>
<StgValue><ssdm name="p_0_0_01113_i69_loc_load"/></StgValue>
</operation>

<operation id="204" st_id="25" stage="1" lat="1">
<core>NULL</core>
<MemPortIdVec></MemPortIdVec>
<condition id="-1">
<or_exp><and_exp></and_exp></or_exp>
</condition>

<Node id="158" bw="8" op_0_bw="8" op_1_bw="0">
<![CDATA[
VITIS_LOOP_85_2.i66.split:23 %p_0_0_012_i70_loc_load = load i8 %p_0_0_012_i70_loc

]]></Node>
<StgValue><ssdm name="p_0_0_012_i70_loc_load"/></StgValue>
</operation>

<operation id="205" st_id="25" stage="1" lat="1">
<core>NULL</core>
<MemPortIdVec></MemPortIdVec>
<condition id="-1">
<or_exp><and_exp></and_exp></or_exp>
</condition>

<Node id="159" bw="0" op_0_bw="2" op_1_bw="0" op_2_bw="2" op_3_bw="0" op_4_bw="2" op_5_bw="0">
<![CDATA[
VITIS_LOOP_85_2.i66.split:24 %switch_ln90 = switch i2 %trunc_ln84, void %arrayidx206.i61108.case.3, i2 1, void %arrayidx206.i61108.case.1, i2 2, void %arrayidx206.i61108.case.2

]]></Node>
<StgValue><ssdm name="switch_ln90"/></StgValue>
</operation>

<operation id="206" st_id="25" stage="1" lat="1">
<core>RAM</core>
<MemPortIdVec></MemPortIdVec>
<condition id="-1">
<or_exp><and_exp><literal name="trunc_ln84" val="-2"/>
</and_exp></or_exp>
</condition>

<Node id="161" bw="0" op_0_bw="8" op_1_bw="2" op_2_bw="0">
<![CDATA[
arrayidx206.i61108.case.2:0 %store_ln90 = store i8 %p_0_0_012_i70_loc_load, i2 %state_2_addr

]]></Node>
<StgValue><ssdm name="store_ln90"/></StgValue>
</operation>

<operation id="207" st_id="25" stage="1" lat="1">
<core>RAM</core>
<MemPortIdVec></MemPortIdVec>
<condition id="-1">
<or_exp><and_exp><literal name="trunc_ln84" val="-2"/>
</and_exp></or_exp>
</condition>

<Node id="162" bw="0" op_0_bw="8" op_1_bw="2" op_2_bw="0">
<![CDATA[
arrayidx206.i61108.case.2:1 %store_ln87 = store i8 %p_0_0_01113_i69_loc_load, i2 %state_2_addr_1

]]></Node>
<StgValue><ssdm name="store_ln87"/></StgValue>
</operation>

<operation id="208" st_id="25" stage="1" lat="1">
<core>RAM</core>
<MemPortIdVec></MemPortIdVec>
<condition id="-1">
<or_exp><and_exp><literal name="trunc_ln84" val="1"/>
</and_exp></or_exp>
</condition>

<Node id="167" bw="0" op_0_bw="8" op_1_bw="2" op_2_bw="0">
<![CDATA[
arrayidx206.i61108.case.1:0 %store_ln90 = store i8 %p_0_0_012_i70_loc_load, i2 %state_1_addr

]]></Node>
<StgValue><ssdm name="store_ln90"/></StgValue>
</operation>

<operation id="209" st_id="25" stage="1" lat="1">
<core>RAM</core>
<MemPortIdVec></MemPortIdVec>
<condition id="-1">
<or_exp><and_exp><literal name="trunc_ln84" val="1"/>
</and_exp></or_exp>
</condition>

<Node id="168" bw="0" op_0_bw="8" op_1_bw="2" op_2_bw="0">
<![CDATA[
arrayidx206.i61108.case.1:1 %store_ln87 = store i8 %p_0_0_01113_i69_loc_load, i2 %state_1_addr_1

]]></Node>
<StgValue><ssdm name="store_ln87"/></StgValue>
</operation>

<operation id="210" st_id="25" stage="1" lat="1">
<core>RAM</core>
<MemPortIdVec></MemPortIdVec>
<condition id="-1">
<or_exp><and_exp><literal name="trunc_ln84" val="!1"/>
<literal name="trunc_ln84" val="!2"/>
</and_exp></or_exp>
</condition>

<Node id="173" bw="0" op_0_bw="8" op_1_bw="2" op_2_bw="0">
<![CDATA[
arrayidx206.i61108.case.3:0 %store_ln90 = store i8 %p_0_0_012_i70_loc_load, i2 %state_3_addr

]]></Node>
<StgValue><ssdm name="store_ln90"/></StgValue>
</operation>

<operation id="211" st_id="25" stage="1" lat="1">
<core>RAM</core>
<MemPortIdVec></MemPortIdVec>
<condition id="-1">
<or_exp><and_exp><literal name="trunc_ln84" val="!1"/>
<literal name="trunc_ln84" val="!2"/>
</and_exp></or_exp>
</condition>

<Node id="174" bw="0" op_0_bw="8" op_1_bw="2" op_2_bw="0">
<![CDATA[
arrayidx206.i61108.case.3:1 %store_ln87 = store i8 %p_0_0_01113_i69_loc_load, i2 %state_3_addr_1

]]></Node>
<StgValue><ssdm name="store_ln87"/></StgValue>
</operation>
</state>

<state id="26" st_id="26">

<operation id="212" st_id="26" stage="1" lat="1">
<core>RAM</core>
<MemPortIdVec></MemPortIdVec>
<condition id="-1">
<or_exp><and_exp><literal name="trunc_ln84" val="-2"/>
</and_exp></or_exp>
</condition>

<Node id="163" bw="0" op_0_bw="8" op_1_bw="2" op_2_bw="0">
<![CDATA[
arrayidx206.i61108.case.2:2 %store_ln88 = store i8 %p_0_0_01014_i68_loc_load, i2 %state_2_addr_2

]]></Node>
<StgValue><ssdm name="store_ln88"/></StgValue>
</operation>

<operation id="213" st_id="26" stage="1" lat="1">
<core>RAM</core>
<MemPortIdVec></MemPortIdVec>
<condition id="-1">
<or_exp><and_exp><literal name="trunc_ln84" val="-2"/>
</and_exp></or_exp>
</condition>

<Node id="164" bw="0" op_0_bw="8" op_1_bw="2" op_2_bw="0">
<![CDATA[
arrayidx206.i61108.case.2:3 %store_ln89 = store i8 %p_0_0_0915_i67_loc_load, i2 %state_2_addr_3

]]></Node>
<StgValue><ssdm name="store_ln89"/></StgValue>
</operation>

<operation id="214" st_id="26" stage="1" lat="1">
<core>NULL</core>
<MemPortIdVec></MemPortIdVec>
<condition id="-1">
<or_exp><and_exp><literal name="trunc_ln84" val="-2"/>
</and_exp></or_exp>
</condition>

<Node id="165" bw="0" op_0_bw="0">
<![CDATA[
arrayidx206.i61108.case.2:4 %br_ln89 = br void %arrayidx206.i61108.exit

]]></Node>
<StgValue><ssdm name="br_ln89"/></StgValue>
</operation>

<operation id="215" st_id="26" stage="1" lat="1">
<core>RAM</core>
<MemPortIdVec></MemPortIdVec>
<condition id="-1">
<or_exp><and_exp><literal name="trunc_ln84" val="1"/>
</and_exp></or_exp>
</condition>

<Node id="169" bw="0" op_0_bw="8" op_1_bw="2" op_2_bw="0">
<![CDATA[
arrayidx206.i61108.case.1:2 %store_ln88 = store i8 %p_0_0_01014_i68_loc_load, i2 %state_1_addr_2

]]></Node>
<StgValue><ssdm name="store_ln88"/></StgValue>
</operation>

<operation id="216" st_id="26" stage="1" lat="1">
<core>RAM</core>
<MemPortIdVec></MemPortIdVec>
<condition id="-1">
<or_exp><and_exp><literal name="trunc_ln84" val="1"/>
</and_exp></or_exp>
</condition>

<Node id="170" bw="0" op_0_bw="8" op_1_bw="2" op_2_bw="0">
<![CDATA[
arrayidx206.i61108.case.1:3 %store_ln89 = store i8 %p_0_0_0915_i67_loc_load, i2 %state_1_addr_3

]]></Node>
<StgValue><ssdm name="store_ln89"/></StgValue>
</operation>

<operation id="217" st_id="26" stage="1" lat="1">
<core>NULL</core>
<MemPortIdVec></MemPortIdVec>
<condition id="-1">
<or_exp><and_exp><literal name="trunc_ln84" val="1"/>
</and_exp></or_exp>
</condition>

<Node id="171" bw="0" op_0_bw="0">
<![CDATA[
arrayidx206.i61108.case.1:4 %br_ln89 = br void %arrayidx206.i61108.exit

]]></Node>
<StgValue><ssdm name="br_ln89"/></StgValue>
</operation>

<operation id="218" st_id="26" stage="1" lat="1">
<core>RAM</core>
<MemPortIdVec></MemPortIdVec>
<condition id="-1">
<or_exp><and_exp><literal name="trunc_ln84" val="!1"/>
<literal name="trunc_ln84" val="!2"/>
</and_exp></or_exp>
</condition>

<Node id="175" bw="0" op_0_bw="8" op_1_bw="2" op_2_bw="0">
<![CDATA[
arrayidx206.i61108.case.3:2 %store_ln88 = store i8 %p_0_0_01014_i68_loc_load, i2 %state_3_addr_2

]]></Node>
<StgValue><ssdm name="store_ln88"/></StgValue>
</operation>

<operation id="219" st_id="26" stage="1" lat="1">
<core>RAM</core>
<MemPortIdVec></MemPortIdVec>
<condition id="-1">
<or_exp><and_exp><literal name="trunc_ln84" val="!1"/>
<literal name="trunc_ln84" val="!2"/>
</and_exp></or_exp>
</condition>

<Node id="176" bw="0" op_0_bw="8" op_1_bw="2" op_2_bw="0">
<![CDATA[
arrayidx206.i61108.case.3:3 %store_ln89 = store i8 %p_0_0_0915_i67_loc_load, i2 %state_3_addr_3

]]></Node>
<StgValue><ssdm name="store_ln89"/></StgValue>
</operation>

<operation id="220" st_id="26" stage="1" lat="1">
<core>NULL</core>
<MemPortIdVec></MemPortIdVec>
<condition id="-1">
<or_exp><and_exp><literal name="trunc_ln84" val="!1"/>
<literal name="trunc_ln84" val="!2"/>
</and_exp></or_exp>
</condition>

<Node id="177" bw="0" op_0_bw="0">
<![CDATA[
arrayidx206.i61108.case.3:4 %br_ln89 = br void %arrayidx206.i61108.exit

]]></Node>
<StgValue><ssdm name="br_ln89"/></StgValue>
</operation>

<operation id="221" st_id="26" stage="1" lat="1">
<core>Adder</core>
<MemPortIdVec></MemPortIdVec>
<condition id="-1">
<or_exp><and_exp></and_exp></or_exp>
</condition>

<Node id="179" bw="3" op_0_bw="3" op_1_bw="3">
<![CDATA[
arrayidx206.i61108.exit:0 %add_ln84 = add i3 %r_1, i3 1

]]></Node>
<StgValue><ssdm name="add_ln84"/></StgValue>
</operation>

<operation id="222" st_id="26" stage="1" lat="1">
<core>NULL</core>
<MemPortIdVec></MemPortIdVec>
<condition id="-1">
<or_exp><and_exp></and_exp></or_exp>
</condition>

<Node id="180" bw="0" op_0_bw="3" op_1_bw="3" op_2_bw="0" op_3_bw="0">
<![CDATA[
arrayidx206.i61108.exit:1 %store_ln84 = store i3 %add_ln84, i3 %r

]]></Node>
<StgValue><ssdm name="store_ln84"/></StgValue>
</operation>

<operation id="223" st_id="26" stage="1" lat="1">
<core>NULL</core>
<MemPortIdVec></MemPortIdVec>
<condition id="-1">
<or_exp><and_exp></and_exp></or_exp>
</condition>

<Node id="181" bw="0" op_0_bw="0">
<![CDATA[
arrayidx206.i61108.exit:2 %br_ln84 = br void %VITIS_LOOP_85_2.i66

]]></Node>
<StgValue><ssdm name="br_ln84"/></StgValue>
</operation>
</state>

<state id="27" st_id="27">

<operation id="224" st_id="27" stage="1" lat="2">
<core></core>
<MemPortIdVec></MemPortIdVec>
<condition id="-1">
<or_exp><and_exp></and_exp></or_exp>
</condition>

<Node id="183" bw="0" op_0_bw="0" op_1_bw="8" op_2_bw="8" op_3_bw="8" op_4_bw="8" op_5_bw="32" op_6_bw="0" op_7_bw="0" op_8_bw="0">
<![CDATA[
VITIS_LOOP_111_2.i81.preheader:0 %call_ln0 = call void @Cipher_Pipeline_VITIS_LOOP_110_14, i8 %state_3, i8 %state_2, i8 %state_1, i8 %state, i32 %w

]]></Node>
<StgValue><ssdm name="call_ln0"/></StgValue>
</operation>
</state>

<state id="28" st_id="28">

<operation id="225" st_id="28" stage="2" lat="2">
<core></core>
<MemPortIdVec></MemPortIdVec>
<condition id="-1">
<or_exp><and_exp></and_exp></or_exp>
</condition>

<Node id="184" bw="0" op_0_bw="0" op_1_bw="8" op_2_bw="8" op_3_bw="8" op_4_bw="8" op_5_bw="8" op_6_bw="0" op_7_bw="0" op_8_bw="0" op_9_bw="0" op_10_bw="0">
<![CDATA[
VITIS_LOOP_111_2.i81.preheader:1 %call_ln0 = call void @Cipher_Pipeline_VITIS_LOOP_165_3, i8 %state, i8 %state_1, i8 %state_2, i8 %state_3, i8 %out_r

]]></Node>
<StgValue><ssdm name="call_ln0"/></StgValue>
</operation>
</state>

<state id="29" st_id="29">

<operation id="226" st_id="29" stage="1" lat="2">
<core></core>
<MemPortIdVec></MemPortIdVec>
<condition id="-1">
<or_exp><and_exp></and_exp></or_exp>
</condition>

<Node id="184" bw="0" op_0_bw="0" op_1_bw="8" op_2_bw="8" op_3_bw="8" op_4_bw="8" op_5_bw="8" op_6_bw="0" op_7_bw="0" op_8_bw="0" op_9_bw="0" op_10_bw="0">
<![CDATA[
VITIS_LOOP_111_2.i81.preheader:1 %call_ln0 = call void @Cipher_Pipeline_VITIS_LOOP_165_3, i8 %state, i8 %state_1, i8 %state_2, i8 %state_3, i8 %out_r

]]></Node>
<StgValue><ssdm name="call_ln0"/></StgValue>
</operation>

<operation id="227" st_id="29" stage="1" lat="1">
<core>NULL</core>
<MemPortIdVec></MemPortIdVec>
<condition id="-1">
<or_exp><and_exp></and_exp></or_exp>
</condition>

<Node id="185" bw="0">
<![CDATA[
VITIS_LOOP_111_2.i81.preheader:2 %ret_ln167 = ret

]]></Node>
<StgValue><ssdm name="ret_ln167"/></StgValue>
</operation>
</state>
</state_list>


<ports>
</ports>


<dataflows>
</dataflows>


</stg>
