<stg><name>Cipher_Pipeline_VITIS_LOOP_149_1</name>


<trans_list>

<trans id="48" from="1" to="2">
<condition id="-1">
<or_exp><and_exp></and_exp></or_exp>
</condition>
</trans>
</trans_list>



<state_list>

<state id="1" st_id="2">

<operation id="5" st_id="1" stage="1" lat="1">
<core>NULL</core>
<MemPortIdVec></MemPortIdVec>
<condition id="-1">
<or_exp><and_exp></and_exp></or_exp>
</condition>

<Node id="6" bw="5" op_0_bw="32">
<![CDATA[
newFuncRoot:0 %i = alloca i32 1

]]></Node>
<StgValue><ssdm name="i"/></StgValue>
</operation>

<operation id="6" st_id="1" stage="1" lat="1">
<core>NULL</core>
<MemPortIdVec></MemPortIdVec>
<condition id="-1">
<or_exp><and_exp></and_exp></or_exp>
</condition>

<Node id="7" bw="0" op_0_bw="0" op_1_bw="8" op_2_bw="64" op_3_bw="64" op_4_bw="64">
<![CDATA[
newFuncRoot:1 %specmemcore_ln0 = specmemcore void @_ssdm_op_SpecMemCore, i8 %in_r, i64 666, i64 207, i64 1

]]></Node>
<StgValue><ssdm name="specmemcore_ln0"/></StgValue>
</operation>

<operation id="7" st_id="1" stage="1" lat="1">
<core>NULL</core>
<MemPortIdVec></MemPortIdVec>
<condition id="-1">
<or_exp><and_exp></and_exp></or_exp>
</condition>

<Node id="8" bw="0" op_0_bw="0" op_1_bw="8" op_2_bw="0" op_3_bw="32" op_4_bw="32" op_5_bw="0" op_6_bw="32" op_7_bw="32" op_8_bw="0" op_9_bw="0" op_10_bw="0" op_11_bw="32" op_12_bw="32" op_13_bw="32" op_14_bw="32" op_15_bw="0" op_16_bw="0" op_17_bw="32" op_18_bw="32" op_19_bw="32">
<![CDATA[
newFuncRoot:2 %specinterface_ln0 = specinterface void @_ssdm_op_SpecInterface, i8 %in_r, void @empty_3, i32 0, i32 0, void @empty_0, i32 1, i32 0, void @empty_0, void @empty_0, void @empty_0, i32 0, i32 0, i32 0, i32 0, void @empty_0, void @empty_0, i32 4294967295, i32 0, i32 0

]]></Node>
<StgValue><ssdm name="specinterface_ln0"/></StgValue>
</operation>

<operation id="8" st_id="1" stage="1" lat="1">
<core>NULL</core>
<MemPortIdVec></MemPortIdVec>
<condition id="-1">
<or_exp><and_exp></and_exp></or_exp>
</condition>

<Node id="9" bw="0" op_0_bw="5" op_1_bw="5">
<![CDATA[
newFuncRoot:3 %store_ln149 = store i5 0, i5 %i

]]></Node>
<StgValue><ssdm name="store_ln149"/></StgValue>
</operation>

<operation id="9" st_id="1" stage="1" lat="1">
<core>NULL</core>
<MemPortIdVec></MemPortIdVec>
<condition id="-1">
<or_exp><and_exp></and_exp></or_exp>
</condition>

<Node id="10" bw="0" op_0_bw="0">
<![CDATA[
newFuncRoot:4 %br_ln0 = br void %for.inc

]]></Node>
<StgValue><ssdm name="br_ln0"/></StgValue>
</operation>

<operation id="10" st_id="1" stage="1" lat="1">
<core>NULL</core>
<MemPortIdVec></MemPortIdVec>
<condition id="-1">
<or_exp><and_exp></and_exp></or_exp>
</condition>

<Node id="12" bw="5" op_0_bw="5" op_1_bw="0">
<![CDATA[
for.inc:0 %i_2 = load i5 %i

]]></Node>
<StgValue><ssdm name="i_2"/></StgValue>
</operation>

<operation id="11" st_id="1" stage="1" lat="1">
<core>Cmp</core>
<MemPortIdVec></MemPortIdVec>
<condition id="-1">
<or_exp><and_exp></and_exp></or_exp>
</condition>

<Node id="13" bw="1" op_0_bw="5" op_1_bw="5">
<![CDATA[
for.inc:1 %icmp_ln149 = icmp_eq  i5 %i_2, i5 16

]]></Node>
<StgValue><ssdm name="icmp_ln149"/></StgValue>
</operation>

<operation id="12" st_id="1" stage="1" lat="1">
<core>Adder</core>
<MemPortIdVec></MemPortIdVec>
<condition id="-1">
<or_exp><and_exp></and_exp></or_exp>
</condition>

<Node id="14" bw="5" op_0_bw="5" op_1_bw="5">
<![CDATA[
for.inc:2 %add_ln149 = add i5 %i_2, i5 1

]]></Node>
<StgValue><ssdm name="add_ln149"/></StgValue>
</operation>

<operation id="13" st_id="1" stage="1" lat="1">
<core>NULL</core>
<MemPortIdVec></MemPortIdVec>
<condition id="-1">
<or_exp><and_exp></and_exp></or_exp>
</condition>

<Node id="15" bw="0" op_0_bw="1" op_1_bw="0" op_2_bw="0">
<![CDATA[
for.inc:3 %br_ln149 = br i1 %icmp_ln149, void %for.inc.split, void %VITIS_LOOP_111_2.i.preheader.exitStub

]]></Node>
<StgValue><ssdm name="br_ln149"/></StgValue>
</operation>

<operation id="14" st_id="1" stage="1" lat="1">
<core>NULL</core>
<MemPortIdVec></MemPortIdVec>
<condition id="-1">
<or_exp><and_exp><literal name="icmp_ln149" val="0"/>
</and_exp></or_exp>
</condition>

<Node id="17" bw="64" op_0_bw="5">
<![CDATA[
for.inc.split:0 %zext_ln149 = zext i5 %i_2

]]></Node>
<StgValue><ssdm name="zext_ln149"/></StgValue>
</operation>

<operation id="15" st_id="1" stage="1" lat="1">
<core>NULL</core>
<MemPortIdVec></MemPortIdVec>
<condition id="-1">
<or_exp><and_exp><literal name="icmp_ln149" val="0"/>
</and_exp></or_exp>
</condition>

<Node id="21" bw="2" op_0_bw="5">
<![CDATA[
for.inc.split:4 %trunc_ln150 = trunc i5 %i_2

]]></Node>
<StgValue><ssdm name="trunc_ln150"/></StgValue>
</operation>

<operation id="16" st_id="1" stage="1" lat="1">
<core>NULL</core>
<MemPortIdVec></MemPortIdVec>
<condition id="-1">
<or_exp><and_exp><literal name="icmp_ln149" val="0"/>
</and_exp></or_exp>
</condition>

<Node id="22" bw="2" op_0_bw="2" op_1_bw="5" op_2_bw="32" op_3_bw="32">
<![CDATA[
for.inc.split:5 %lshr_ln = partselect i2 @_ssdm_op_PartSelect.i2.i5.i32.i32, i5 %i_2, i32 2, i32 3

]]></Node>
<StgValue><ssdm name="lshr_ln"/></StgValue>
</operation>

<operation id="17" st_id="1" stage="1" lat="1">
<core>NULL</core>
<MemPortIdVec></MemPortIdVec>
<condition id="-1">
<or_exp><and_exp><literal name="icmp_ln149" val="0"/>
</and_exp></or_exp>
</condition>

<Node id="25" bw="4" op_0_bw="8" op_1_bw="64" op_2_bw="64">
<![CDATA[
for.inc.split:8 %in_r_addr = getelementptr i8 %in_r, i64 0, i64 %zext_ln149

]]></Node>
<StgValue><ssdm name="in_r_addr"/></StgValue>
</operation>

<operation id="18" st_id="1" stage="2" lat="2">
<core>RAM_1P</core>
<MemPortIdVec></MemPortIdVec>
<condition id="-1">
<or_exp><and_exp><literal name="icmp_ln149" val="0"/>
</and_exp></or_exp>
</condition>

<Node id="26" bw="8" op_0_bw="4">
<![CDATA[
for.inc.split:9 %in_r_load = load i4 %in_r_addr

]]></Node>
<StgValue><ssdm name="in_r_load"/></StgValue>
</operation>

<operation id="19" st_id="1" stage="1" lat="1">
<core>NULL</core>
<MemPortIdVec></MemPortIdVec>
<condition id="-1">
<or_exp><and_exp><literal name="icmp_ln149" val="0"/>
</and_exp></or_exp>
</condition>

<Node id="27" bw="0" op_0_bw="2" op_1_bw="0" op_2_bw="2" op_3_bw="0" op_4_bw="2" op_5_bw="0" op_6_bw="2" op_7_bw="0">
<![CDATA[
for.inc.split:10 %switch_ln150 = switch i2 %trunc_ln150, void %arrayidx42.case.3, i2 0, void %arrayidx42.case.0, i2 1, void %arrayidx42.case.1, i2 2, void %arrayidx42.case.2

]]></Node>
<StgValue><ssdm name="switch_ln150"/></StgValue>
</operation>

<operation id="20" st_id="1" stage="1" lat="1">
<core>NULL</core>
<MemPortIdVec></MemPortIdVec>
<condition id="-1">
<or_exp><and_exp><literal name="icmp_ln149" val="0"/>
</and_exp></or_exp>
</condition>

<Node id="44" bw="0" op_0_bw="5" op_1_bw="5" op_2_bw="0" op_3_bw="0">
<![CDATA[
arrayidx42.exit:0 %store_ln149 = store i5 %add_ln149, i5 %i

]]></Node>
<StgValue><ssdm name="store_ln149"/></StgValue>
</operation>

<operation id="21" st_id="1" stage="1" lat="1">
<core>NULL</core>
<MemPortIdVec></MemPortIdVec>
<condition id="-1">
<or_exp><and_exp><literal name="icmp_ln149" val="0"/>
</and_exp></or_exp>
</condition>

<Node id="45" bw="0" op_0_bw="0">
<![CDATA[
arrayidx42.exit:1 %br_ln149 = br void %for.inc

]]></Node>
<StgValue><ssdm name="br_ln149"/></StgValue>
</operation>

<operation id="39" st_id="1" stage="1" lat="1">
<core>NULL</core>
<MemPortIdVec></MemPortIdVec>
<condition id="-1">
<or_exp><and_exp><literal name="icmp_ln149" val="1"/>
</and_exp></or_exp>
</condition>

<Node id="47" bw="0">
<![CDATA[
VITIS_LOOP_111_2.i.preheader.exitStub:0 %ret_ln0 = ret

]]></Node>
<StgValue><ssdm name="ret_ln0"/></StgValue>
</operation>
</state>

<state id="2" st_id="3">

<operation id="22" st_id="2" stage="1" lat="1">
<core>NULL</core>
<MemPortIdVec></MemPortIdVec>
<condition id="-1">
<or_exp><and_exp></and_exp></or_exp>
</condition>

<Node id="18" bw="0" op_0_bw="0" op_1_bw="32" op_2_bw="32" op_3_bw="32" op_4_bw="32" op_5_bw="0">
<![CDATA[
for.inc.split:1 %specpipeline_ln149 = specpipeline void @_ssdm_op_SpecPipeline, i32 4294967295, i32 0, i32 0, i32 0, void @empty_0

]]></Node>
<StgValue><ssdm name="specpipeline_ln149"/></StgValue>
</operation>

<operation id="23" st_id="2" stage="1" lat="1">
<core>NULL</core>
<MemPortIdVec></MemPortIdVec>
<condition id="-1">
<or_exp><and_exp></and_exp></or_exp>
</condition>

<Node id="19" bw="0" op_0_bw="0" op_1_bw="64" op_2_bw="64" op_3_bw="64">
<![CDATA[
for.inc.split:2 %speclooptripcount_ln149 = speclooptripcount void @_ssdm_op_SpecLoopTripCount, i64 16, i64 16, i64 16

]]></Node>
<StgValue><ssdm name="speclooptripcount_ln149"/></StgValue>
</operation>

<operation id="24" st_id="2" stage="1" lat="1">
<core>NULL</core>
<MemPortIdVec></MemPortIdVec>
<condition id="-1">
<or_exp><and_exp></and_exp></or_exp>
</condition>

<Node id="20" bw="0" op_0_bw="0" op_1_bw="0">
<![CDATA[
for.inc.split:3 %specloopname_ln149 = specloopname void @_ssdm_op_SpecLoopName, void @empty_13

]]></Node>
<StgValue><ssdm name="specloopname_ln149"/></StgValue>
</operation>

<operation id="25" st_id="2" stage="1" lat="1">
<core>NULL</core>
<MemPortIdVec></MemPortIdVec>
<condition id="-1">
<or_exp><and_exp></and_exp></or_exp>
</condition>

<Node id="23" bw="64" op_0_bw="2">
<![CDATA[
for.inc.split:6 %zext_ln150 = zext i2 %lshr_ln

]]></Node>
<StgValue><ssdm name="zext_ln150"/></StgValue>
</operation>

<operation id="26" st_id="2" stage="1" lat="1">
<core>NULL</core>
<MemPortIdVec></MemPortIdVec>
<condition id="-1">
<or_exp><and_exp></and_exp></or_exp>
</condition>

<Node id="24" bw="2" op_0_bw="8" op_1_bw="64" op_2_bw="64">
<![CDATA[
for.inc.split:7 %state_addr = getelementptr i8 %state, i64 0, i64 %zext_ln150

]]></Node>
<StgValue><ssdm name="state_addr"/></StgValue>
</operation>

<operation id="27" st_id="2" stage="1" lat="2">
<core>RAM_1P</core>
<MemPortIdVec></MemPortIdVec>
<condition id="-1">
<or_exp><and_exp></and_exp></or_exp>
</condition>

<Node id="26" bw="8" op_0_bw="4">
<![CDATA[
for.inc.split:9 %in_r_load = load i4 %in_r_addr

]]></Node>
<StgValue><ssdm name="in_r_load"/></StgValue>
</operation>

<operation id="28" st_id="2" stage="1" lat="1">
<core>NULL</core>
<MemPortIdVec></MemPortIdVec>
<condition id="-1">
<or_exp><and_exp><literal name="trunc_ln150" val="-2"/>
</and_exp></or_exp>
</condition>

<Node id="29" bw="2" op_0_bw="8" op_1_bw="64" op_2_bw="64">
<![CDATA[
arrayidx42.case.2:0 %state_2_addr = getelementptr i8 %state_2, i64 0, i64 %zext_ln150

]]></Node>
<StgValue><ssdm name="state_2_addr"/></StgValue>
</operation>

<operation id="29" st_id="2" stage="1" lat="1">
<core>RAM</core>
<MemPortIdVec></MemPortIdVec>
<condition id="-1">
<or_exp><and_exp><literal name="trunc_ln150" val="-2"/>
</and_exp></or_exp>
</condition>

<Node id="30" bw="0" op_0_bw="8" op_1_bw="2">
<![CDATA[
arrayidx42.case.2:1 %store_ln150 = store i8 %in_r_load, i2 %state_2_addr

]]></Node>
<StgValue><ssdm name="store_ln150"/></StgValue>
</operation>

<operation id="30" st_id="2" stage="1" lat="1">
<core>NULL</core>
<MemPortIdVec></MemPortIdVec>
<condition id="-1">
<or_exp><and_exp><literal name="trunc_ln150" val="-2"/>
</and_exp></or_exp>
</condition>

<Node id="31" bw="0" op_0_bw="0">
<![CDATA[
arrayidx42.case.2:2 %br_ln150 = br void %arrayidx42.exit

]]></Node>
<StgValue><ssdm name="br_ln150"/></StgValue>
</operation>

<operation id="31" st_id="2" stage="1" lat="1">
<core>NULL</core>
<MemPortIdVec></MemPortIdVec>
<condition id="-1">
<or_exp><and_exp><literal name="trunc_ln150" val="1"/>
</and_exp></or_exp>
</condition>

<Node id="33" bw="2" op_0_bw="8" op_1_bw="64" op_2_bw="64">
<![CDATA[
arrayidx42.case.1:0 %state_1_addr = getelementptr i8 %state_1, i64 0, i64 %zext_ln150

]]></Node>
<StgValue><ssdm name="state_1_addr"/></StgValue>
</operation>

<operation id="32" st_id="2" stage="1" lat="1">
<core>RAM</core>
<MemPortIdVec></MemPortIdVec>
<condition id="-1">
<or_exp><and_exp><literal name="trunc_ln150" val="1"/>
</and_exp></or_exp>
</condition>

<Node id="34" bw="0" op_0_bw="8" op_1_bw="2">
<![CDATA[
arrayidx42.case.1:1 %store_ln150 = store i8 %in_r_load, i2 %state_1_addr

]]></Node>
<StgValue><ssdm name="store_ln150"/></StgValue>
</operation>

<operation id="33" st_id="2" stage="1" lat="1">
<core>NULL</core>
<MemPortIdVec></MemPortIdVec>
<condition id="-1">
<or_exp><and_exp><literal name="trunc_ln150" val="1"/>
</and_exp></or_exp>
</condition>

<Node id="35" bw="0" op_0_bw="0">
<![CDATA[
arrayidx42.case.1:2 %br_ln150 = br void %arrayidx42.exit

]]></Node>
<StgValue><ssdm name="br_ln150"/></StgValue>
</operation>

<operation id="34" st_id="2" stage="1" lat="1">
<core>RAM</core>
<MemPortIdVec></MemPortIdVec>
<condition id="-1">
<or_exp><and_exp><literal name="trunc_ln150" val="0"/>
</and_exp></or_exp>
</condition>

<Node id="37" bw="0" op_0_bw="8" op_1_bw="2">
<![CDATA[
arrayidx42.case.0:0 %store_ln150 = store i8 %in_r_load, i2 %state_addr

]]></Node>
<StgValue><ssdm name="store_ln150"/></StgValue>
</operation>

<operation id="35" st_id="2" stage="1" lat="1">
<core>NULL</core>
<MemPortIdVec></MemPortIdVec>
<condition id="-1">
<or_exp><and_exp><literal name="trunc_ln150" val="0"/>
</and_exp></or_exp>
</condition>

<Node id="38" bw="0" op_0_bw="0">
<![CDATA[
arrayidx42.case.0:1 %br_ln150 = br void %arrayidx42.exit

]]></Node>
<StgValue><ssdm name="br_ln150"/></StgValue>
</operation>

<operation id="36" st_id="2" stage="1" lat="1">
<core>NULL</core>
<MemPortIdVec></MemPortIdVec>
<condition id="-1">
<or_exp><and_exp><literal name="trunc_ln150" val="-1"/>
</and_exp></or_exp>
</condition>

<Node id="40" bw="2" op_0_bw="8" op_1_bw="64" op_2_bw="64">
<![CDATA[
arrayidx42.case.3:0 %state_3_addr = getelementptr i8 %state_3, i64 0, i64 %zext_ln150

]]></Node>
<StgValue><ssdm name="state_3_addr"/></StgValue>
</operation>

<operation id="37" st_id="2" stage="1" lat="1">
<core>RAM</core>
<MemPortIdVec></MemPortIdVec>
<condition id="-1">
<or_exp><and_exp><literal name="trunc_ln150" val="-1"/>
</and_exp></or_exp>
</condition>

<Node id="41" bw="0" op_0_bw="8" op_1_bw="2">
<![CDATA[
arrayidx42.case.3:1 %store_ln150 = store i8 %in_r_load, i2 %state_3_addr

]]></Node>
<StgValue><ssdm name="store_ln150"/></StgValue>
</operation>

<operation id="38" st_id="2" stage="1" lat="1">
<core>NULL</core>
<MemPortIdVec></MemPortIdVec>
<condition id="-1">
<or_exp><and_exp><literal name="trunc_ln150" val="-1"/>
</and_exp></or_exp>
</condition>

<Node id="42" bw="0" op_0_bw="0">
<![CDATA[
arrayidx42.case.3:2 %br_ln150 = br void %arrayidx42.exit

]]></Node>
<StgValue><ssdm name="br_ln150"/></StgValue>
</operation>
</state>
</state_list>


<ports>
</ports>


<dataflows>
</dataflows>


</stg>
