<profile>

<section name = "Vitis HLS Report for 'Cipher_Pipeline_VITIS_LOOP_85_23'" level="0">
<item name = "Date">Mon Jul 21 15:22:50 2025
</item>
<item name = "Version">2025.1 (Build 6135595 on May 21 2025)</item>
<item name = "Project">aes_core</item>
<item name = "Solution">hls (Vivado IP Flow Target)</item>
<item name = "Product family">zynquplus</item>
<item name = "Target device">xck26-sfvc784-2LV-c</item>
</section>

<section name = "Performance Estimates" level="0">
<item name = "Timing">
<section name = "" level="1">
<item name = "Summary"><table name="" hasTotal="0">
<keys size="4">Clock, Target, Estimated, Uncertainty</keys>
<column name="ap_clk">10.00 ns, 0.975 ns, 2.70 ns</column>
</table>
</item>
</section>
</item>
<item name = "Latency">
<section name = "" level="1">
<item name = "Summary"><table name="" hasTotal="0">
<keys size="8">, min, max, min, max, min, max, Type</keys>
<column name="">3, 5, 30.000 ns, 50.000 ns, 2, 4, loop auto-rewind stp (delay=0 clock cycles(s))</column>
</table>
</item>
<item name = "Detail">
<section name = "" level="1">
<item name = "Instance"><table name="" hasTotal="0">
<keys size="9">Instance, Module, min, max, min, max, min, max, Type</keys>
</table>
</item>
<item name = "Loop"><table name="" hasTotal="0">
<keys size="8">Loop Name, min, max, Latency, achieved, target, Count, Pipelined</keys>
<column name="- VITIS_LOOP_85_2">1, 3, 1, 1, 1, 1 ~ 3, yes</column>
</table>
</item>
</section>
</item>
</section>
</item>
</section>

<section name = "Utilization Estimates" level="0">
<item name = "Summary"><table name="" hasTotal="1">
<keys size="6">Name, BRAM_18K, DSP, FF, LUT, URAM</keys>
<column name="DSP">-, -, -, -, -</column>
<column name="Expression">-, -, 0, 20, -</column>
<column name="FIFO">-, -, -, -, -</column>
<column name="Instance">-, -, -, -, -</column>
<column name="Memory">-, -, -, -, -</column>
<column name="Multiplexer">-, -, 0, 63, -</column>
<column name="Register">-, -, 37, -, -</column>
<specialColumn name="Available">288, 1248, 234240, 117120, 64</specialColumn>
<specialColumn name="Utilization (%)">0, 0, ~0, ~0, 0</specialColumn>
</table>
</item>
<item name = "Detail">
<section name = "" level="1">
<item name = "Instance"><table name="" hasTotal="1">
<keys size="7">Instance, Module, BRAM_18K, DSP, FF, LUT, URAM</keys>
</table>
</item>
<item name = "DSP"><table name="" hasTotal="0">
<keys size="3">Instance, Module, Expression</keys>
</table>
</item>
<item name = "Memory"><table name="" hasTotal="1">
<keys size="10">Memory, Module, BRAM_18K, FF, LUT, URAM, Words, Bits, Banks, W*Bits*Banks</keys>
</table>
</item>
<item name = "FIFO"><table name="" hasTotal="1">
<keys size="8">Name, BRAM_18K, FF, LUT, URAM, Depth, Bits, Size:D*B</keys>
</table>
</item>
<item name = "Expression"><table name="" hasTotal="1">
<keys size="7">Variable Name, Operation, DSP, FF, LUT, Bitwidth P0, Bitwidth P1</keys>
<column name="add_ln85_fu_173_p2">+, 0, 0, 9, 2, 1</column>
<column name="icmp_ln85_fu_168_p2">icmp, 0, 0, 9, 2, 2</column>
<column name="ap_enable_pp0">xor, 0, 0, 2, 1, 2</column>
</table>
</item>
<item name = "Multiplexer"><table name="" hasTotal="1">
<keys size="5">Name, LUT, Input Size, Bits, Total Bits</keys>
<column name="ap_done_int">9, 2, 1, 2</column>
<column name="ap_enable_reg_pp0_iter1">9, 2, 1, 2</column>
<column name="p_0_0_01014_i68_fu_62">9, 2, 8, 16</column>
<column name="p_0_0_01113_i69_fu_58">9, 2, 8, 16</column>
<column name="p_0_0_012_i70_fu_50">9, 2, 8, 16</column>
<column name="p_0_0_0915_i67_fu_66">9, 2, 8, 16</column>
<column name="shift_fu_54">9, 2, 2, 4</column>
</table>
</item>
<item name = "Register"><table name="" hasTotal="1">
<keys size="5">Name, FF, LUT, Bits, Const Bits</keys>
<column name="ap_CS_fsm">1, 0, 1, 0</column>
<column name="ap_done_reg">1, 0, 1, 0</column>
<column name="ap_enable_reg_pp0_iter1">1, 0, 1, 0</column>
<column name="p_0_0_01014_i68_fu_62">8, 0, 8, 0</column>
<column name="p_0_0_01113_i69_fu_58">8, 0, 8, 0</column>
<column name="p_0_0_012_i70_fu_50">8, 0, 8, 0</column>
<column name="p_0_0_0915_i67_fu_66">8, 0, 8, 0</column>
<column name="shift_fu_54">2, 0, 2, 0</column>
</table>
</item>
</section>
</item>
</section>

<section name = "Interface" level="0">
<item name = "Summary"><table name="" hasTotal="0">
<keys size="6">RTL Ports, Dir, Bits, Protocol, Source Object, C Type</keys>
<column name="ap_clk">in, 1, ap_ctrl_hs, Cipher_Pipeline_VITIS_LOOP_85_23, return value</column>
<column name="ap_rst">in, 1, ap_ctrl_hs, Cipher_Pipeline_VITIS_LOOP_85_23, return value</column>
<column name="ap_start">in, 1, ap_ctrl_hs, Cipher_Pipeline_VITIS_LOOP_85_23, return value</column>
<column name="ap_done">out, 1, ap_ctrl_hs, Cipher_Pipeline_VITIS_LOOP_85_23, return value</column>
<column name="ap_idle">out, 1, ap_ctrl_hs, Cipher_Pipeline_VITIS_LOOP_85_23, return value</column>
<column name="ap_ready">out, 1, ap_ctrl_hs, Cipher_Pipeline_VITIS_LOOP_85_23, return value</column>
<column name="tmp_3">in, 8, ap_none, tmp_3, scalar</column>
<column name="tmp_2">in, 8, ap_none, tmp_2, scalar</column>
<column name="tmp_1">in, 8, ap_none, tmp_1, scalar</column>
<column name="tmp">in, 8, ap_none, tmp, scalar</column>
<column name="r_2">in, 2, ap_none, r_2, scalar</column>
<column name="p_0_0_0915_i67_out">out, 8, ap_vld, p_0_0_0915_i67_out, pointer</column>
<column name="p_0_0_0915_i67_out_ap_vld">out, 1, ap_vld, p_0_0_0915_i67_out, pointer</column>
<column name="p_0_0_01014_i68_out">out, 8, ap_vld, p_0_0_01014_i68_out, pointer</column>
<column name="p_0_0_01014_i68_out_ap_vld">out, 1, ap_vld, p_0_0_01014_i68_out, pointer</column>
<column name="p_0_0_01113_i69_out">out, 8, ap_vld, p_0_0_01113_i69_out, pointer</column>
<column name="p_0_0_01113_i69_out_ap_vld">out, 1, ap_vld, p_0_0_01113_i69_out, pointer</column>
<column name="p_0_0_012_i70_out">out, 8, ap_vld, p_0_0_012_i70_out, pointer</column>
<column name="p_0_0_012_i70_out_ap_vld">out, 1, ap_vld, p_0_0_012_i70_out, pointer</column>
</table>
</item>
</section>
</profile>
