{
    "1": {
        "name": "Cipher",
        "file": "aes_cipher.cpp",
        "fileloc": "146",
        "instructions": "164",
        "total_instructions": "890",
        "calls": "6 11 3 7 5 9 4 10 2 8",
        "basicblocks": "18",
        "memory_accesses": "0",
        "control_depth": "0",
        "def_use_depth": "1",
        "loads": {
            "L": "34"
        },
        "stores": {
            "L": "28"
        },
        "loops": {
            "L": "2",
            "N": "1"
        }
    },
    "0": {
        "name": "aes_top",
        "file": "HLS_top.cpp",
        "fileloc": "11",
        "instructions": "16",
        "total_instructions": "906",
        "calls": "1",
        "basicblocks": "1",
        "memory_accesses": "0",
        "control_depth": "0",
        "def_use_depth": "0"
    },
    "2": {
        "name": "Cipher_Pipeline_VITIS_LOOP_110_14",
        "file": "C:\/Users\/Administrator\/Desktop\/6420_proj\/COMP4601_prj_encryption\/AES_hls_cpp\/aes_cipher.cpp",
        "fileloc": "163",
        "instructions": "40",
        "total_instructions": "40",
        "calls": "",
        "basicblocks": "4",
        "memory_accesses": "11",
        "control_depth": "1",
        "def_use_depth": "1",
        "loads": {
            "L": "5",
            "T": "1"
        },
        "stores": {
            "L": "6"
        },
        "loops": {
            "L": "1"
        }
    },
    "3": {
        "name": "Cipher_Pipeline_VITIS_LOOP_78_1_VITIS_LOOP_79_2",
        "file": "C:\/Users\/Administrator\/Desktop\/6420_proj\/COMP4601_prj_encryption\/AES_hls_cpp\/aes_cipher.cpp",
        "fileloc": "155",
        "instructions": "49",
        "total_instructions": "49",
        "calls": "",
        "basicblocks": "9",
        "memory_accesses": "15",
        "control_depth": "2",
        "def_use_depth": "1",
        "loads": {
            "G": "1",
            "L": "7"
        },
        "stores": {
            "L": "10"
        },
        "loops": {
            "L": "1"
        }
    },
    "4": {
        "name": "Cipher_Pipeline_VITIS_LOOP_78_1_VITIS_LOOP_79_22",
        "file": "C:\/Users\/Administrator\/Desktop\/6420_proj\/COMP4601_prj_encryption\/AES_hls_cpp\/aes_cipher.cpp",
        "fileloc": "161",
        "instructions": "49",
        "total_instructions": "49",
        "calls": "",
        "basicblocks": "9",
        "memory_accesses": "15",
        "control_depth": "2",
        "def_use_depth": "1",
        "loads": {
            "G": "1",
            "L": "7"
        },
        "stores": {
            "L": "10"
        },
        "loops": {
            "L": "1"
        }
    },
    "5": {
        "name": "Cipher_Pipeline_VITIS_LOOP_110_11",
        "file": "C:\/Users\/Administrator\/Desktop\/6420_proj\/COMP4601_prj_encryption\/AES_hls_cpp\/aes_cipher.cpp",
        "fileloc": "158",
        "instructions": "42",
        "total_instructions": "42",
        "calls": "",
        "basicblocks": "4",
        "memory_accesses": "11",
        "control_depth": "1",
        "def_use_depth": "1",
        "loads": {
            "L": "5",
            "T": "1"
        },
        "stores": {
            "L": "6"
        },
        "loops": {
            "L": "1"
        }
    },
    "6": {
        "name": "Cipher_Pipeline_VITIS_LOOP_149_1",
        "file": "C:\/Users\/Administrator\/Desktop\/6420_proj\/COMP4601_prj_encryption\/AES_hls_cpp\/aes_cipher.cpp",
        "fileloc": "149",
        "instructions": "34",
        "total_instructions": "34",
        "calls": "",
        "basicblocks": "9",
        "memory_accesses": "7",
        "control_depth": "2",
        "def_use_depth": "1",
        "loads": {
            "L": "1",
            "T": "1"
        },
        "stores": {
            "L": "6"
        },
        "loops": {
            "L": "1"
        }
    },
    "7": {
        "name": "Cipher_Pipeline_VITIS_LOOP_96_1",
        "file": "C:\/Users\/Administrator\/Desktop\/6420_proj\/COMP4601_prj_encryption\/AES_hls_cpp\/aes_cipher.cpp",
        "fileloc": "157",
        "instructions": "46",
        "total_instructions": "366",
        "calls": "12 12 12 12 12 12 12 12",
        "basicblocks": "4",
        "memory_accesses": "10",
        "control_depth": "1",
        "def_use_depth": "1",
        "loads": {
            "L": "5"
        },
        "stores": {
            "L": "6"
        },
        "loops": {
            "L": "1"
        }
    },
    "8": {
        "name": "Cipher_Pipeline_VITIS_LOOP_165_3",
        "file": "C:\/Users\/Administrator\/Desktop\/6420_proj\/COMP4601_prj_encryption\/AES_hls_cpp\/aes_cipher.cpp",
        "fileloc": "165",
        "instructions": "30",
        "total_instructions": "30",
        "calls": "",
        "basicblocks": "4",
        "memory_accesses": "7",
        "control_depth": "1",
        "def_use_depth": "1",
        "loads": {
            "L": "5"
        },
        "stores": {
            "L": "2",
            "T": "1"
        },
        "loops": {
            "L": "1"
        }
    },
    "9": {
        "name": "Cipher_Pipeline_VITIS_LOOP_85_2",
        "file": "C:\/Users\/Administrator\/Desktop\/6420_proj\/COMP4601_prj_encryption\/AES_hls_cpp\/aes_cipher.cpp",
        "fileloc": "156",
        "instructions": "39",
        "total_instructions": "39",
        "calls": "",
        "basicblocks": "4",
        "memory_accesses": "10",
        "control_depth": "1",
        "def_use_depth": "1",
        "loads": {
            "L": "6"
        },
        "stores": {
            "L": "10"
        },
        "loops": {
            "L": "1"
        }
    },
    "10": {
        "name": "Cipher_Pipeline_VITIS_LOOP_85_23",
        "file": "C:\/Users\/Administrator\/Desktop\/6420_proj\/COMP4601_prj_encryption\/AES_hls_cpp\/aes_cipher.cpp",
        "fileloc": "162",
        "instructions": "39",
        "total_instructions": "39",
        "calls": "",
        "basicblocks": "4",
        "memory_accesses": "10",
        "control_depth": "1",
        "def_use_depth": "1",
        "loads": {
            "L": "6"
        },
        "stores": {
            "L": "10"
        },
        "loops": {
            "L": "1"
        }
    },
    "11": {
        "name": "Cipher_Pipeline_VITIS_LOOP_110_1",
        "file": "C:\/Users\/Administrator\/Desktop\/6420_proj\/COMP4601_prj_encryption\/AES_hls_cpp\/aes_cipher.cpp",
        "fileloc": "152",
        "instructions": "38",
        "total_instructions": "38",
        "calls": "",
        "basicblocks": "4",
        "memory_accesses": "11",
        "control_depth": "1",
        "def_use_depth": "1",
        "loads": {
            "L": "5",
            "T": "1"
        },
        "stores": {
            "L": "6"
        },
        "loops": {
            "L": "1"
        }
    },
    "12": {
        "name": "gmul",
        "file": "C:\/Users\/Administrator\/Desktop\/6420_proj\/COMP4601_prj_encryption\/AES_hls_cpp\/aes_cipher.cpp",
        "fileloc": "52",
        "instructions": "40",
        "total_instructions": "40",
        "calls": "",
        "basicblocks": "1",
        "memory_accesses": "0",
        "control_depth": "0",
        "def_use_depth": "6"
    }
}
