{
  "0": {
    "basicblocks": 1,
    "calls": "1",
    "control_depth": 0,
    "def_use_depth": 0,
    "file": "HLS_top.cpp",
    "fileloc": 11,
    "instructions": 9,
    "memory_accesses": 0,
    "name": "aes_top",
    "total_instructions": 1181
  },
  "1": {
    "basicblocks": 78,
    "calls": "2 2 2 2 2 2 2 2",
    "control_depth": 2,
    "def_use_depth": 5,
    "file": "aes_cipher.cpp",
    "fileloc": 146,
    "instructions": 580,
    "loads": {
      "G": 2,
      "L": 64
    },
    "memory_accesses": 82,
    "name": "Cipher",
    "stores": {
      "L": 53
    },
    "total_instructions": 1172
  },
  "2": {
    "basicblocks": 1,
    "calls": "",
    "control_depth": 0,
    "def_use_depth": 23,
    "file": "aes_cipher.cpp",
    "fileloc": 52,
    "instructions": 74,
    "memory_accesses": 0,
    "name": "gmul",
    "stores": {
      "L": 1
    },
    "total_instructions": 74
  }
}