{
  "0": {
    "basicblocks": 1,
    "calls": "3",
    "control_depth": 0,
    "def_use_depth": 0,
    "file": "HLS_top.cpp",
    "fileloc": 11,
    "instructions": 6,
    "memory_accesses": 0,
    "name": "aes_top",
    "total_instructions": 640
  },
  "1": {
    "basicblocks": 9,
    "calls": "4 4 4 4 4 4 4 4",
    "control_depth": 0,
    "def_use_depth": 4,
    "file": "aes_cipher.cpp",
    "fileloc": 95,
    "instructions": 134,
    "loads": {
      "L": 26
    },
    "memory_accesses": 4,
    "name": "MixColumns",
    "stores": {
      "L": 6
    },
    "total_instructions": 342
  },
  "2": {
    "basicblocks": 10,
    "calls": "",
    "control_depth": 2,
    "def_use_depth": 7,
    "file": "aes_cipher.cpp",
    "fileloc": 109,
    "instructions": 35,
    "loads": {
      "L": 3
    },
    "memory_accesses": 4,
    "name": "AddRoundKey",
    "stores": {
      "L": 1
    },
    "total_instructions": 35
  },
  "3": {
    "basicblocks": 13,
    "calls": "2 6 5 1 2 6 5 2",
    "control_depth": 0,
    "def_use_depth": 3,
    "file": "aes_cipher.cpp",
    "fileloc": 146,
    "instructions": 61,
    "loads": {
      "L": 2
    },
    "memory_accesses": 4,
    "name": "Cipher",
    "stores": {
      "L": 2
    },
    "total_instructions": 634
  },
  "4": {
    "basicblocks": 9,
    "calls": "",
    "control_depth": 4,
    "def_use_depth": 3,
    "file": "aes_cipher.cpp",
    "fileloc": 52,
    "instructions": 26,
    "loads": {
      "L": 1
    },
    "memory_accesses": 2,
    "name": "gmul",
    "stores": {
      "L": 2
    },
    "total_instructions": 26
  },
  "5": {
    "basicblocks": 7,
    "calls": "",
    "control_depth": 0,
    "def_use_depth": 4,
    "file": "aes_cipher.cpp",
    "fileloc": 83,
    "instructions": 39,
    "loads": {
      "L": 4
    },
    "memory_accesses": 1,
    "name": "ShiftRows",
    "stores": {
      "L": 4
    },
    "total_instructions": 39
  },
  "6": {
    "basicblocks": 7,
    "calls": "",
    "control_depth": 0,
    "def_use_depth": 3,
    "file": "aes_cipher.cpp",
    "fileloc": 77,
    "instructions": 24,
    "loads": {
      "G": 1,
      "L": 1
    },
    "memory_accesses": 3,
    "name": "SubBytes",
    "stores": {
      "L": 1
    },
    "total_instructions": 24
  }
}