{
  "0": {
    "basicblocks": 1,
    "calls": "1",
    "control_depth": 0,
    "def_use_depth": 0,
    "file": "HLS_top.cpp",
    "fileloc": 11,
    "instructions": 6,
    "memory_accesses": 0,
    "name": "aes_top",
    "total_instructions": 475
  },
  "1": {
    "basicblocks": 41,
    "calls": "2 2 2 2 2 2 2 2",
    "control_depth": 0,
    "def_use_depth": 5,
    "file": "aes_cipher.cpp",
    "fileloc": 146,
    "instructions": 285,
    "loads": {
      "G": 2,
      "L": 32
    },
    "memory_accesses": 23,
    "name": "Cipher",
    "stores": {
      "L": 21
    },
    "total_instructions": 469
  },
  "2": {
    "basicblocks": 3,
    "calls": "",
    "control_depth": 0,
    "def_use_depth": 3,
    "file": "aes_cipher.cpp",
    "fileloc": 52,
    "instructions": 23,
    "memory_accesses": 0,
    "name": "gmul",
    "stores": {
      "L": 2
    },
    "total_instructions": 23
  }
}