{
  "0": {
    "basicblocks": 1,
    "calls": "4",
    "control_depth": 0,
    "def_use_depth": 0,
    "file": "HLS_top.cpp",
    "fileloc": 11,
    "instructions": 6,
    "memory_accesses": 0,
    "name": "aes_top",
    "total_instructions": 7264
  },
  "1": {
    "basicblocks": 13,
    "calls": "",
    "control_depth": 1,
    "def_use_depth": 3,
    "file": "aes_cipher.cpp",
    "fileloc": 109,
    "instructions": 57,
    "loads": {
      "L": 1
    },
    "memory_accesses": 6,
    "name": "AddRoundKey",
    "stores": {
      "L": 1
    },
    "total_instructions": 234
  },
  "2": {
    "basicblocks": 13,
    "calls": "",
    "control_depth": 1,
    "def_use_depth": 2,
    "file": "aes_cipher.cpp",
    "fileloc": 83,
    "instructions": 51,
    "loads": {
      "L": 4
    },
    "memory_accesses": 8,
    "name": "ShiftRows",
    "stores": {
      "L": 4
    },
    "total_instructions": 51
  },
  "3": {
    "basicblocks": 13,
    "calls": "",
    "control_depth": 1,
    "def_use_depth": 3,
    "file": "aes_cipher.cpp",
    "fileloc": 77,
    "instructions": 32,
    "loads": {
      "G": 1
    },
    "memory_accesses": 3,
    "name": "SubBytes",
    "stores": {
      "L": 1
    },
    "total_instructions": 37
  },
  "4": {
    "basicblocks": 19,
    "calls": "1 3 2 6 1 3 2 1",
    "control_depth": 1,
    "def_use_depth": 3,
    "file": "aes_cipher.cpp",
    "fileloc": 146,
    "instructions": 74,
    "loads": {
      "L": 2
    },
    "memory_accesses": 4,
    "name": "Cipher",
    "stores": {
      "L": 2
    },
    "total_instructions": 7258
  },
  "5": {
    "basicblocks": 1,
    "calls": "",
    "control_depth": 0,
    "def_use_depth": 0,
    "file": "aes_cipher.cpp",
    "fileloc": 12,
    "instructions": 257,
    "memory_accesses": 0,
    "name": "__cxx_global_var_init",
    "total_instructions": 4609
  },
  "6": {
    "basicblocks": 19,
    "calls": "7 7 7 7 7 7 7 7",
    "control_depth": 1,
    "def_use_depth": 2,
    "file": "aes_cipher.cpp",
    "fileloc": 95,
    "instructions": 266,
    "loads": {
      "L": 14
    },
    "memory_accesses": 4,
    "name": "MixColumns",
    "stores": {
      "L": 14
    },
    "total_instructions": 6306
  },
  "7": {
    "basicblocks": 11,
    "calls": "",
    "control_depth": 2,
    "def_use_depth": 3,
    "file": "aes_cipher.cpp",
    "fileloc": 52,
    "instructions": 39,
    "memory_accesses": 8,
    "name": "gmul",
    "total_instructions": 663
  },
  "8": {
    "basicblocks": 1,
    "calls": "5",
    "control_depth": 0,
    "def_use_depth": 0,
    "file": "aes_cipher.pp.0.cpp",
    "fileloc": 0,
    "instructions": 2,
    "memory_accesses": 0,
    "name": "",
    "total_instructions": 4611
  }
}