<?xml version="1.0" encoding="utf-8"?>
<BindInfo>
	<BindNode BINDTYPE="op" DISPLAY="bind_op seteq" ID="" IMPL="auto" LATENCY="0" OPTYPE="seteq" PRAGMA="" RTLNAME="icmp_ln149_fu_141_p2" SOURCE="C:/Users/Administrator/Desktop/6420_proj/COMP4601_prj_encryption/AES_hls_cpp/aes_cipher.cpp:149" VARIABLE="icmp_ln149" MODULE="Cipher_Pipeline_VITIS_LOOP_149_1" LOOP="VITIS_LOOP_149_1" BUNDLEDNAME="" DSP="0" BRAM="0" URAM="0" USAGE="" STORAGESUBTYPE="" STORAGESIZE=""/>
	<BindNode BINDTYPE="op" DISPLAY="bind_op add" ID="" IMPL="fabric" LATENCY="0" OPTYPE="add" PRAGMA="" RTLNAME="add_ln149_fu_147_p2" SOURCE="C:/Users/Administrator/Desktop/6420_proj/COMP4601_prj_encryption/AES_hls_cpp/aes_cipher.cpp:149" VARIABLE="add_ln149" MODULE="Cipher_Pipeline_VITIS_LOOP_149_1" LOOP="VITIS_LOOP_149_1" BUNDLEDNAME="" DSP="0" BRAM="0" URAM="0" USAGE="" STORAGESUBTYPE="" STORAGESIZE=""/>
	<BindNode BINDTYPE="op" DISPLAY="bind_op seteq" ID="" IMPL="auto" LATENCY="0" OPTYPE="seteq" PRAGMA="" RTLNAME="icmp_ln110_fu_155_p2" SOURCE="C:/Users/Administrator/Desktop/6420_proj/COMP4601_prj_encryption/AES_hls_cpp/aes_cipher.cpp:110" VARIABLE="icmp_ln110" MODULE="Cipher_Pipeline_VITIS_LOOP_110_1" LOOP="VITIS_LOOP_110_1" BUNDLEDNAME="" DSP="0" BRAM="0" URAM="0" USAGE="" STORAGESUBTYPE="" STORAGESIZE=""/>
	<BindNode BINDTYPE="op" DISPLAY="bind_op add" ID="" IMPL="fabric" LATENCY="0" OPTYPE="add" PRAGMA="" RTLNAME="add_ln110_fu_161_p2" SOURCE="C:/Users/Administrator/Desktop/6420_proj/COMP4601_prj_encryption/AES_hls_cpp/aes_cipher.cpp:110" VARIABLE="add_ln110" MODULE="Cipher_Pipeline_VITIS_LOOP_110_1" LOOP="VITIS_LOOP_110_1" BUNDLEDNAME="" DSP="0" BRAM="0" URAM="0" USAGE="" STORAGESUBTYPE="" STORAGESIZE=""/>
	<BindNode BINDTYPE="op" DISPLAY="bind_op xor" ID="" IMPL="auto" LATENCY="0" OPTYPE="xor" PRAGMA="" RTLNAME="xor_ln113_fu_191_p2" SOURCE="C:/Users/Administrator/Desktop/6420_proj/COMP4601_prj_encryption/AES_hls_cpp/aes_cipher.cpp:113" VARIABLE="xor_ln113" MODULE="Cipher_Pipeline_VITIS_LOOP_110_1" LOOP="VITIS_LOOP_110_1" BUNDLEDNAME="" DSP="0" BRAM="0" URAM="0" USAGE="" STORAGESUBTYPE="" STORAGESIZE=""/>
	<BindNode BINDTYPE="op" DISPLAY="bind_op xor" ID="" IMPL="auto" LATENCY="0" OPTYPE="xor" PRAGMA="" RTLNAME="xor_ln113_1_fu_222_p2" SOURCE="C:/Users/Administrator/Desktop/6420_proj/COMP4601_prj_encryption/AES_hls_cpp/aes_cipher.cpp:113" VARIABLE="xor_ln113_1" MODULE="Cipher_Pipeline_VITIS_LOOP_110_1" LOOP="VITIS_LOOP_110_1" BUNDLEDNAME="" DSP="0" BRAM="0" URAM="0" USAGE="" STORAGESUBTYPE="" STORAGESIZE=""/>
	<BindNode BINDTYPE="op" DISPLAY="bind_op xor" ID="" IMPL="auto" LATENCY="0" OPTYPE="xor" PRAGMA="" RTLNAME="xor_ln113_2_fu_229_p2" SOURCE="C:/Users/Administrator/Desktop/6420_proj/COMP4601_prj_encryption/AES_hls_cpp/aes_cipher.cpp:113" VARIABLE="xor_ln113_2" MODULE="Cipher_Pipeline_VITIS_LOOP_110_1" LOOP="VITIS_LOOP_110_1" BUNDLEDNAME="" DSP="0" BRAM="0" URAM="0" USAGE="" STORAGESUBTYPE="" STORAGESIZE=""/>
	<BindNode BINDTYPE="op" DISPLAY="bind_op xor" ID="" IMPL="auto" LATENCY="0" OPTYPE="xor" PRAGMA="" RTLNAME="xor_ln113_3_fu_236_p2" SOURCE="C:/Users/Administrator/Desktop/6420_proj/COMP4601_prj_encryption/AES_hls_cpp/aes_cipher.cpp:113" VARIABLE="xor_ln113_3" MODULE="Cipher_Pipeline_VITIS_LOOP_110_1" LOOP="VITIS_LOOP_110_1" BUNDLEDNAME="" DSP="0" BRAM="0" URAM="0" USAGE="" STORAGESUBTYPE="" STORAGESIZE=""/>
	<BindNode BINDTYPE="op" DISPLAY="bind_op seteq" ID="" IMPL="auto" LATENCY="0" OPTYPE="seteq" PRAGMA="" RTLNAME="icmp_ln78_fu_169_p2" SOURCE="C:/Users/Administrator/Desktop/6420_proj/COMP4601_prj_encryption/AES_hls_cpp/aes_cipher.cpp:78" VARIABLE="icmp_ln78" MODULE="Cipher_Pipeline_VITIS_LOOP_78_1_VITIS_LOOP_79_2" LOOP="VITIS_LOOP_78_1_VITIS_LOOP_79_2" BUNDLEDNAME="" DSP="0" BRAM="0" URAM="0" USAGE="" STORAGESUBTYPE="" STORAGESIZE=""/>
	<BindNode BINDTYPE="op" DISPLAY="bind_op add" ID="" IMPL="fabric" LATENCY="0" OPTYPE="add" PRAGMA="" RTLNAME="add_ln78_fu_175_p2" SOURCE="C:/Users/Administrator/Desktop/6420_proj/COMP4601_prj_encryption/AES_hls_cpp/aes_cipher.cpp:78" VARIABLE="add_ln78" MODULE="Cipher_Pipeline_VITIS_LOOP_78_1_VITIS_LOOP_79_2" LOOP="VITIS_LOOP_78_1_VITIS_LOOP_79_2" BUNDLEDNAME="" DSP="0" BRAM="0" URAM="0" USAGE="" STORAGESUBTYPE="" STORAGESIZE=""/>
	<BindNode BINDTYPE="op" DISPLAY="bind_op seteq" ID="" IMPL="auto" LATENCY="0" OPTYPE="seteq" PRAGMA="" RTLNAME="icmp_ln79_fu_184_p2" SOURCE="C:/Users/Administrator/Desktop/6420_proj/COMP4601_prj_encryption/AES_hls_cpp/aes_cipher.cpp:79" VARIABLE="icmp_ln79" MODULE="Cipher_Pipeline_VITIS_LOOP_78_1_VITIS_LOOP_79_2" LOOP="VITIS_LOOP_78_1_VITIS_LOOP_79_2" BUNDLEDNAME="" DSP="0" BRAM="0" URAM="0" USAGE="" STORAGESUBTYPE="" STORAGESIZE=""/>
	<BindNode BINDTYPE="op" DISPLAY="bind_op select" ID="" IMPL="auto_sel" LATENCY="0" OPTYPE="select" PRAGMA="" RTLNAME="select_ln78_fu_190_p3" SOURCE="C:/Users/Administrator/Desktop/6420_proj/COMP4601_prj_encryption/AES_hls_cpp/aes_cipher.cpp:78" VARIABLE="select_ln78" MODULE="Cipher_Pipeline_VITIS_LOOP_78_1_VITIS_LOOP_79_2" LOOP="VITIS_LOOP_78_1_VITIS_LOOP_79_2" BUNDLEDNAME="" DSP="0" BRAM="0" URAM="0" USAGE="" STORAGESUBTYPE="" STORAGESIZE=""/>
	<BindNode BINDTYPE="op" DISPLAY="bind_op add" ID="" IMPL="fabric" LATENCY="0" OPTYPE="add" PRAGMA="" RTLNAME="add_ln78_2_fu_225_p2" SOURCE="C:/Users/Administrator/Desktop/6420_proj/COMP4601_prj_encryption/AES_hls_cpp/aes_cipher.cpp:78" VARIABLE="add_ln78_2" MODULE="Cipher_Pipeline_VITIS_LOOP_78_1_VITIS_LOOP_79_2" LOOP="VITIS_LOOP_78_1_VITIS_LOOP_79_2" BUNDLEDNAME="" DSP="0" BRAM="0" URAM="0" USAGE="" STORAGESUBTYPE="" STORAGESIZE=""/>
	<BindNode BINDTYPE="op" DISPLAY="bind_op select" ID="" IMPL="auto_sel" LATENCY="0" OPTYPE="select" PRAGMA="" RTLNAME="select_ln78_2_fu_231_p3" SOURCE="C:/Users/Administrator/Desktop/6420_proj/COMP4601_prj_encryption/AES_hls_cpp/aes_cipher.cpp:78" VARIABLE="select_ln78_2" MODULE="Cipher_Pipeline_VITIS_LOOP_78_1_VITIS_LOOP_79_2" LOOP="VITIS_LOOP_78_1_VITIS_LOOP_79_2" BUNDLEDNAME="" DSP="0" BRAM="0" URAM="0" USAGE="" STORAGESUBTYPE="" STORAGESIZE=""/>
	<BindNode BINDTYPE="op" DISPLAY="bind_op sparsemux" ID="" IMPL="compactencoding_dontcare" LATENCY="0" OPTYPE="sparsemux" PRAGMA="" RTLNAME="sparsemux_9_2_8_1_1_U11" SOURCE="C:/Users/Administrator/Desktop/6420_proj/COMP4601_prj_encryption/AES_hls_cpp/aes_cipher.cpp:80" VARIABLE="tmp_9" MODULE="Cipher_Pipeline_VITIS_LOOP_78_1_VITIS_LOOP_79_2" LOOP="VITIS_LOOP_78_1_VITIS_LOOP_79_2" BUNDLEDNAME="" DSP="0" BRAM="0" URAM="0" USAGE="" STORAGESUBTYPE="" STORAGESIZE=""/>
	<BindNode BINDTYPE="op" DISPLAY="bind_op add" ID="" IMPL="fabric" LATENCY="0" OPTYPE="add" PRAGMA="" RTLNAME="add_ln79_fu_206_p2" SOURCE="C:/Users/Administrator/Desktop/6420_proj/COMP4601_prj_encryption/AES_hls_cpp/aes_cipher.cpp:79" VARIABLE="add_ln79" MODULE="Cipher_Pipeline_VITIS_LOOP_78_1_VITIS_LOOP_79_2" LOOP="VITIS_LOOP_78_1_VITIS_LOOP_79_2" BUNDLEDNAME="" DSP="0" BRAM="0" URAM="0" USAGE="" STORAGESUBTYPE="" STORAGESIZE=""/>
	<BindNode BINDTYPE="storage" DISPLAY="bind_storage rom_1p" ID="" IMPL="auto" LATENCY="1" OPTYPE="rom_1p" PRAGMA="" RTLNAME="sbox_U" SOURCE="" VARIABLE="sbox" MODULE="Cipher_Pipeline_VITIS_LOOP_78_1_VITIS_LOOP_79_2" LOOP="" BUNDLEDNAME="" DSP="0" BRAM="1" URAM="0" USAGE="" STORAGESUBTYPE="" STORAGESIZE="8 256 1"/>
	<BindNode BINDTYPE="op" DISPLAY="bind_op seteq" ID="" IMPL="auto" LATENCY="0" OPTYPE="seteq" PRAGMA="" RTLNAME="icmp_ln85_fu_168_p2" SOURCE="C:/Users/Administrator/Desktop/6420_proj/COMP4601_prj_encryption/AES_hls_cpp/aes_cipher.cpp:85" VARIABLE="icmp_ln85" MODULE="Cipher_Pipeline_VITIS_LOOP_85_2" LOOP="VITIS_LOOP_85_2" BUNDLEDNAME="" DSP="0" BRAM="0" URAM="0" USAGE="" STORAGESUBTYPE="" STORAGESIZE=""/>
	<BindNode BINDTYPE="op" DISPLAY="bind_op add" ID="" IMPL="fabric" LATENCY="0" OPTYPE="add" PRAGMA="" RTLNAME="add_ln85_fu_173_p2" SOURCE="C:/Users/Administrator/Desktop/6420_proj/COMP4601_prj_encryption/AES_hls_cpp/aes_cipher.cpp:85" VARIABLE="add_ln85" MODULE="Cipher_Pipeline_VITIS_LOOP_85_2" LOOP="VITIS_LOOP_85_2" BUNDLEDNAME="" DSP="0" BRAM="0" URAM="0" USAGE="" STORAGESUBTYPE="" STORAGESIZE=""/>
	<BindNode BINDTYPE="op" DISPLAY="bind_op select" ID="" IMPL="auto_sel" LATENCY="0" OPTYPE="select" PRAGMA="" RTLNAME="select_ln55_fu_72_p3" SOURCE="C:/Users/Administrator/Desktop/6420_proj/COMP4601_prj_encryption/AES_hls_cpp/aes_cipher.cpp:55" VARIABLE="select_ln55" MODULE="gmul" LOOP="" BUNDLEDNAME="" DSP="0" BRAM="0" URAM="0" USAGE="" STORAGESUBTYPE="" STORAGESIZE=""/>
	<BindNode BINDTYPE="op" DISPLAY="bind_op select" ID="" IMPL="auto_sel" LATENCY="0" OPTYPE="select" PRAGMA="" RTLNAME="select_ln55_1_fu_100_p3" SOURCE="C:/Users/Administrator/Desktop/6420_proj/COMP4601_prj_encryption/AES_hls_cpp/aes_cipher.cpp:55" VARIABLE="select_ln55_1" MODULE="gmul" LOOP="" BUNDLEDNAME="" DSP="0" BRAM="0" URAM="0" USAGE="" STORAGESUBTYPE="" STORAGESIZE=""/>
	<BindNode BINDTYPE="op" DISPLAY="bind_op select" ID="" IMPL="auto_sel" LATENCY="0" OPTYPE="select" PRAGMA="" RTLNAME="select_ln55_2_fu_124_p3" SOURCE="C:/Users/Administrator/Desktop/6420_proj/COMP4601_prj_encryption/AES_hls_cpp/aes_cipher.cpp:55" VARIABLE="select_ln55_2" MODULE="gmul" LOOP="" BUNDLEDNAME="" DSP="0" BRAM="0" URAM="0" USAGE="" STORAGESUBTYPE="" STORAGESIZE=""/>
	<BindNode BINDTYPE="op" DISPLAY="bind_op select" ID="" IMPL="auto_sel" LATENCY="0" OPTYPE="select" PRAGMA="" RTLNAME="select_ln55_3_fu_152_p3" SOURCE="C:/Users/Administrator/Desktop/6420_proj/COMP4601_prj_encryption/AES_hls_cpp/aes_cipher.cpp:55" VARIABLE="select_ln55_3" MODULE="gmul" LOOP="" BUNDLEDNAME="" DSP="0" BRAM="0" URAM="0" USAGE="" STORAGESUBTYPE="" STORAGESIZE=""/>
	<BindNode BINDTYPE="op" DISPLAY="bind_op select" ID="" IMPL="auto_sel" LATENCY="0" OPTYPE="select" PRAGMA="" RTLNAME="select_ln55_4_fu_176_p3" SOURCE="C:/Users/Administrator/Desktop/6420_proj/COMP4601_prj_encryption/AES_hls_cpp/aes_cipher.cpp:55" VARIABLE="select_ln55_4" MODULE="gmul" LOOP="" BUNDLEDNAME="" DSP="0" BRAM="0" URAM="0" USAGE="" STORAGESUBTYPE="" STORAGESIZE=""/>
	<BindNode BINDTYPE="op" DISPLAY="bind_op select" ID="" IMPL="auto_sel" LATENCY="0" OPTYPE="select" PRAGMA="" RTLNAME="select_ln55_5_fu_204_p3" SOURCE="C:/Users/Administrator/Desktop/6420_proj/COMP4601_prj_encryption/AES_hls_cpp/aes_cipher.cpp:55" VARIABLE="select_ln55_5" MODULE="gmul" LOOP="" BUNDLEDNAME="" DSP="0" BRAM="0" URAM="0" USAGE="" STORAGESUBTYPE="" STORAGESIZE=""/>
	<BindNode BINDTYPE="op" DISPLAY="bind_op select" ID="" IMPL="auto_sel" LATENCY="0" OPTYPE="select" PRAGMA="" RTLNAME="select_ln55_6_fu_228_p3" SOURCE="C:/Users/Administrator/Desktop/6420_proj/COMP4601_prj_encryption/AES_hls_cpp/aes_cipher.cpp:55" VARIABLE="select_ln55_6" MODULE="gmul" LOOP="" BUNDLEDNAME="" DSP="0" BRAM="0" URAM="0" USAGE="" STORAGESUBTYPE="" STORAGESIZE=""/>
	<BindNode BINDTYPE="op" DISPLAY="bind_op select" ID="" IMPL="auto_sel" LATENCY="0" OPTYPE="select" PRAGMA="" RTLNAME="select_ln55_7_fu_256_p3" SOURCE="C:/Users/Administrator/Desktop/6420_proj/COMP4601_prj_encryption/AES_hls_cpp/aes_cipher.cpp:55" VARIABLE="select_ln55_7" MODULE="gmul" LOOP="" BUNDLEDNAME="" DSP="0" BRAM="0" URAM="0" USAGE="" STORAGESUBTYPE="" STORAGESIZE=""/>
	<BindNode BINDTYPE="op" DISPLAY="bind_op xor" ID="" IMPL="auto" LATENCY="0" OPTYPE="xor" PRAGMA="" RTLNAME="xor_ln55_fu_264_p2" SOURCE="C:/Users/Administrator/Desktop/6420_proj/COMP4601_prj_encryption/AES_hls_cpp/aes_cipher.cpp:55" VARIABLE="xor_ln55" MODULE="gmul" LOOP="" BUNDLEDNAME="" DSP="0" BRAM="0" URAM="0" USAGE="" STORAGESUBTYPE="" STORAGESIZE=""/>
	<BindNode BINDTYPE="op" DISPLAY="bind_op xor" ID="" IMPL="auto" LATENCY="0" OPTYPE="xor" PRAGMA="" RTLNAME="xor_ln55_1_fu_274_p2" SOURCE="C:/Users/Administrator/Desktop/6420_proj/COMP4601_prj_encryption/AES_hls_cpp/aes_cipher.cpp:55" VARIABLE="xor_ln55_1" MODULE="gmul" LOOP="" BUNDLEDNAME="" DSP="0" BRAM="0" URAM="0" USAGE="" STORAGESUBTYPE="" STORAGESIZE=""/>
	<BindNode BINDTYPE="op" DISPLAY="bind_op xor" ID="" IMPL="auto" LATENCY="0" OPTYPE="xor" PRAGMA="" RTLNAME="xor_ln55_2_fu_280_p2" SOURCE="C:/Users/Administrator/Desktop/6420_proj/COMP4601_prj_encryption/AES_hls_cpp/aes_cipher.cpp:55" VARIABLE="xor_ln55_2" MODULE="gmul" LOOP="" BUNDLEDNAME="" DSP="0" BRAM="0" URAM="0" USAGE="" STORAGESUBTYPE="" STORAGESIZE=""/>
	<BindNode BINDTYPE="op" DISPLAY="bind_op xor" ID="" IMPL="auto" LATENCY="0" OPTYPE="xor" PRAGMA="" RTLNAME="xor_ln55_3_fu_290_p2" SOURCE="C:/Users/Administrator/Desktop/6420_proj/COMP4601_prj_encryption/AES_hls_cpp/aes_cipher.cpp:55" VARIABLE="xor_ln55_3" MODULE="gmul" LOOP="" BUNDLEDNAME="" DSP="0" BRAM="0" URAM="0" USAGE="" STORAGESUBTYPE="" STORAGESIZE=""/>
	<BindNode BINDTYPE="op" DISPLAY="bind_op xor" ID="" IMPL="auto" LATENCY="0" OPTYPE="xor" PRAGMA="" RTLNAME="xor_ln55_4_fu_300_p2" SOURCE="C:/Users/Administrator/Desktop/6420_proj/COMP4601_prj_encryption/AES_hls_cpp/aes_cipher.cpp:55" VARIABLE="xor_ln55_4" MODULE="gmul" LOOP="" BUNDLEDNAME="" DSP="0" BRAM="0" URAM="0" USAGE="" STORAGESUBTYPE="" STORAGESIZE=""/>
	<BindNode BINDTYPE="op" DISPLAY="bind_op xor" ID="" IMPL="auto" LATENCY="0" OPTYPE="xor" PRAGMA="" RTLNAME="xor_ln55_5_fu_306_p2" SOURCE="C:/Users/Administrator/Desktop/6420_proj/COMP4601_prj_encryption/AES_hls_cpp/aes_cipher.cpp:55" VARIABLE="xor_ln55_5" MODULE="gmul" LOOP="" BUNDLEDNAME="" DSP="0" BRAM="0" URAM="0" USAGE="" STORAGESUBTYPE="" STORAGESIZE=""/>
	<BindNode BINDTYPE="op" DISPLAY="bind_op xor" ID="" IMPL="auto" LATENCY="0" OPTYPE="xor" PRAGMA="" RTLNAME="ap_return" SOURCE="C:/Users/Administrator/Desktop/6420_proj/COMP4601_prj_encryption/AES_hls_cpp/aes_cipher.cpp:55" VARIABLE="p" MODULE="gmul" LOOP="" BUNDLEDNAME="" DSP="0" BRAM="0" URAM="0" USAGE="" STORAGESUBTYPE="" STORAGESIZE=""/>
	<BindNode BINDTYPE="op" DISPLAY="bind_op seteq" ID="" IMPL="auto" LATENCY="0" OPTYPE="seteq" PRAGMA="" RTLNAME="icmp_ln96_fu_184_p2" SOURCE="C:/Users/Administrator/Desktop/6420_proj/COMP4601_prj_encryption/AES_hls_cpp/aes_cipher.cpp:96" VARIABLE="icmp_ln96" MODULE="Cipher_Pipeline_VITIS_LOOP_96_1" LOOP="VITIS_LOOP_96_1" BUNDLEDNAME="" DSP="0" BRAM="0" URAM="0" USAGE="" STORAGESUBTYPE="" STORAGESIZE=""/>
	<BindNode BINDTYPE="op" DISPLAY="bind_op add" ID="" IMPL="fabric" LATENCY="0" OPTYPE="add" PRAGMA="" RTLNAME="add_ln96_fu_190_p2" SOURCE="C:/Users/Administrator/Desktop/6420_proj/COMP4601_prj_encryption/AES_hls_cpp/aes_cipher.cpp:96" VARIABLE="add_ln96" MODULE="Cipher_Pipeline_VITIS_LOOP_96_1" LOOP="VITIS_LOOP_96_1" BUNDLEDNAME="" DSP="0" BRAM="0" URAM="0" USAGE="" STORAGESUBTYPE="" STORAGESIZE=""/>
	<BindNode BINDTYPE="op" DISPLAY="bind_op xor" ID="" IMPL="auto" LATENCY="0" OPTYPE="xor" PRAGMA="" RTLNAME="xor_ln100_fu_209_p2" SOURCE="C:/Users/Administrator/Desktop/6420_proj/COMP4601_prj_encryption/AES_hls_cpp/aes_cipher.cpp:100" VARIABLE="xor_ln100" MODULE="Cipher_Pipeline_VITIS_LOOP_96_1" LOOP="VITIS_LOOP_96_1" BUNDLEDNAME="" DSP="0" BRAM="0" URAM="0" USAGE="" STORAGESUBTYPE="" STORAGESIZE=""/>
	<BindNode BINDTYPE="op" DISPLAY="bind_op xor" ID="" IMPL="auto" LATENCY="0" OPTYPE="xor" PRAGMA="" RTLNAME="xor_ln100_1_fu_215_p2" SOURCE="C:/Users/Administrator/Desktop/6420_proj/COMP4601_prj_encryption/AES_hls_cpp/aes_cipher.cpp:100" VARIABLE="xor_ln100_1" MODULE="Cipher_Pipeline_VITIS_LOOP_96_1" LOOP="VITIS_LOOP_96_1" BUNDLEDNAME="" DSP="0" BRAM="0" URAM="0" USAGE="" STORAGESUBTYPE="" STORAGESIZE=""/>
	<BindNode BINDTYPE="op" DISPLAY="bind_op xor" ID="" IMPL="auto" LATENCY="0" OPTYPE="xor" PRAGMA="" RTLNAME="xor_ln100_2_fu_221_p2" SOURCE="C:/Users/Administrator/Desktop/6420_proj/COMP4601_prj_encryption/AES_hls_cpp/aes_cipher.cpp:100" VARIABLE="xor_ln100_2" MODULE="Cipher_Pipeline_VITIS_LOOP_96_1" LOOP="VITIS_LOOP_96_1" BUNDLEDNAME="" DSP="0" BRAM="0" URAM="0" USAGE="" STORAGESUBTYPE="" STORAGESIZE=""/>
	<BindNode BINDTYPE="op" DISPLAY="bind_op xor" ID="" IMPL="auto" LATENCY="0" OPTYPE="xor" PRAGMA="" RTLNAME="xor_ln101_fu_228_p2" SOURCE="C:/Users/Administrator/Desktop/6420_proj/COMP4601_prj_encryption/AES_hls_cpp/aes_cipher.cpp:101" VARIABLE="xor_ln101" MODULE="Cipher_Pipeline_VITIS_LOOP_96_1" LOOP="VITIS_LOOP_96_1" BUNDLEDNAME="" DSP="0" BRAM="0" URAM="0" USAGE="" STORAGESUBTYPE="" STORAGESIZE=""/>
	<BindNode BINDTYPE="op" DISPLAY="bind_op xor" ID="" IMPL="auto" LATENCY="0" OPTYPE="xor" PRAGMA="" RTLNAME="xor_ln101_1_fu_234_p2" SOURCE="C:/Users/Administrator/Desktop/6420_proj/COMP4601_prj_encryption/AES_hls_cpp/aes_cipher.cpp:101" VARIABLE="xor_ln101_1" MODULE="Cipher_Pipeline_VITIS_LOOP_96_1" LOOP="VITIS_LOOP_96_1" BUNDLEDNAME="" DSP="0" BRAM="0" URAM="0" USAGE="" STORAGESUBTYPE="" STORAGESIZE=""/>
	<BindNode BINDTYPE="op" DISPLAY="bind_op xor" ID="" IMPL="auto" LATENCY="0" OPTYPE="xor" PRAGMA="" RTLNAME="xor_ln101_2_fu_240_p2" SOURCE="C:/Users/Administrator/Desktop/6420_proj/COMP4601_prj_encryption/AES_hls_cpp/aes_cipher.cpp:101" VARIABLE="xor_ln101_2" MODULE="Cipher_Pipeline_VITIS_LOOP_96_1" LOOP="VITIS_LOOP_96_1" BUNDLEDNAME="" DSP="0" BRAM="0" URAM="0" USAGE="" STORAGESUBTYPE="" STORAGESIZE=""/>
	<BindNode BINDTYPE="op" DISPLAY="bind_op xor" ID="" IMPL="auto" LATENCY="0" OPTYPE="xor" PRAGMA="" RTLNAME="xor_ln102_fu_247_p2" SOURCE="C:/Users/Administrator/Desktop/6420_proj/COMP4601_prj_encryption/AES_hls_cpp/aes_cipher.cpp:102" VARIABLE="xor_ln102" MODULE="Cipher_Pipeline_VITIS_LOOP_96_1" LOOP="VITIS_LOOP_96_1" BUNDLEDNAME="" DSP="0" BRAM="0" URAM="0" USAGE="" STORAGESUBTYPE="" STORAGESIZE=""/>
	<BindNode BINDTYPE="op" DISPLAY="bind_op xor" ID="" IMPL="auto" LATENCY="0" OPTYPE="xor" PRAGMA="" RTLNAME="xor_ln102_1_fu_253_p2" SOURCE="C:/Users/Administrator/Desktop/6420_proj/COMP4601_prj_encryption/AES_hls_cpp/aes_cipher.cpp:102" VARIABLE="xor_ln102_1" MODULE="Cipher_Pipeline_VITIS_LOOP_96_1" LOOP="VITIS_LOOP_96_1" BUNDLEDNAME="" DSP="0" BRAM="0" URAM="0" USAGE="" STORAGESUBTYPE="" STORAGESIZE=""/>
	<BindNode BINDTYPE="op" DISPLAY="bind_op xor" ID="" IMPL="auto" LATENCY="0" OPTYPE="xor" PRAGMA="" RTLNAME="xor_ln102_2_fu_259_p2" SOURCE="C:/Users/Administrator/Desktop/6420_proj/COMP4601_prj_encryption/AES_hls_cpp/aes_cipher.cpp:102" VARIABLE="xor_ln102_2" MODULE="Cipher_Pipeline_VITIS_LOOP_96_1" LOOP="VITIS_LOOP_96_1" BUNDLEDNAME="" DSP="0" BRAM="0" URAM="0" USAGE="" STORAGESUBTYPE="" STORAGESIZE=""/>
	<BindNode BINDTYPE="op" DISPLAY="bind_op xor" ID="" IMPL="auto" LATENCY="0" OPTYPE="xor" PRAGMA="" RTLNAME="xor_ln103_fu_266_p2" SOURCE="C:/Users/Administrator/Desktop/6420_proj/COMP4601_prj_encryption/AES_hls_cpp/aes_cipher.cpp:103" VARIABLE="xor_ln103" MODULE="Cipher_Pipeline_VITIS_LOOP_96_1" LOOP="VITIS_LOOP_96_1" BUNDLEDNAME="" DSP="0" BRAM="0" URAM="0" USAGE="" STORAGESUBTYPE="" STORAGESIZE=""/>
	<BindNode BINDTYPE="op" DISPLAY="bind_op xor" ID="" IMPL="auto" LATENCY="0" OPTYPE="xor" PRAGMA="" RTLNAME="xor_ln103_1_fu_272_p2" SOURCE="C:/Users/Administrator/Desktop/6420_proj/COMP4601_prj_encryption/AES_hls_cpp/aes_cipher.cpp:103" VARIABLE="xor_ln103_1" MODULE="Cipher_Pipeline_VITIS_LOOP_96_1" LOOP="VITIS_LOOP_96_1" BUNDLEDNAME="" DSP="0" BRAM="0" URAM="0" USAGE="" STORAGESUBTYPE="" STORAGESIZE=""/>
	<BindNode BINDTYPE="op" DISPLAY="bind_op xor" ID="" IMPL="auto" LATENCY="0" OPTYPE="xor" PRAGMA="" RTLNAME="xor_ln103_2_fu_278_p2" SOURCE="C:/Users/Administrator/Desktop/6420_proj/COMP4601_prj_encryption/AES_hls_cpp/aes_cipher.cpp:103" VARIABLE="xor_ln103_2" MODULE="Cipher_Pipeline_VITIS_LOOP_96_1" LOOP="VITIS_LOOP_96_1" BUNDLEDNAME="" DSP="0" BRAM="0" URAM="0" USAGE="" STORAGESUBTYPE="" STORAGESIZE=""/>
	<BindNode BINDTYPE="op" DISPLAY="bind_op seteq" ID="" IMPL="auto" LATENCY="0" OPTYPE="seteq" PRAGMA="" RTLNAME="icmp_ln110_fu_165_p2" SOURCE="C:/Users/Administrator/Desktop/6420_proj/COMP4601_prj_encryption/AES_hls_cpp/aes_cipher.cpp:110" VARIABLE="icmp_ln110" MODULE="Cipher_Pipeline_VITIS_LOOP_110_11" LOOP="VITIS_LOOP_110_1" BUNDLEDNAME="" DSP="0" BRAM="0" URAM="0" USAGE="" STORAGESUBTYPE="" STORAGESIZE=""/>
	<BindNode BINDTYPE="op" DISPLAY="bind_op add" ID="" IMPL="fabric" LATENCY="0" OPTYPE="add" PRAGMA="" RTLNAME="add_ln110_fu_171_p2" SOURCE="C:/Users/Administrator/Desktop/6420_proj/COMP4601_prj_encryption/AES_hls_cpp/aes_cipher.cpp:110" VARIABLE="add_ln110" MODULE="Cipher_Pipeline_VITIS_LOOP_110_11" LOOP="VITIS_LOOP_110_1" BUNDLEDNAME="" DSP="0" BRAM="0" URAM="0" USAGE="" STORAGESUBTYPE="" STORAGESIZE=""/>
	<BindNode BINDTYPE="op" DISPLAY="bind_op add" ID="" IMPL="fabric" LATENCY="0" OPTYPE="add" PRAGMA="" RTLNAME="arrayidx15_sum_fu_189_p2" SOURCE="C:/Users/Administrator/Desktop/6420_proj/COMP4601_prj_encryption/AES_hls_cpp/aes_cipher.cpp:110" VARIABLE="arrayidx15_sum" MODULE="Cipher_Pipeline_VITIS_LOOP_110_11" LOOP="VITIS_LOOP_110_1" BUNDLEDNAME="" DSP="0" BRAM="0" URAM="0" USAGE="" STORAGESUBTYPE="" STORAGESIZE=""/>
	<BindNode BINDTYPE="op" DISPLAY="bind_op xor" ID="" IMPL="auto" LATENCY="0" OPTYPE="xor" PRAGMA="" RTLNAME="xor_ln113_fu_215_p2" SOURCE="C:/Users/Administrator/Desktop/6420_proj/COMP4601_prj_encryption/AES_hls_cpp/aes_cipher.cpp:113" VARIABLE="xor_ln113" MODULE="Cipher_Pipeline_VITIS_LOOP_110_11" LOOP="VITIS_LOOP_110_1" BUNDLEDNAME="" DSP="0" BRAM="0" URAM="0" USAGE="" STORAGESUBTYPE="" STORAGESIZE=""/>
	<BindNode BINDTYPE="op" DISPLAY="bind_op xor" ID="" IMPL="auto" LATENCY="0" OPTYPE="xor" PRAGMA="" RTLNAME="xor_ln113_4_fu_246_p2" SOURCE="C:/Users/Administrator/Desktop/6420_proj/COMP4601_prj_encryption/AES_hls_cpp/aes_cipher.cpp:113" VARIABLE="xor_ln113_4" MODULE="Cipher_Pipeline_VITIS_LOOP_110_11" LOOP="VITIS_LOOP_110_1" BUNDLEDNAME="" DSP="0" BRAM="0" URAM="0" USAGE="" STORAGESUBTYPE="" STORAGESIZE=""/>
	<BindNode BINDTYPE="op" DISPLAY="bind_op xor" ID="" IMPL="auto" LATENCY="0" OPTYPE="xor" PRAGMA="" RTLNAME="xor_ln113_5_fu_253_p2" SOURCE="C:/Users/Administrator/Desktop/6420_proj/COMP4601_prj_encryption/AES_hls_cpp/aes_cipher.cpp:113" VARIABLE="xor_ln113_5" MODULE="Cipher_Pipeline_VITIS_LOOP_110_11" LOOP="VITIS_LOOP_110_1" BUNDLEDNAME="" DSP="0" BRAM="0" URAM="0" USAGE="" STORAGESUBTYPE="" STORAGESIZE=""/>
	<BindNode BINDTYPE="op" DISPLAY="bind_op xor" ID="" IMPL="auto" LATENCY="0" OPTYPE="xor" PRAGMA="" RTLNAME="xor_ln113_6_fu_260_p2" SOURCE="C:/Users/Administrator/Desktop/6420_proj/COMP4601_prj_encryption/AES_hls_cpp/aes_cipher.cpp:113" VARIABLE="xor_ln113_6" MODULE="Cipher_Pipeline_VITIS_LOOP_110_11" LOOP="VITIS_LOOP_110_1" BUNDLEDNAME="" DSP="0" BRAM="0" URAM="0" USAGE="" STORAGESUBTYPE="" STORAGESIZE=""/>
	<BindNode BINDTYPE="op" DISPLAY="bind_op seteq" ID="" IMPL="auto" LATENCY="0" OPTYPE="seteq" PRAGMA="" RTLNAME="icmp_ln78_fu_169_p2" SOURCE="C:/Users/Administrator/Desktop/6420_proj/COMP4601_prj_encryption/AES_hls_cpp/aes_cipher.cpp:78" VARIABLE="icmp_ln78" MODULE="Cipher_Pipeline_VITIS_LOOP_78_1_VITIS_LOOP_79_22" LOOP="VITIS_LOOP_78_1_VITIS_LOOP_79_2" BUNDLEDNAME="" DSP="0" BRAM="0" URAM="0" USAGE="" STORAGESUBTYPE="" STORAGESIZE=""/>
	<BindNode BINDTYPE="op" DISPLAY="bind_op add" ID="" IMPL="fabric" LATENCY="0" OPTYPE="add" PRAGMA="" RTLNAME="add_ln78_fu_175_p2" SOURCE="C:/Users/Administrator/Desktop/6420_proj/COMP4601_prj_encryption/AES_hls_cpp/aes_cipher.cpp:78" VARIABLE="add_ln78" MODULE="Cipher_Pipeline_VITIS_LOOP_78_1_VITIS_LOOP_79_22" LOOP="VITIS_LOOP_78_1_VITIS_LOOP_79_2" BUNDLEDNAME="" DSP="0" BRAM="0" URAM="0" USAGE="" STORAGESUBTYPE="" STORAGESIZE=""/>
	<BindNode BINDTYPE="op" DISPLAY="bind_op seteq" ID="" IMPL="auto" LATENCY="0" OPTYPE="seteq" PRAGMA="" RTLNAME="icmp_ln79_fu_184_p2" SOURCE="C:/Users/Administrator/Desktop/6420_proj/COMP4601_prj_encryption/AES_hls_cpp/aes_cipher.cpp:79" VARIABLE="icmp_ln79" MODULE="Cipher_Pipeline_VITIS_LOOP_78_1_VITIS_LOOP_79_22" LOOP="VITIS_LOOP_78_1_VITIS_LOOP_79_2" BUNDLEDNAME="" DSP="0" BRAM="0" URAM="0" USAGE="" STORAGESUBTYPE="" STORAGESIZE=""/>
	<BindNode BINDTYPE="op" DISPLAY="bind_op select" ID="" IMPL="auto_sel" LATENCY="0" OPTYPE="select" PRAGMA="" RTLNAME="select_ln78_fu_190_p3" SOURCE="C:/Users/Administrator/Desktop/6420_proj/COMP4601_prj_encryption/AES_hls_cpp/aes_cipher.cpp:78" VARIABLE="select_ln78" MODULE="Cipher_Pipeline_VITIS_LOOP_78_1_VITIS_LOOP_79_22" LOOP="VITIS_LOOP_78_1_VITIS_LOOP_79_2" BUNDLEDNAME="" DSP="0" BRAM="0" URAM="0" USAGE="" STORAGESUBTYPE="" STORAGESIZE=""/>
	<BindNode BINDTYPE="op" DISPLAY="bind_op add" ID="" IMPL="fabric" LATENCY="0" OPTYPE="add" PRAGMA="" RTLNAME="add_ln78_1_fu_225_p2" SOURCE="C:/Users/Administrator/Desktop/6420_proj/COMP4601_prj_encryption/AES_hls_cpp/aes_cipher.cpp:78" VARIABLE="add_ln78_1" MODULE="Cipher_Pipeline_VITIS_LOOP_78_1_VITIS_LOOP_79_22" LOOP="VITIS_LOOP_78_1_VITIS_LOOP_79_2" BUNDLEDNAME="" DSP="0" BRAM="0" URAM="0" USAGE="" STORAGESUBTYPE="" STORAGESIZE=""/>
	<BindNode BINDTYPE="op" DISPLAY="bind_op select" ID="" IMPL="auto_sel" LATENCY="0" OPTYPE="select" PRAGMA="" RTLNAME="select_ln78_1_fu_231_p3" SOURCE="C:/Users/Administrator/Desktop/6420_proj/COMP4601_prj_encryption/AES_hls_cpp/aes_cipher.cpp:78" VARIABLE="select_ln78_1" MODULE="Cipher_Pipeline_VITIS_LOOP_78_1_VITIS_LOOP_79_22" LOOP="VITIS_LOOP_78_1_VITIS_LOOP_79_2" BUNDLEDNAME="" DSP="0" BRAM="0" URAM="0" USAGE="" STORAGESUBTYPE="" STORAGESIZE=""/>
	<BindNode BINDTYPE="op" DISPLAY="bind_op sparsemux" ID="" IMPL="compactencoding_dontcare" LATENCY="0" OPTYPE="sparsemux" PRAGMA="" RTLNAME="sparsemux_9_2_8_1_1_U39" SOURCE="C:/Users/Administrator/Desktop/6420_proj/COMP4601_prj_encryption/AES_hls_cpp/aes_cipher.cpp:80" VARIABLE="tmp_4" MODULE="Cipher_Pipeline_VITIS_LOOP_78_1_VITIS_LOOP_79_22" LOOP="VITIS_LOOP_78_1_VITIS_LOOP_79_2" BUNDLEDNAME="" DSP="0" BRAM="0" URAM="0" USAGE="" STORAGESUBTYPE="" STORAGESIZE=""/>
	<BindNode BINDTYPE="op" DISPLAY="bind_op add" ID="" IMPL="fabric" LATENCY="0" OPTYPE="add" PRAGMA="" RTLNAME="add_ln79_fu_206_p2" SOURCE="C:/Users/Administrator/Desktop/6420_proj/COMP4601_prj_encryption/AES_hls_cpp/aes_cipher.cpp:79" VARIABLE="add_ln79" MODULE="Cipher_Pipeline_VITIS_LOOP_78_1_VITIS_LOOP_79_22" LOOP="VITIS_LOOP_78_1_VITIS_LOOP_79_2" BUNDLEDNAME="" DSP="0" BRAM="0" URAM="0" USAGE="" STORAGESUBTYPE="" STORAGESIZE=""/>
	<BindNode BINDTYPE="storage" DISPLAY="bind_storage rom_1p" ID="" IMPL="auto" LATENCY="1" OPTYPE="rom_1p" PRAGMA="" RTLNAME="sbox_U" SOURCE="" VARIABLE="sbox" MODULE="Cipher_Pipeline_VITIS_LOOP_78_1_VITIS_LOOP_79_22" LOOP="" BUNDLEDNAME="" DSP="0" BRAM="1" URAM="0" USAGE="" STORAGESUBTYPE="" STORAGESIZE="8 256 1"/>
	<BindNode BINDTYPE="op" DISPLAY="bind_op seteq" ID="" IMPL="auto" LATENCY="0" OPTYPE="seteq" PRAGMA="" RTLNAME="icmp_ln85_fu_168_p2" SOURCE="C:/Users/Administrator/Desktop/6420_proj/COMP4601_prj_encryption/AES_hls_cpp/aes_cipher.cpp:85" VARIABLE="icmp_ln85" MODULE="Cipher_Pipeline_VITIS_LOOP_85_23" LOOP="VITIS_LOOP_85_2" BUNDLEDNAME="" DSP="0" BRAM="0" URAM="0" USAGE="" STORAGESUBTYPE="" STORAGESIZE=""/>
	<BindNode BINDTYPE="op" DISPLAY="bind_op add" ID="" IMPL="fabric" LATENCY="0" OPTYPE="add" PRAGMA="" RTLNAME="add_ln85_fu_173_p2" SOURCE="C:/Users/Administrator/Desktop/6420_proj/COMP4601_prj_encryption/AES_hls_cpp/aes_cipher.cpp:85" VARIABLE="add_ln85" MODULE="Cipher_Pipeline_VITIS_LOOP_85_23" LOOP="VITIS_LOOP_85_2" BUNDLEDNAME="" DSP="0" BRAM="0" URAM="0" USAGE="" STORAGESUBTYPE="" STORAGESIZE=""/>
	<BindNode BINDTYPE="op" DISPLAY="bind_op seteq" ID="" IMPL="auto" LATENCY="0" OPTYPE="seteq" PRAGMA="" RTLNAME="icmp_ln110_fu_159_p2" SOURCE="C:/Users/Administrator/Desktop/6420_proj/COMP4601_prj_encryption/AES_hls_cpp/aes_cipher.cpp:110" VARIABLE="icmp_ln110" MODULE="Cipher_Pipeline_VITIS_LOOP_110_14" LOOP="VITIS_LOOP_110_1" BUNDLEDNAME="" DSP="0" BRAM="0" URAM="0" USAGE="" STORAGESUBTYPE="" STORAGESIZE=""/>
	<BindNode BINDTYPE="op" DISPLAY="bind_op add" ID="" IMPL="fabric" LATENCY="0" OPTYPE="add" PRAGMA="" RTLNAME="add_ln110_fu_165_p2" SOURCE="C:/Users/Administrator/Desktop/6420_proj/COMP4601_prj_encryption/AES_hls_cpp/aes_cipher.cpp:110" VARIABLE="add_ln110" MODULE="Cipher_Pipeline_VITIS_LOOP_110_14" LOOP="VITIS_LOOP_110_1" BUNDLEDNAME="" DSP="0" BRAM="0" URAM="0" USAGE="" STORAGESUBTYPE="" STORAGESIZE=""/>
	<BindNode BINDTYPE="op" DISPLAY="bind_op xor" ID="" IMPL="auto" LATENCY="0" OPTYPE="xor" PRAGMA="" RTLNAME="xor_ln113_fu_207_p2" SOURCE="C:/Users/Administrator/Desktop/6420_proj/COMP4601_prj_encryption/AES_hls_cpp/aes_cipher.cpp:113" VARIABLE="xor_ln113" MODULE="Cipher_Pipeline_VITIS_LOOP_110_14" LOOP="VITIS_LOOP_110_1" BUNDLEDNAME="" DSP="0" BRAM="0" URAM="0" USAGE="" STORAGESUBTYPE="" STORAGESIZE=""/>
	<BindNode BINDTYPE="op" DISPLAY="bind_op xor" ID="" IMPL="auto" LATENCY="0" OPTYPE="xor" PRAGMA="" RTLNAME="xor_ln113_1_fu_238_p2" SOURCE="C:/Users/Administrator/Desktop/6420_proj/COMP4601_prj_encryption/AES_hls_cpp/aes_cipher.cpp:113" VARIABLE="xor_ln113_1" MODULE="Cipher_Pipeline_VITIS_LOOP_110_14" LOOP="VITIS_LOOP_110_1" BUNDLEDNAME="" DSP="0" BRAM="0" URAM="0" USAGE="" STORAGESUBTYPE="" STORAGESIZE=""/>
	<BindNode BINDTYPE="op" DISPLAY="bind_op xor" ID="" IMPL="auto" LATENCY="0" OPTYPE="xor" PRAGMA="" RTLNAME="xor_ln113_2_fu_245_p2" SOURCE="C:/Users/Administrator/Desktop/6420_proj/COMP4601_prj_encryption/AES_hls_cpp/aes_cipher.cpp:113" VARIABLE="xor_ln113_2" MODULE="Cipher_Pipeline_VITIS_LOOP_110_14" LOOP="VITIS_LOOP_110_1" BUNDLEDNAME="" DSP="0" BRAM="0" URAM="0" USAGE="" STORAGESUBTYPE="" STORAGESIZE=""/>
	<BindNode BINDTYPE="op" DISPLAY="bind_op xor" ID="" IMPL="auto" LATENCY="0" OPTYPE="xor" PRAGMA="" RTLNAME="xor_ln113_3_fu_252_p2" SOURCE="C:/Users/Administrator/Desktop/6420_proj/COMP4601_prj_encryption/AES_hls_cpp/aes_cipher.cpp:113" VARIABLE="xor_ln113_3" MODULE="Cipher_Pipeline_VITIS_LOOP_110_14" LOOP="VITIS_LOOP_110_1" BUNDLEDNAME="" DSP="0" BRAM="0" URAM="0" USAGE="" STORAGESUBTYPE="" STORAGESIZE=""/>
	<BindNode BINDTYPE="op" DISPLAY="bind_op seteq" ID="" IMPL="auto" LATENCY="0" OPTYPE="seteq" PRAGMA="" RTLNAME="icmp_ln165_fu_143_p2" SOURCE="C:/Users/Administrator/Desktop/6420_proj/COMP4601_prj_encryption/AES_hls_cpp/aes_cipher.cpp:165" VARIABLE="icmp_ln165" MODULE="Cipher_Pipeline_VITIS_LOOP_165_3" LOOP="VITIS_LOOP_165_3" BUNDLEDNAME="" DSP="0" BRAM="0" URAM="0" USAGE="" STORAGESUBTYPE="" STORAGESIZE=""/>
	<BindNode BINDTYPE="op" DISPLAY="bind_op add" ID="" IMPL="fabric" LATENCY="0" OPTYPE="add" PRAGMA="" RTLNAME="add_ln165_fu_149_p2" SOURCE="C:/Users/Administrator/Desktop/6420_proj/COMP4601_prj_encryption/AES_hls_cpp/aes_cipher.cpp:165" VARIABLE="add_ln165" MODULE="Cipher_Pipeline_VITIS_LOOP_165_3" LOOP="VITIS_LOOP_165_3" BUNDLEDNAME="" DSP="0" BRAM="0" URAM="0" USAGE="" STORAGESUBTYPE="" STORAGESIZE=""/>
	<BindNode BINDTYPE="op" DISPLAY="bind_op sparsemux" ID="" IMPL="compactencoding_dontcare" LATENCY="0" OPTYPE="sparsemux" PRAGMA="" RTLNAME="sparsemux_9_2_8_1_1_U58" SOURCE="C:/Users/Administrator/Desktop/6420_proj/COMP4601_prj_encryption/AES_hls_cpp/aes_cipher.cpp:166" VARIABLE="tmp_s" MODULE="Cipher_Pipeline_VITIS_LOOP_165_3" LOOP="VITIS_LOOP_165_3" BUNDLEDNAME="" DSP="0" BRAM="0" URAM="0" USAGE="" STORAGESUBTYPE="" STORAGESIZE=""/>
	<BindNode BINDTYPE="storage" DISPLAY="bind_storage ram_t2p" ID="" IMPL="auto" LATENCY="1" OPTYPE="ram_t2p" PRAGMA="" RTLNAME="state_1_U" SOURCE="" VARIABLE="state_1" MODULE="Cipher" LOOP="" BUNDLEDNAME="" DSP="0" BRAM="0" URAM="0" USAGE="array" STORAGESUBTYPE="" STORAGESIZE="8 4 1"/>
	<BindNode BINDTYPE="storage" DISPLAY="bind_storage ram_t2p" ID="" IMPL="auto" LATENCY="1" OPTYPE="ram_t2p" PRAGMA="" RTLNAME="state_2_U" SOURCE="" VARIABLE="state_2" MODULE="Cipher" LOOP="" BUNDLEDNAME="" DSP="0" BRAM="0" URAM="0" USAGE="array" STORAGESUBTYPE="" STORAGESIZE="8 4 1"/>
	<BindNode BINDTYPE="storage" DISPLAY="bind_storage ram_t2p" ID="" IMPL="auto" LATENCY="1" OPTYPE="ram_t2p" PRAGMA="" RTLNAME="state_3_U" SOURCE="" VARIABLE="state_3" MODULE="Cipher" LOOP="" BUNDLEDNAME="" DSP="0" BRAM="0" URAM="0" USAGE="array" STORAGESUBTYPE="" STORAGESIZE="8 4 1"/>
	<BindNode BINDTYPE="storage" DISPLAY="bind_storage ram_2p" ID="" IMPL="auto" LATENCY="1" OPTYPE="ram_2p" PRAGMA="" RTLNAME="state_U" SOURCE="C:/Users/Administrator/Desktop/6420_proj/COMP4601_prj_encryption/AES_hls_cpp/aes_cipher.cpp:147" VARIABLE="state" MODULE="Cipher" LOOP="" BUNDLEDNAME="" DSP="0" BRAM="0" URAM="0" USAGE="array" STORAGESUBTYPE="" STORAGESIZE="8 4 1"/>
	<BindNode BINDTYPE="op" DISPLAY="bind_op seteq" ID="" IMPL="auto" LATENCY="0" OPTYPE="seteq" PRAGMA="" RTLNAME="icmp_ln154_fu_616_p2" SOURCE="C:/Users/Administrator/Desktop/6420_proj/COMP4601_prj_encryption/AES_hls_cpp/aes_cipher.cpp:154" VARIABLE="icmp_ln154" MODULE="Cipher" LOOP="VITIS_LOOP_154_2" BUNDLEDNAME="" DSP="0" BRAM="0" URAM="0" USAGE="" STORAGESUBTYPE="" STORAGESIZE=""/>
	<BindNode BINDTYPE="op" DISPLAY="bind_op seteq" ID="" IMPL="auto" LATENCY="0" OPTYPE="seteq" PRAGMA="" RTLNAME="icmp_ln84_1_fu_627_p2" SOURCE="C:/Users/Administrator/Desktop/6420_proj/COMP4601_prj_encryption/AES_hls_cpp/aes_cipher.cpp:84" VARIABLE="icmp_ln84_1" MODULE="Cipher" LOOP="VITIS_LOOP_84_1" BUNDLEDNAME="" DSP="0" BRAM="0" URAM="0" USAGE="" STORAGESUBTYPE="" STORAGESIZE=""/>
	<BindNode BINDTYPE="op" DISPLAY="bind_op sparsemux" ID="" IMPL="compactencoding_dontcare" LATENCY="0" OPTYPE="sparsemux" PRAGMA="" RTLNAME="sparsemux_7_2_8_1_1_U64" SOURCE="C:/Users/Administrator/Desktop/6420_proj/COMP4601_prj_encryption/AES_hls_cpp/aes_cipher.cpp:90" VARIABLE="tmp_5" MODULE="Cipher" LOOP="VITIS_LOOP_84_1" BUNDLEDNAME="" DSP="0" BRAM="0" URAM="0" USAGE="" STORAGESUBTYPE="" STORAGESIZE=""/>
	<BindNode BINDTYPE="op" DISPLAY="bind_op sparsemux" ID="" IMPL="compactencoding_dontcare" LATENCY="0" OPTYPE="sparsemux" PRAGMA="" RTLNAME="sparsemux_7_2_8_1_1_U65" SOURCE="C:/Users/Administrator/Desktop/6420_proj/COMP4601_prj_encryption/AES_hls_cpp/aes_cipher.cpp:87" VARIABLE="tmp_6" MODULE="Cipher" LOOP="VITIS_LOOP_84_1" BUNDLEDNAME="" DSP="0" BRAM="0" URAM="0" USAGE="" STORAGESUBTYPE="" STORAGESIZE=""/>
	<BindNode BINDTYPE="op" DISPLAY="bind_op sparsemux" ID="" IMPL="compactencoding_dontcare" LATENCY="0" OPTYPE="sparsemux" PRAGMA="" RTLNAME="sparsemux_7_2_8_1_1_U66" SOURCE="C:/Users/Administrator/Desktop/6420_proj/COMP4601_prj_encryption/AES_hls_cpp/aes_cipher.cpp:88" VARIABLE="tmp_7" MODULE="Cipher" LOOP="VITIS_LOOP_84_1" BUNDLEDNAME="" DSP="0" BRAM="0" URAM="0" USAGE="" STORAGESUBTYPE="" STORAGESIZE=""/>
	<BindNode BINDTYPE="op" DISPLAY="bind_op sparsemux" ID="" IMPL="compactencoding_dontcare" LATENCY="0" OPTYPE="sparsemux" PRAGMA="" RTLNAME="sparsemux_7_2_8_1_1_U67" SOURCE="C:/Users/Administrator/Desktop/6420_proj/COMP4601_prj_encryption/AES_hls_cpp/aes_cipher.cpp:89" VARIABLE="tmp_8" MODULE="Cipher" LOOP="VITIS_LOOP_84_1" BUNDLEDNAME="" DSP="0" BRAM="0" URAM="0" USAGE="" STORAGESUBTYPE="" STORAGESIZE=""/>
	<BindNode BINDTYPE="op" DISPLAY="bind_op add" ID="" IMPL="fabric" LATENCY="0" OPTYPE="add" PRAGMA="" RTLNAME="add_ln84_1_fu_754_p2" SOURCE="C:/Users/Administrator/Desktop/6420_proj/COMP4601_prj_encryption/AES_hls_cpp/aes_cipher.cpp:84" VARIABLE="add_ln84_1" MODULE="Cipher" LOOP="VITIS_LOOP_84_1" BUNDLEDNAME="" DSP="0" BRAM="0" URAM="0" USAGE="" STORAGESUBTYPE="" STORAGESIZE=""/>
	<BindNode BINDTYPE="op" DISPLAY="bind_op add" ID="" IMPL="fabric" LATENCY="0" OPTYPE="add" PRAGMA="" RTLNAME="add_ln154_fu_633_p2" SOURCE="C:/Users/Administrator/Desktop/6420_proj/COMP4601_prj_encryption/AES_hls_cpp/aes_cipher.cpp:154" VARIABLE="add_ln154" MODULE="Cipher" LOOP="VITIS_LOOP_154_2" BUNDLEDNAME="" DSP="0" BRAM="0" URAM="0" USAGE="" STORAGESUBTYPE="" STORAGESIZE=""/>
	<BindNode BINDTYPE="op" DISPLAY="bind_op seteq" ID="" IMPL="auto" LATENCY="0" OPTYPE="seteq" PRAGMA="" RTLNAME="icmp_ln84_fu_771_p2" SOURCE="C:/Users/Administrator/Desktop/6420_proj/COMP4601_prj_encryption/AES_hls_cpp/aes_cipher.cpp:84" VARIABLE="icmp_ln84" MODULE="Cipher" LOOP="VITIS_LOOP_84_1" BUNDLEDNAME="" DSP="0" BRAM="0" URAM="0" USAGE="" STORAGESUBTYPE="" STORAGESIZE=""/>
	<BindNode BINDTYPE="op" DISPLAY="bind_op sparsemux" ID="" IMPL="compactencoding_dontcare" LATENCY="0" OPTYPE="sparsemux" PRAGMA="" RTLNAME="sparsemux_7_2_8_1_1_U68" SOURCE="C:/Users/Administrator/Desktop/6420_proj/COMP4601_prj_encryption/AES_hls_cpp/aes_cipher.cpp:90" VARIABLE="tmp" MODULE="Cipher" LOOP="VITIS_LOOP_84_1" BUNDLEDNAME="" DSP="0" BRAM="0" URAM="0" USAGE="" STORAGESUBTYPE="" STORAGESIZE=""/>
	<BindNode BINDTYPE="op" DISPLAY="bind_op sparsemux" ID="" IMPL="compactencoding_dontcare" LATENCY="0" OPTYPE="sparsemux" PRAGMA="" RTLNAME="sparsemux_7_2_8_1_1_U69" SOURCE="C:/Users/Administrator/Desktop/6420_proj/COMP4601_prj_encryption/AES_hls_cpp/aes_cipher.cpp:87" VARIABLE="tmp_1" MODULE="Cipher" LOOP="VITIS_LOOP_84_1" BUNDLEDNAME="" DSP="0" BRAM="0" URAM="0" USAGE="" STORAGESUBTYPE="" STORAGESIZE=""/>
	<BindNode BINDTYPE="op" DISPLAY="bind_op sparsemux" ID="" IMPL="compactencoding_dontcare" LATENCY="0" OPTYPE="sparsemux" PRAGMA="" RTLNAME="sparsemux_7_2_8_1_1_U70" SOURCE="C:/Users/Administrator/Desktop/6420_proj/COMP4601_prj_encryption/AES_hls_cpp/aes_cipher.cpp:88" VARIABLE="tmp_2" MODULE="Cipher" LOOP="VITIS_LOOP_84_1" BUNDLEDNAME="" DSP="0" BRAM="0" URAM="0" USAGE="" STORAGESUBTYPE="" STORAGESIZE=""/>
	<BindNode BINDTYPE="op" DISPLAY="bind_op sparsemux" ID="" IMPL="compactencoding_dontcare" LATENCY="0" OPTYPE="sparsemux" PRAGMA="" RTLNAME="sparsemux_7_2_8_1_1_U71" SOURCE="C:/Users/Administrator/Desktop/6420_proj/COMP4601_prj_encryption/AES_hls_cpp/aes_cipher.cpp:89" VARIABLE="tmp_3" MODULE="Cipher" LOOP="VITIS_LOOP_84_1" BUNDLEDNAME="" DSP="0" BRAM="0" URAM="0" USAGE="" STORAGESUBTYPE="" STORAGESIZE=""/>
	<BindNode BINDTYPE="op" DISPLAY="bind_op add" ID="" IMPL="fabric" LATENCY="0" OPTYPE="add" PRAGMA="" RTLNAME="add_ln84_fu_885_p2" SOURCE="C:/Users/Administrator/Desktop/6420_proj/COMP4601_prj_encryption/AES_hls_cpp/aes_cipher.cpp:84" VARIABLE="add_ln84" MODULE="Cipher" LOOP="VITIS_LOOP_84_1" BUNDLEDNAME="" DSP="0" BRAM="0" URAM="0" USAGE="" STORAGESUBTYPE="" STORAGESIZE=""/>
	<BindNode BINDTYPE="adapter" DISPLAY="bind_adapter axilite" ID="" IMPL="" LATENCY="" OPTYPE="" PRAGMA="" RTLNAME="control_s_axi_U" SOURCE="" VARIABLE="" MODULE="aes_top" LOOP="" BUNDLEDNAME="control" DSP="0" BRAM="2" URAM="0" USAGE="interface" STORAGESUBTYPE="s_axilite" STORAGESIZE=""/>
	<BindNode BINDTYPE="interface" DISPLAY="bind_storage bram" ID="" IMPL="" LATENCY="" OPTYPE="" PRAGMA="yes" RTLNAME="" SOURCE="" VARIABLE="in_r" MODULE="aes_top" LOOP="" BUNDLEDNAME="" DSP="0" BRAM="0" URAM="0" USAGE="interface" STORAGESUBTYPE="bram" STORAGESIZE="8 0 1"/>
	<BindNode BINDTYPE="interface" DISPLAY="bind_storage bram" ID="" IMPL="" LATENCY="" OPTYPE="" PRAGMA="yes" RTLNAME="" SOURCE="" VARIABLE="out_r" MODULE="aes_top" LOOP="" BUNDLEDNAME="" DSP="0" BRAM="0" URAM="0" USAGE="interface" STORAGESUBTYPE="bram" STORAGESIZE="8 0 1"/>
	<BindNode BINDTYPE="interface" DISPLAY="bind_storage bram" ID="" IMPL="" LATENCY="" OPTYPE="" PRAGMA="yes" RTLNAME="" SOURCE="" VARIABLE="w" MODULE="aes_top" LOOP="" BUNDLEDNAME="" DSP="0" BRAM="0" URAM="0" USAGE="interface" STORAGESUBTYPE="bram" STORAGESIZE="32 0 1"/>
</BindInfo>
