<xilinx:hls_fe_msgs>
    <msg msg_groups="PRAGMA_VERBOSE_DUMP" msg_id="207-5471" msg_severity="WARNING" msg_loc="directive:1:9" msg_body="HLS pragma dump">
        <args ARG_PragmaContext="directive" ARG_PragmaFunction="aes_top" ARG_PragmaIsValid="1" ARG_PragmaOptions="name=aes_top" ARG_PragmaType="top" ClangWarningOption="dump-hls-pragmas"/>
    </msg>
    <msg msg_groups="PRAGMA_VERBOSE_DUMP" msg_id="207-5471" msg_severity="WARNING" msg_loc="C:/Users/Administrator/Desktop/6420_proj/COMP4601_prj_encryption/AES_hls_cpp/HLS_top.cpp:12:9" msg_body="HLS pragma dump">
        <args ARG_PragmaFunction="aes_top" ARG_PragmaIsValid="1" ARG_PragmaOptions="mode=s_axilite port=return" ARG_PragmaType="interface" ClangWarningOption="dump-hls-pragmas"/>
    </msg>
    <msg msg_groups="PRAGMA_VERBOSE_DUMP" msg_id="207-5471" msg_severity="WARNING" msg_loc="C:/Users/Administrator/Desktop/6420_proj/COMP4601_prj_encryption/AES_hls_cpp/HLS_top.cpp:13:9" msg_body="HLS pragma dump">
        <args ARG_PragmaFunction="aes_top" ARG_PragmaIsValid="1" ARG_PragmaOptions="mode=s_axilite port=in" ARG_PragmaType="interface" ClangWarningOption="dump-hls-pragmas"/>
    </msg>
    <msg msg_groups="PRAGMA_VERBOSE_DUMP" msg_id="207-5471" msg_severity="WARNING" msg_loc="C:/Users/Administrator/Desktop/6420_proj/COMP4601_prj_encryption/AES_hls_cpp/HLS_top.cpp:14:9" msg_body="HLS pragma dump">
        <args ARG_PragmaFunction="aes_top" ARG_PragmaIsValid="1" ARG_PragmaOptions="mode=s_axilite port=out" ARG_PragmaType="interface" ClangWarningOption="dump-hls-pragmas"/>
    </msg>
    <msg msg_groups="PRAGMA_VERBOSE_DUMP" msg_id="207-5471" msg_severity="WARNING" msg_loc="C:/Users/Administrator/Desktop/6420_proj/COMP4601_prj_encryption/AES_hls_cpp/HLS_top.cpp:15:9" msg_body="HLS pragma dump">
        <args ARG_PragmaFunction="aes_top" ARG_PragmaIsValid="1" ARG_PragmaOptions="mode=s_axilite port=w" ARG_PragmaType="interface" ClangWarningOption="dump-hls-pragmas"/>
    </msg>
    <msg msg_groups="PRAGMA_INLINE" msg_id="214-178" msg_severity="INFO" msg_loc="C:/Users/Administrator/Desktop/6420_proj/COMP4601_prj_encryption/AES_hls_cpp/aes_cipher.cpp:146:0" msg_body="Inlining function 'AddRoundKey(ap_uint&lt;8&gt; (*) [4], ap_uint&lt;32&gt; const*)' into 'Cipher(ap_uint&lt;8&gt;*, ap_uint&lt;8&gt;*, ap_uint&lt;32&gt; const*)'">
        <args Callee="AddRoundKey(ap_uint&lt;8&gt; (*) [4], ap_uint&lt;32&gt; const*)" Callee-DebugLoc="File C:/Users/Administrator/Desktop/6420_proj/COMP4601_prj_encryption/AES_hls_cpp/aes_cipher.cpp Line 109 Column 0" Caller="Cipher(ap_uint&lt;8&gt;*, ap_uint&lt;8&gt;*, ap_uint&lt;32&gt; const*)" Caller-DebugLoc="File C:/Users/Administrator/Desktop/6420_proj/COMP4601_prj_encryption/AES_hls_cpp/aes_cipher.cpp Line 146 Column 0"/>
    </msg>
    <msg msg_groups="PRAGMA_INLINE" msg_id="214-178" msg_severity="INFO" msg_loc="C:/Users/Administrator/Desktop/6420_proj/COMP4601_prj_encryption/AES_hls_cpp/aes_cipher.cpp:146:0" msg_body="Inlining function 'SubBytes(ap_uint&lt;8&gt; (*) [4])' into 'Cipher(ap_uint&lt;8&gt;*, ap_uint&lt;8&gt;*, ap_uint&lt;32&gt; const*)'">
        <args Callee="SubBytes(ap_uint&lt;8&gt; (*) [4])" Callee-DebugLoc="File C:/Users/Administrator/Desktop/6420_proj/COMP4601_prj_encryption/AES_hls_cpp/aes_cipher.cpp Line 77 Column 0" Caller="Cipher(ap_uint&lt;8&gt;*, ap_uint&lt;8&gt;*, ap_uint&lt;32&gt; const*)" Caller-DebugLoc="File C:/Users/Administrator/Desktop/6420_proj/COMP4601_prj_encryption/AES_hls_cpp/aes_cipher.cpp Line 146 Column 0"/>
    </msg>
    <msg msg_groups="PRAGMA_INLINE" msg_id="214-178" msg_severity="INFO" msg_loc="C:/Users/Administrator/Desktop/6420_proj/COMP4601_prj_encryption/AES_hls_cpp/aes_cipher.cpp:146:0" msg_body="Inlining function 'ShiftRows(ap_uint&lt;8&gt; (*) [4])' into 'Cipher(ap_uint&lt;8&gt;*, ap_uint&lt;8&gt;*, ap_uint&lt;32&gt; const*)'">
        <args Callee="ShiftRows(ap_uint&lt;8&gt; (*) [4])" Callee-DebugLoc="File C:/Users/Administrator/Desktop/6420_proj/COMP4601_prj_encryption/AES_hls_cpp/aes_cipher.cpp Line 83 Column 0" Caller="Cipher(ap_uint&lt;8&gt;*, ap_uint&lt;8&gt;*, ap_uint&lt;32&gt; const*)" Caller-DebugLoc="File C:/Users/Administrator/Desktop/6420_proj/COMP4601_prj_encryption/AES_hls_cpp/aes_cipher.cpp Line 146 Column 0"/>
    </msg>
    <msg msg_groups="PRAGMA_INLINE" msg_id="214-178" msg_severity="INFO" msg_loc="C:/Users/Administrator/Desktop/6420_proj/COMP4601_prj_encryption/AES_hls_cpp/aes_cipher.cpp:146:0" msg_body="Inlining function 'MixColumns(ap_uint&lt;8&gt; (*) [4])' into 'Cipher(ap_uint&lt;8&gt;*, ap_uint&lt;8&gt;*, ap_uint&lt;32&gt; const*)'">
        <args Callee="MixColumns(ap_uint&lt;8&gt; (*) [4])" Callee-DebugLoc="File C:/Users/Administrator/Desktop/6420_proj/COMP4601_prj_encryption/AES_hls_cpp/aes_cipher.cpp Line 95 Column 0" Caller="Cipher(ap_uint&lt;8&gt;*, ap_uint&lt;8&gt;*, ap_uint&lt;32&gt; const*)" Caller-DebugLoc="File C:/Users/Administrator/Desktop/6420_proj/COMP4601_prj_encryption/AES_hls_cpp/aes_cipher.cpp Line 146 Column 0"/>
    </msg>
    <msg msg_groups="PRAGMA_UNROLL" msg_id="214-291" msg_severity="INFO" msg_loc="C:/Users/Administrator/Desktop/6420_proj/COMP4601_prj_encryption/AES_hls_cpp/aes_cipher.cpp:111:27" msg_body="Loop 'VITIS_LOOP_111_2' is marked as complete unroll implied by the pipeline pragma">
        <args LoopName="VITIS_LOOP_111_2"/>
    </msg>
    <msg msg_groups="PRAGMA_UNROLL" msg_id="214-291" msg_severity="INFO" msg_loc="C:/Users/Administrator/Desktop/6420_proj/COMP4601_prj_encryption/AES_hls_cpp/aes_cipher.cpp:98:26" msg_body="Loop 'VITIS_LOOP_98_2' is marked as complete unroll implied by the pipeline pragma">
        <args LoopName="VITIS_LOOP_98_2"/>
    </msg>
    <msg msg_groups="PRAGMA_UNROLL" msg_id="214-291" msg_severity="INFO" msg_loc="C:/Users/Administrator/Desktop/6420_proj/COMP4601_prj_encryption/AES_hls_cpp/aes_cipher.cpp:105:27" msg_body="Loop 'VITIS_LOOP_105_3' is marked as complete unroll implied by the pipeline pragma">
        <args LoopName="VITIS_LOOP_105_3"/>
    </msg>
    <msg msg_groups="PRAGMA_UNROLL" msg_id="214-291" msg_severity="INFO" msg_loc="C:/Users/Administrator/Desktop/6420_proj/COMP4601_prj_encryption/AES_hls_cpp/aes_cipher.cpp:54:22" msg_body="Loop 'VITIS_LOOP_54_1' is marked as complete unroll implied by the pipeline pragma">
        <args LoopName="VITIS_LOOP_54_1"/>
    </msg>
    <msg msg_groups="PRAGMA_UNROLL" msg_id="214-186" msg_severity="INFO" msg_loc="C:/Users/Administrator/Desktop/6420_proj/COMP4601_prj_encryption/AES_hls_cpp/aes_cipher.cpp:146:0" msg_body="Unrolling loop 'VITIS_LOOP_111_2' (C:/Users/Administrator/Desktop/6420_proj/COMP4601_prj_encryption/AES_hls_cpp/aes_cipher.cpp:111:27) in function 'Cipher' completely with a factor of 4">
        <args Factor="4" LoopLoc="C:/Users/Administrator/Desktop/6420_proj/COMP4601_prj_encryption/AES_hls_cpp/aes_cipher.cpp:111:27" LoopName="VITIS_LOOP_111_2"/>
    </msg>
    <msg msg_groups="PRAGMA_UNROLL" msg_id="214-186" msg_severity="INFO" msg_loc="C:/Users/Administrator/Desktop/6420_proj/COMP4601_prj_encryption/AES_hls_cpp/aes_cipher.cpp:146:0" msg_body="Unrolling loop 'VITIS_LOOP_98_2' (C:/Users/Administrator/Desktop/6420_proj/COMP4601_prj_encryption/AES_hls_cpp/aes_cipher.cpp:98:26) in function 'Cipher' completely with a factor of 4">
        <args Factor="4" LoopLoc="C:/Users/Administrator/Desktop/6420_proj/COMP4601_prj_encryption/AES_hls_cpp/aes_cipher.cpp:98:26" LoopName="VITIS_LOOP_98_2"/>
    </msg>
    <msg msg_groups="PRAGMA_UNROLL" msg_id="214-186" msg_severity="INFO" msg_loc="C:/Users/Administrator/Desktop/6420_proj/COMP4601_prj_encryption/AES_hls_cpp/aes_cipher.cpp:146:0" msg_body="Unrolling loop 'VITIS_LOOP_105_3' (C:/Users/Administrator/Desktop/6420_proj/COMP4601_prj_encryption/AES_hls_cpp/aes_cipher.cpp:105:27) in function 'Cipher' completely with a factor of 4">
        <args Factor="4" LoopLoc="C:/Users/Administrator/Desktop/6420_proj/COMP4601_prj_encryption/AES_hls_cpp/aes_cipher.cpp:105:27" LoopName="VITIS_LOOP_105_3"/>
    </msg>
    <msg msg_groups="PRAGMA_UNROLL" msg_id="214-186" msg_severity="INFO" msg_loc="C:/Users/Administrator/Desktop/6420_proj/COMP4601_prj_encryption/AES_hls_cpp/aes_cipher.cpp:52:0" msg_body="Unrolling loop 'VITIS_LOOP_54_1' (C:/Users/Administrator/Desktop/6420_proj/COMP4601_prj_encryption/AES_hls_cpp/aes_cipher.cpp:54:22) in function 'gmul' completely with a factor of 8">
        <args Factor="8" LoopLoc="C:/Users/Administrator/Desktop/6420_proj/COMP4601_prj_encryption/AES_hls_cpp/aes_cipher.cpp:54:22" LoopName="VITIS_LOOP_54_1"/>
    </msg>
    <msg msg_groups="AUTOMATION PRAGMA_MISC" msg_id="214-437" msg_severity="INFO" msg_loc="C:/Users/Administrator/Desktop/6420_proj/COMP4601_prj_encryption/AES_hls_cpp/aes_cipher.cpp:84:22" msg_body="Automatically disabling loop flattening for loop 'VITIS_LOOP_84_1'.">
        <args LoopName="VITIS_LOOP_84_1"/>
    </msg>
    <msg msg_groups="AUTOMATION_VERBOSE_PASSED" msg_id="214-335" msg_severity="INFO" msg_loc="C:/Users/Administrator/Desktop/6420_proj/COMP4601_prj_encryption/AES_hls_cpp/aes_cipher.cpp:84:22" msg_body="loop_flatten 0 1 Cipher C:/Users/Administrator/Desktop/6420_proj/COMP4601_prj_encryption/AES_hls_cpp/aes_cipher.cpp:84:22VITIS_LOOP_84_1 C:/Users/Administrator/Desktop/6420_proj/COMP4601_prj_encryption/AES_hls_cpp/aes_cipher.cpp:84:22">
        <args LoopLoc="C:/Users/Administrator/Desktop/6420_proj/COMP4601_prj_encryption/AES_hls_cpp/aes_cipher.cpp:84:22" LoopLoc-DebugLoc="File C:/Users/Administrator/Desktop/6420_proj/COMP4601_prj_encryption/AES_hls_cpp/aes_cipher.cpp Line 84 Column 22" LoopName="VITIS_LOOP_84_1" PragmaFunction="Cipher" PragmaIsAuto="1" PragmaOptions="0" PragmaSrcLoc="C:/Users/Administrator/Desktop/6420_proj/COMP4601_prj_encryption/AES_hls_cpp/aes_cipher.cpp:84:22" PragmaSrcLoc-DebugLoc="File C:/Users/Administrator/Desktop/6420_proj/COMP4601_prj_encryption/AES_hls_cpp/aes_cipher.cpp Line 84 Column 22" PragmaType="loop_flatten"/>
    </msg>
    <msg msg_groups="AUTOMATION PRAGMA_MISC" msg_id="214-421" msg_severity="INFO" msg_loc="C:/Users/Administrator/Desktop/6420_proj/COMP4601_prj_encryption/AES_hls_cpp/aes_cipher.cpp:97:14" msg_body="Automatically partitioning small array 'a' completely based on array size.">
        <args Value="a"/>
    </msg>
    <msg msg_groups="AUTOMATION PRAGMA_MISC" msg_id="214-421" msg_severity="INFO" msg_loc="C:/Users/Administrator/Desktop/6420_proj/COMP4601_prj_encryption/AES_hls_cpp/aes_cipher.cpp:97:20" msg_body="Automatically partitioning small array 'res' completely based on array size.">
        <args Value="res"/>
    </msg>
    <msg msg_groups="AUTOMATION_VERBOSE_PASSED" msg_id="214-335" msg_severity="INFO" msg_loc="C:/Users/Administrator/Desktop/6420_proj/COMP4601_prj_encryption/AES_hls_cpp/aes_cipher.cpp:97:14" msg_body="array_partition dim=1 type=complete  variable=a.i 1 Cipher C:/Users/Administrator/Desktop/6420_proj/COMP4601_prj_encryption/AES_hls_cpp/aes_cipher.cpp:97:14 a.i">
        <args PragmaFunction="Cipher" PragmaIsAuto="1" PragmaOptions="dim=1 type=complete  variable=a.i" PragmaType="array_partition" VarName="a.i" varLoc="C:/Users/Administrator/Desktop/6420_proj/COMP4601_prj_encryption/AES_hls_cpp/aes_cipher.cpp:97:14"/>
    </msg>
    <msg msg_groups="AUTOMATION PRAGMA_MISC" msg_id="214-270" msg_severity="INFO" msg_loc="C:/Users/Administrator/Desktop/6420_proj/COMP4601_prj_encryption/AES_hls_cpp/aes_cipher.cpp:97:14" msg_body="Inferring pragma 'array_partition type=complete dim=1' for array 'a.i' due to pipeline pragma">
        <args Dim="1" Mode="complete" Name="a.i" PragmaType="array_partition"/>
    </msg>
    <msg msg_groups="AUTOMATION_VERBOSE_PASSED" msg_id="214-335" msg_severity="INFO" msg_loc="C:/Users/Administrator/Desktop/6420_proj/COMP4601_prj_encryption/AES_hls_cpp/aes_cipher.cpp:97:20" msg_body="array_partition dim=1 type=complete  variable=res.i 1 Cipher C:/Users/Administrator/Desktop/6420_proj/COMP4601_prj_encryption/AES_hls_cpp/aes_cipher.cpp:97:20 res.i">
        <args PragmaFunction="Cipher" PragmaIsAuto="1" PragmaOptions="dim=1 type=complete  variable=res.i" PragmaType="array_partition" VarName="res.i" varLoc="C:/Users/Administrator/Desktop/6420_proj/COMP4601_prj_encryption/AES_hls_cpp/aes_cipher.cpp:97:20"/>
    </msg>
    <msg msg_groups="AUTOMATION PRAGMA_MISC" msg_id="214-270" msg_severity="INFO" msg_loc="C:/Users/Administrator/Desktop/6420_proj/COMP4601_prj_encryption/AES_hls_cpp/aes_cipher.cpp:97:20" msg_body="Inferring pragma 'array_partition type=complete dim=1' for array 'res.i' due to pipeline pragma">
        <args Dim="1" Mode="complete" Name="res.i" PragmaType="array_partition"/>
    </msg>
    <msg msg_groups="AUTOMATION_VERBOSE_PASSED" msg_id="214-335" msg_severity="INFO" msg_loc="C:/Users/Administrator/Desktop/6420_proj/COMP4601_prj_encryption/AES_hls_cpp/aes_cipher.cpp:147:10" msg_body="array_partition dim=1 type=complete  variable=state 1 Cipher C:/Users/Administrator/Desktop/6420_proj/COMP4601_prj_encryption/AES_hls_cpp/aes_cipher.cpp:147:10 state">
        <args PragmaFunction="Cipher" PragmaIsAuto="1" PragmaOptions="dim=1 type=complete  variable=state" PragmaType="array_partition" VarName="state" varLoc="C:/Users/Administrator/Desktop/6420_proj/COMP4601_prj_encryption/AES_hls_cpp/aes_cipher.cpp:147:10"/>
    </msg>
    <msg msg_groups="AUTOMATION PRAGMA_MISC" msg_id="214-270" msg_severity="INFO" msg_loc="C:/Users/Administrator/Desktop/6420_proj/COMP4601_prj_encryption/AES_hls_cpp/aes_cipher.cpp:147:10" msg_body="Inferring pragma 'array_partition type=complete dim=1' for array 'state' due to pipeline pragma">
        <args Dim="1" Mode="complete" Name="state" PragmaType="array_partition"/>
    </msg>
    <msg msg_groups="PRAGMA_MISC" msg_id="214-248" msg_severity="INFO" msg_loc="C:/Users/Administrator/Desktop/6420_proj/COMP4601_prj_encryption/AES_hls_cpp/aes_cipher.cpp:97:14" msg_body="Applying array_partition to 'a.i': Complete partitioning on dimension 1.">
        <args Dim="1" Mode="Complete" UOName="a.i"/>
    </msg>
    <msg msg_groups="PRAGMA_MISC" msg_id="214-248" msg_severity="INFO" msg_loc="C:/Users/Administrator/Desktop/6420_proj/COMP4601_prj_encryption/AES_hls_cpp/aes_cipher.cpp:97:20" msg_body="Applying array_partition to 'res.i': Complete partitioning on dimension 1.">
        <args Dim="1" Mode="Complete" UOName="res.i"/>
    </msg>
    <msg msg_groups="PRAGMA_MISC" msg_id="214-248" msg_severity="INFO" msg_loc="C:/Users/Administrator/Desktop/6420_proj/COMP4601_prj_encryption/AES_hls_cpp/aes_cipher.cpp:147:10" msg_body="Applying array_partition to 'state': Complete partitioning on dimension 1.">
        <args Dim="1" Mode="Complete" UOName="state"/>
    </msg>
</xilinx:hls_fe_msgs>

