<pragmas>
<pragma file="" line="0" pragmaType="inline" parentfunction="bool operator!=<32, true>(ap_int_base<32, true> const&, int)" off="0" region="0" recursive="0"/>
<pragma file="" line="0" pragmaType="inline" parentfunction="ap_int_base<32, true>::ap_int_base(int)" off="0" region="0" recursive="0"/>
<pragma file="C:/Xilinx/2025.1/Vitis/common/technology/autopilot\etc/ap_common.h" line="542" pragmaType="inline" parentfunction="ssdm_int<8, false>::ssdm_int(unsigned char)" off="0" region="0" recursive="0"/>
<pragma file="" line="0" pragmaType="inline" parentfunction="ap_int_base<32, false>::ap_int_base<32, true>(ap_int_base<32, true> const&)" off="0" region="0" recursive="0"/>
<pragma file="" line="0" pragmaType="inline" parentfunction="ap_int_base<32, true>::operator-() const" off="0" region="0" recursive="0"/>
<pragma file="" line="0" pragmaType="inline" parentfunction="ap_int_base<8, false>& ap_int_base<8, false>::operator<<=<32>(ap_int_base<32, false> const&)" off="0" region="0" recursive="0"/>
<pragma file="" line="0" pragmaType="inline" parentfunction="ap_uint<8>::ap_uint(int)" off="0" region="0" recursive="0"/>
<pragma file="" line="0" pragmaType="inline" parentfunction="ap_int_base<8, false>::ap_int_base(int)" off="0" region="0" recursive="0"/>
<pragma file="" line="0" pragmaType="inline" parentfunction="ap_int_base<8, false>::RType<8, false>::logic operator^<8, false, 8, false>(ap_int_base<8, false> const&, ap_int_base<8, false> const&)" off="0" region="0" recursive="0"/>
<pragma file="C:/Users/Administrator/Desktop/6420_proj/COMP4601_prj_encryption/AES_hls_cpp/HLS_top.cpp" line="12" pragmaType="interface" parentfunction="aes_top" mode="s_axilite" port="" bundle="" offset="-1" name="" clock="" impl="" register="0"/>
<pragma file="C:/Users/Administrator/Desktop/6420_proj/COMP4601_prj_encryption/AES_hls_cpp/HLS_top.cpp" line="13" pragmaType="interface" parentfunction="aes_top" mode="s_axilite" port="in" bundle="" offset="-1" name="" clock="" impl="" register="0"/>
<pragma file="C:/Users/Administrator/Desktop/6420_proj/COMP4601_prj_encryption/AES_hls_cpp/HLS_top.cpp" line="14" pragmaType="interface" parentfunction="aes_top" mode="s_axilite" port="out" bundle="" offset="-1" name="" clock="" impl="" register="0"/>
<pragma file="C:/Users/Administrator/Desktop/6420_proj/COMP4601_prj_encryption/AES_hls_cpp/HLS_top.cpp" line="15" pragmaType="interface" parentfunction="aes_top" mode="s_axilite" port="w" bundle="" offset="-1" name="" clock="" impl="" register="0"/>
<pragma file="" line="0" pragmaType="inline" parentfunction="ap_uint<8>::ap_uint<8, false>(ap_int_base<8, false> const&)" off="0" region="0" recursive="0"/>
<pragma file="" line="0" pragmaType="inline" parentfunction="ap_int_base<8, false>::RType<($_0)32, true>::logic operator&<8, false>(ap_int_base<8, false> const&, int)" off="0" region="0" recursive="0"/>
<pragma file="" line="0" pragmaType="inline" parentfunction="ap_int_base<32, true>::operator long long() const" off="0" region="0" recursive="0"/>
<pragma file="" line="0" pragmaType="inline" parentfunction="ap_int_base<8, false>& operator<<=<8, false>(ap_int_base<8, false>&, int)" off="0" region="0" recursive="0"/>
<pragma file="" line="0" pragmaType="inline" parentfunction="ap_int_base<8, false>& operator^=<8, false>(ap_int_base<8, false>&, int)" off="0" region="0" recursive="0"/>
<pragma file="" line="0" pragmaType="inline" parentfunction="checkOverflowBaseC" off="0" region="0" recursive="0"/>
<pragma file="" line="0" pragmaType="inline" parentfunction="ap_int_base<32, false>& ap_int_base<32, false>::operator=<33, true>(ap_int_base<33, true> const&)" off="0" region="0" recursive="0"/>
<pragma file="" line="0" pragmaType="inline" parentfunction="ap_int_base<8, false>& ap_int_base<8, false>::operator>>=<32>(ap_int_base<32, true> const&)" off="0" region="0" recursive="0"/>
<pragma file="" line="0" pragmaType="inline" parentfunction="ap_int_base<8, false>& ap_int_base<8, false>::operator^=<8, false>(ap_int_base<8, false> const&)" off="0" region="0" recursive="0"/>
<pragma file="" line="0" pragmaType="inline" parentfunction="ap_int_base<8, false>& operator>>=<8, false>(ap_int_base<8, false>&, int)" off="0" region="0" recursive="0"/>
<pragma file="" line="0" pragmaType="inline" parentfunction="ap_int_base<8, false>& ap_int_base<8, false>::operator^=<32, true>(ap_int_base<32, true> const&)" off="0" region="0" recursive="0"/>
<pragma file="" line="0" pragmaType="inline" parentfunction="checkOverflowCsim" off="0" region="0" recursive="0"/>
<pragma file="" line="0" pragmaType="inline" parentfunction="ap_int_base<8, false>& ap_int_base<8, false>::operator<<=<32>(ap_int_base<32, true> const&)" off="0" region="0" recursive="0"/>
<pragma file="" line="0" pragmaType="inline" parentfunction="ap_uint<32>::ap_uint<32, false>(ap_int_base<32, false> const&)" off="0" region="0" recursive="0"/>
<pragma file="C:/Xilinx/2025.1/Vitis/common/technology/autopilot\etc/ap_common.h" line="534" pragmaType="inline" parentfunction="_ZN8ssdm_intILi33ELb1EEC2EDq33_i" off="0" region="0" recursive="0"/>
<pragma file="" line="0" pragmaType="inline" parentfunction="ap_int_base<33, true>::ap_int_base<32, true>(ap_int_base<32, true> const&)" off="0" region="0" recursive="0"/>
<pragma file="C:/Xilinx/2025.1/Vitis/common/technology/autopilot\etc/ap_common.h" line="534" pragmaType="inline" parentfunction="ssdm_int<32, true>::ssdm_int(int)" off="0" region="0" recursive="0"/>
<pragma file="" line="0" pragmaType="inline" parentfunction="ap_int_base<32, false>::RType<32, false>::arg1 operator>><32, false>(ap_int_base<32, false> const&, int)" off="0" region="0" recursive="0"/>
<pragma file="" line="0" pragmaType="inline" parentfunction="ap_int_base<1, false>::ap_int_base(int)" off="0" region="0" recursive="0"/>
<pragma file="" line="0" pragmaType="inline" parentfunction="ap_int_base<8, false>::operator unsigned long long() const" off="0" region="0" recursive="0"/>
<pragma file="" line="0" pragmaType="inline" parentfunction="bool ap_int_base<32, true>::operator!=<32, true>(ap_int_base<32, true> const&) const" off="0" region="0" recursive="0"/>
<pragma file="" line="0" pragmaType="inline" parentfunction="ap_uint<8>::ap_uint<33>(ap_int<33> const&)" off="0" region="0" recursive="0"/>
<pragma file="" line="0" pragmaType="inline" parentfunction="ap_int<33>::ap_int<33, true>(ap_int_base<33, true> const&)" off="0" region="0" recursive="0"/>
<pragma file="" line="0" pragmaType="inline" parentfunction="ap_int_base<32, false>::RType<32, true>::logic operator&<32, false, 32, true>(ap_int_base<32, false> const&, ap_int_base<32, true> const&)" off="0" region="0" recursive="0"/>
<pragma file="" line="0" pragmaType="inline" parentfunction="ap_int_base<8, false>::ap_int_base<33, true>(ap_int_base<33, true> const&)" off="0" region="0" recursive="0"/>
<pragma file="" line="0" pragmaType="inline" parentfunction="ap_int<32>::ap_int<32, true>(ap_int_base<32, true> const&)" off="0" region="0" recursive="0"/>
<pragma file="" line="0" pragmaType="inline" parentfunction="ap_int_base<1, false>::RType<32, true>::minus operator-<1, false, 32, true>(ap_int_base<1, false> const&, ap_int_base<32, true> const&)" off="0" region="0" recursive="0"/>
<pragma file="" line="0" pragmaType="inline" parentfunction="ap_int_base<8, false>::RType<32, true>::logic operator&<8, false, 32, true>(ap_int_base<8, false> const&, ap_int_base<32, true> const&)" off="0" region="0" recursive="0"/>
<pragma file="" line="0" pragmaType="inline" parentfunction="ap_int_base<32, false>::RType<($_0)32, true>::logic operator&<32, false>(ap_int_base<32, false> const&, int)" off="0" region="0" recursive="0"/>
<pragma file="" line="0" pragmaType="inline" parentfunction="ap_int_base<33, true>::ap_int_base<1, false>(ap_int_base<1, false> const&)" off="0" region="0" recursive="0"/>
<pragma file="" line="0" pragmaType="inline" parentfunction="to_uint" off="0" region="0" recursive="0"/>
<pragma file="" line="0" pragmaType="inline" parentfunction="ap_int_base<33, true>::ap_int_base<32, false>(ap_int_base<32, false> const&)" off="0" region="0" recursive="0"/>
<pragma file="" line="0" pragmaType="inline" parentfunction="ap_int_base<32, false>::ap_int_base(int)" off="0" region="0" recursive="0"/>
<pragma file="C:/Xilinx/2025.1/Vitis/common/technology/autopilot\etc/ap_common.h" line="542" pragmaType="inline" parentfunction="_ZN8ssdm_intILi1ELb0EEC2EDq1_j" off="0" region="0" recursive="0"/>
<pragma file="" line="0" pragmaType="inline" parentfunction="ap_int_base<8, false>& ap_int_base<8, false>::operator>>=<32>(ap_int_base<32, false> const&)" off="0" region="0" recursive="0"/>
<pragma file="C:/Xilinx/2025.1/Vitis/common/technology/autopilot\etc/ap_common.h" line="542" pragmaType="inline" parentfunction="ssdm_int<32, false>::ssdm_int(unsigned int)" off="0" region="0" recursive="0"/>
<pragma file="" line="0" pragmaType="inline" parentfunction="ap_int_base<32, true>::ap_int_base<8, false>(ap_int_base<8, false> const&)" off="0" region="0" recursive="0"/>
<pragma file="" line="0" pragmaType="inline" parentfunction="ap_int_base<33, true>::ap_int_base(int)" off="0" region="0" recursive="0"/>
</pragmas>
