<stg><name>gmul</name>


<trans_list>
</trans_list>



<state_list>

<state id="1" st_id="1">

<operation id="2" st_id="1" stage="1" lat="1">
<core>NULL</core>
<MemPortIdVec></MemPortIdVec>
<condition id="-1">
<or_exp><and_exp></and_exp></or_exp>
</condition>

<Node id="3" bw="8" op_0_bw="8" op_1_bw="8">
<![CDATA[
entry:0 %b_read = read i8 @_ssdm_op_Read.ap_auto.i8, i8 %b

]]></Node>
<StgValue><ssdm name="b_read"/></StgValue>
</operation>

<operation id="3" st_id="1" stage="1" lat="1">
<core>NULL</core>
<MemPortIdVec></MemPortIdVec>
<condition id="-1">
<or_exp><and_exp></and_exp></or_exp>
</condition>

<Node id="4" bw="2" op_0_bw="2" op_1_bw="2">
<![CDATA[
entry:1 %a_read = read i2 @_ssdm_op_Read.ap_auto.i2, i2 %a

]]></Node>
<StgValue><ssdm name="a_read"/></StgValue>
</operation>

<operation id="4" st_id="1" stage="1" lat="1">
<core>NULL</core>
<MemPortIdVec></MemPortIdVec>
<condition id="-1">
<or_exp><and_exp></and_exp></or_exp>
</condition>

<Node id="5" bw="1" op_0_bw="8">
<![CDATA[
entry:2 %trunc_ln52 = trunc i8 %b_read

]]></Node>
<StgValue><ssdm name="trunc_ln52"/></StgValue>
</operation>

<operation id="5" st_id="1" stage="1" lat="1">
<core>Sel</core>
<MemPortIdVec></MemPortIdVec>
<condition id="-1">
<or_exp><and_exp></and_exp></or_exp>
</condition>

<Node id="6" bw="2" op_0_bw="1" op_1_bw="2" op_2_bw="2">
<![CDATA[
entry:3 %select_ln55 = select i1 %trunc_ln52, i2 %a_read, i2 0

]]></Node>
<StgValue><ssdm name="select_ln55"/></StgValue>
</operation>

<operation id="6" st_id="1" stage="1" lat="1">
<core>NULL</core>
<MemPortIdVec></MemPortIdVec>
<condition id="-1">
<or_exp><and_exp></and_exp></or_exp>
</condition>

<Node id="7" bw="3" op_0_bw="2">
<![CDATA[
entry:4 %zext_ln57 = zext i2 %select_ln55

]]></Node>
<StgValue><ssdm name="zext_ln57"/></StgValue>
</operation>

<operation id="7" st_id="1" stage="1" lat="1">
<core>NULL</core>
<MemPortIdVec></MemPortIdVec>
<condition id="-1">
<or_exp><and_exp><literal name="tmp" val="1"/>
</and_exp></or_exp>
</condition>

<Node id="8" bw="3" op_0_bw="3" op_1_bw="2" op_2_bw="1">
<![CDATA[
entry:5 %a_1 = bitconcatenate i3 @_ssdm_op_BitConcatenate.i3.i2.i1, i2 %a_read, i1 0

]]></Node>
<StgValue><ssdm name="a_1"/></StgValue>
</operation>

<operation id="8" st_id="1" stage="1" lat="1">
<core>NULL</core>
<MemPortIdVec></MemPortIdVec>
<condition id="-1">
<or_exp><and_exp></and_exp></or_exp>
</condition>

<Node id="9" bw="1" op_0_bw="1" op_1_bw="8" op_2_bw="32">
<![CDATA[
entry:6 %tmp = bitselect i1 @_ssdm_op_BitSelect.i1.i8.i32, i8 %b_read, i32 1

]]></Node>
<StgValue><ssdm name="tmp"/></StgValue>
</operation>

<operation id="9" st_id="1" stage="1" lat="1">
<core>Sel</core>
<MemPortIdVec></MemPortIdVec>
<condition id="-1">
<or_exp><and_exp></and_exp></or_exp>
</condition>

<Node id="10" bw="3" op_0_bw="1" op_1_bw="3" op_2_bw="3">
<![CDATA[
entry:7 %select_ln55_1 = select i1 %tmp, i3 %a_1, i3 0

]]></Node>
<StgValue><ssdm name="select_ln55_1"/></StgValue>
</operation>

<operation id="10" st_id="1" stage="1" lat="1">
<core>NULL</core>
<MemPortIdVec></MemPortIdVec>
<condition id="-1">
<or_exp><and_exp><literal name="tmp_1" val="1"/>
</and_exp></or_exp>
</condition>

<Node id="11" bw="4" op_0_bw="4" op_1_bw="2" op_2_bw="2">
<![CDATA[
entry:8 %a_2 = bitconcatenate i4 @_ssdm_op_BitConcatenate.i4.i2.i2, i2 %a_read, i2 0

]]></Node>
<StgValue><ssdm name="a_2"/></StgValue>
</operation>

<operation id="11" st_id="1" stage="1" lat="1">
<core>NULL</core>
<MemPortIdVec></MemPortIdVec>
<condition id="-1">
<or_exp><and_exp></and_exp></or_exp>
</condition>

<Node id="12" bw="1" op_0_bw="1" op_1_bw="8" op_2_bw="32">
<![CDATA[
entry:9 %tmp_1 = bitselect i1 @_ssdm_op_BitSelect.i1.i8.i32, i8 %b_read, i32 2

]]></Node>
<StgValue><ssdm name="tmp_1"/></StgValue>
</operation>

<operation id="12" st_id="1" stage="1" lat="1">
<core>Sel</core>
<MemPortIdVec></MemPortIdVec>
<condition id="-1">
<or_exp><and_exp></and_exp></or_exp>
</condition>

<Node id="13" bw="4" op_0_bw="1" op_1_bw="4" op_2_bw="4">
<![CDATA[
entry:10 %select_ln55_2 = select i1 %tmp_1, i4 %a_2, i4 0

]]></Node>
<StgValue><ssdm name="select_ln55_2"/></StgValue>
</operation>

<operation id="13" st_id="1" stage="1" lat="1">
<core>NULL</core>
<MemPortIdVec></MemPortIdVec>
<condition id="-1">
<or_exp><and_exp></and_exp></or_exp>
</condition>

<Node id="14" bw="5" op_0_bw="4">
<![CDATA[
entry:11 %zext_ln57_1 = zext i4 %select_ln55_2

]]></Node>
<StgValue><ssdm name="zext_ln57_1"/></StgValue>
</operation>

<operation id="14" st_id="1" stage="1" lat="1">
<core>NULL</core>
<MemPortIdVec></MemPortIdVec>
<condition id="-1">
<or_exp><and_exp><literal name="tmp_2" val="1"/>
</and_exp></or_exp>
</condition>

<Node id="15" bw="5" op_0_bw="5" op_1_bw="2" op_2_bw="3">
<![CDATA[
entry:12 %a_3 = bitconcatenate i5 @_ssdm_op_BitConcatenate.i5.i2.i3, i2 %a_read, i3 0

]]></Node>
<StgValue><ssdm name="a_3"/></StgValue>
</operation>

<operation id="15" st_id="1" stage="1" lat="1">
<core>NULL</core>
<MemPortIdVec></MemPortIdVec>
<condition id="-1">
<or_exp><and_exp></and_exp></or_exp>
</condition>

<Node id="16" bw="1" op_0_bw="1" op_1_bw="8" op_2_bw="32">
<![CDATA[
entry:13 %tmp_2 = bitselect i1 @_ssdm_op_BitSelect.i1.i8.i32, i8 %b_read, i32 3

]]></Node>
<StgValue><ssdm name="tmp_2"/></StgValue>
</operation>

<operation id="16" st_id="1" stage="1" lat="1">
<core>Sel</core>
<MemPortIdVec></MemPortIdVec>
<condition id="-1">
<or_exp><and_exp></and_exp></or_exp>
</condition>

<Node id="17" bw="5" op_0_bw="1" op_1_bw="5" op_2_bw="5">
<![CDATA[
entry:14 %select_ln55_3 = select i1 %tmp_2, i5 %a_3, i5 0

]]></Node>
<StgValue><ssdm name="select_ln55_3"/></StgValue>
</operation>

<operation id="17" st_id="1" stage="1" lat="1">
<core>NULL</core>
<MemPortIdVec></MemPortIdVec>
<condition id="-1">
<or_exp><and_exp><literal name="tmp_3" val="1"/>
</and_exp></or_exp>
</condition>

<Node id="18" bw="6" op_0_bw="6" op_1_bw="2" op_2_bw="4">
<![CDATA[
entry:15 %a_4 = bitconcatenate i6 @_ssdm_op_BitConcatenate.i6.i2.i4, i2 %a_read, i4 0

]]></Node>
<StgValue><ssdm name="a_4"/></StgValue>
</operation>

<operation id="18" st_id="1" stage="1" lat="1">
<core>NULL</core>
<MemPortIdVec></MemPortIdVec>
<condition id="-1">
<or_exp><and_exp></and_exp></or_exp>
</condition>

<Node id="19" bw="1" op_0_bw="1" op_1_bw="8" op_2_bw="32">
<![CDATA[
entry:16 %tmp_3 = bitselect i1 @_ssdm_op_BitSelect.i1.i8.i32, i8 %b_read, i32 4

]]></Node>
<StgValue><ssdm name="tmp_3"/></StgValue>
</operation>

<operation id="19" st_id="1" stage="1" lat="1">
<core>Sel</core>
<MemPortIdVec></MemPortIdVec>
<condition id="-1">
<or_exp><and_exp></and_exp></or_exp>
</condition>

<Node id="20" bw="6" op_0_bw="1" op_1_bw="6" op_2_bw="6">
<![CDATA[
entry:17 %select_ln55_4 = select i1 %tmp_3, i6 %a_4, i6 0

]]></Node>
<StgValue><ssdm name="select_ln55_4"/></StgValue>
</operation>

<operation id="20" st_id="1" stage="1" lat="1">
<core>NULL</core>
<MemPortIdVec></MemPortIdVec>
<condition id="-1">
<or_exp><and_exp></and_exp></or_exp>
</condition>

<Node id="21" bw="7" op_0_bw="6">
<![CDATA[
entry:18 %zext_ln57_2 = zext i6 %select_ln55_4

]]></Node>
<StgValue><ssdm name="zext_ln57_2"/></StgValue>
</operation>

<operation id="21" st_id="1" stage="1" lat="1">
<core>NULL</core>
<MemPortIdVec></MemPortIdVec>
<condition id="-1">
<or_exp><and_exp><literal name="tmp_4" val="1"/>
</and_exp></or_exp>
</condition>

<Node id="22" bw="7" op_0_bw="7" op_1_bw="2" op_2_bw="5">
<![CDATA[
entry:19 %a_5 = bitconcatenate i7 @_ssdm_op_BitConcatenate.i7.i2.i5, i2 %a_read, i5 0

]]></Node>
<StgValue><ssdm name="a_5"/></StgValue>
</operation>

<operation id="22" st_id="1" stage="1" lat="1">
<core>NULL</core>
<MemPortIdVec></MemPortIdVec>
<condition id="-1">
<or_exp><and_exp></and_exp></or_exp>
</condition>

<Node id="23" bw="1" op_0_bw="1" op_1_bw="8" op_2_bw="32">
<![CDATA[
entry:20 %tmp_4 = bitselect i1 @_ssdm_op_BitSelect.i1.i8.i32, i8 %b_read, i32 5

]]></Node>
<StgValue><ssdm name="tmp_4"/></StgValue>
</operation>

<operation id="23" st_id="1" stage="1" lat="1">
<core>Sel</core>
<MemPortIdVec></MemPortIdVec>
<condition id="-1">
<or_exp><and_exp></and_exp></or_exp>
</condition>

<Node id="24" bw="7" op_0_bw="1" op_1_bw="7" op_2_bw="7">
<![CDATA[
entry:21 %select_ln55_5 = select i1 %tmp_4, i7 %a_5, i7 0

]]></Node>
<StgValue><ssdm name="select_ln55_5"/></StgValue>
</operation>

<operation id="24" st_id="1" stage="1" lat="1">
<core>NULL</core>
<MemPortIdVec></MemPortIdVec>
<condition id="-1">
<or_exp><and_exp><literal name="tmp_5" val="1"/>
</and_exp></or_exp>
</condition>

<Node id="25" bw="8" op_0_bw="8" op_1_bw="2" op_2_bw="6">
<![CDATA[
entry:22 %a_6 = bitconcatenate i8 @_ssdm_op_BitConcatenate.i8.i2.i6, i2 %a_read, i6 0

]]></Node>
<StgValue><ssdm name="a_6"/></StgValue>
</operation>

<operation id="25" st_id="1" stage="1" lat="1">
<core>NULL</core>
<MemPortIdVec></MemPortIdVec>
<condition id="-1">
<or_exp><and_exp></and_exp></or_exp>
</condition>

<Node id="26" bw="1" op_0_bw="1" op_1_bw="8" op_2_bw="32">
<![CDATA[
entry:23 %tmp_5 = bitselect i1 @_ssdm_op_BitSelect.i1.i8.i32, i8 %b_read, i32 6

]]></Node>
<StgValue><ssdm name="tmp_5"/></StgValue>
</operation>

<operation id="26" st_id="1" stage="1" lat="1">
<core>Sel</core>
<MemPortIdVec></MemPortIdVec>
<condition id="-1">
<or_exp><and_exp></and_exp></or_exp>
</condition>

<Node id="27" bw="8" op_0_bw="1" op_1_bw="8" op_2_bw="8">
<![CDATA[
entry:24 %select_ln55_6 = select i1 %tmp_5, i8 %a_6, i8 0

]]></Node>
<StgValue><ssdm name="select_ln55_6"/></StgValue>
</operation>

<operation id="27" st_id="1" stage="1" lat="1">
<core>NULL</core>
<MemPortIdVec></MemPortIdVec>
<condition id="-1">
<or_exp><and_exp><literal name="tmp_6" val="1"/>
</and_exp></or_exp>
</condition>

<Node id="28" bw="1" op_0_bw="2">
<![CDATA[
entry:25 %trunc_ln57 = trunc i2 %a_read

]]></Node>
<StgValue><ssdm name="trunc_ln57"/></StgValue>
</operation>

<operation id="28" st_id="1" stage="1" lat="1">
<core>NULL</core>
<MemPortIdVec></MemPortIdVec>
<condition id="-1">
<or_exp><and_exp><literal name="tmp_6" val="1"/>
</and_exp></or_exp>
</condition>

<Node id="29" bw="8" op_0_bw="8" op_1_bw="1" op_2_bw="7">
<![CDATA[
entry:26 %a_7 = bitconcatenate i8 @_ssdm_op_BitConcatenate.i8.i1.i7, i1 %trunc_ln57, i7 27

]]></Node>
<StgValue><ssdm name="a_7"/></StgValue>
</operation>

<operation id="29" st_id="1" stage="1" lat="1">
<core>NULL</core>
<MemPortIdVec></MemPortIdVec>
<condition id="-1">
<or_exp><and_exp></and_exp></or_exp>
</condition>

<Node id="30" bw="1" op_0_bw="1" op_1_bw="8" op_2_bw="32">
<![CDATA[
entry:27 %tmp_6 = bitselect i1 @_ssdm_op_BitSelect.i1.i8.i32, i8 %b_read, i32 7

]]></Node>
<StgValue><ssdm name="tmp_6"/></StgValue>
</operation>

<operation id="30" st_id="1" stage="1" lat="1">
<core>Sel</core>
<MemPortIdVec></MemPortIdVec>
<condition id="-1">
<or_exp><and_exp></and_exp></or_exp>
</condition>

<Node id="31" bw="8" op_0_bw="1" op_1_bw="8" op_2_bw="8">
<![CDATA[
entry:28 %select_ln55_7 = select i1 %tmp_6, i8 %a_7, i8 0

]]></Node>
<StgValue><ssdm name="select_ln55_7"/></StgValue>
</operation>

<operation id="31" st_id="1" stage="1" lat="1">
<core>LogicGate</core>
<MemPortIdVec></MemPortIdVec>
<condition id="-1">
<or_exp><and_exp></and_exp></or_exp>
</condition>

<Node id="32" bw="3" op_0_bw="3" op_1_bw="3">
<![CDATA[
entry:29 %xor_ln55 = xor i3 %zext_ln57, i3 %select_ln55_1

]]></Node>
<StgValue><ssdm name="xor_ln55"/></StgValue>
</operation>

<operation id="32" st_id="1" stage="1" lat="1">
<core>NULL</core>
<MemPortIdVec></MemPortIdVec>
<condition id="-1">
<or_exp><and_exp></and_exp></or_exp>
</condition>

<Node id="33" bw="5" op_0_bw="3">
<![CDATA[
entry:30 %zext_ln55 = zext i3 %xor_ln55

]]></Node>
<StgValue><ssdm name="zext_ln55"/></StgValue>
</operation>

<operation id="33" st_id="1" stage="1" lat="1">
<core>LogicGate</core>
<MemPortIdVec></MemPortIdVec>
<condition id="-1">
<or_exp><and_exp></and_exp></or_exp>
</condition>

<Node id="34" bw="5" op_0_bw="5" op_1_bw="5">
<![CDATA[
entry:31 %xor_ln55_1 = xor i5 %zext_ln57_1, i5 %select_ln55_3

]]></Node>
<StgValue><ssdm name="xor_ln55_1"/></StgValue>
</operation>

<operation id="34" st_id="1" stage="1" lat="1">
<core>LogicGate</core>
<MemPortIdVec></MemPortIdVec>
<condition id="-1">
<or_exp><and_exp></and_exp></or_exp>
</condition>

<Node id="35" bw="5" op_0_bw="5" op_1_bw="5">
<![CDATA[
entry:32 %xor_ln55_2 = xor i5 %xor_ln55_1, i5 %zext_ln55

]]></Node>
<StgValue><ssdm name="xor_ln55_2"/></StgValue>
</operation>

<operation id="35" st_id="1" stage="1" lat="1">
<core>NULL</core>
<MemPortIdVec></MemPortIdVec>
<condition id="-1">
<or_exp><and_exp></and_exp></or_exp>
</condition>

<Node id="36" bw="8" op_0_bw="5">
<![CDATA[
entry:33 %zext_ln55_1 = zext i5 %xor_ln55_2

]]></Node>
<StgValue><ssdm name="zext_ln55_1"/></StgValue>
</operation>

<operation id="36" st_id="1" stage="1" lat="1">
<core>LogicGate</core>
<MemPortIdVec></MemPortIdVec>
<condition id="-1">
<or_exp><and_exp></and_exp></or_exp>
</condition>

<Node id="37" bw="7" op_0_bw="7" op_1_bw="7">
<![CDATA[
entry:34 %xor_ln55_3 = xor i7 %zext_ln57_2, i7 %select_ln55_5

]]></Node>
<StgValue><ssdm name="xor_ln55_3"/></StgValue>
</operation>

<operation id="37" st_id="1" stage="1" lat="1">
<core>NULL</core>
<MemPortIdVec></MemPortIdVec>
<condition id="-1">
<or_exp><and_exp></and_exp></or_exp>
</condition>

<Node id="38" bw="8" op_0_bw="7">
<![CDATA[
entry:35 %zext_ln55_2 = zext i7 %xor_ln55_3

]]></Node>
<StgValue><ssdm name="zext_ln55_2"/></StgValue>
</operation>

<operation id="38" st_id="1" stage="1" lat="1">
<core>LogicGate</core>
<MemPortIdVec></MemPortIdVec>
<condition id="-1">
<or_exp><and_exp></and_exp></or_exp>
</condition>

<Node id="39" bw="8" op_0_bw="8" op_1_bw="8">
<![CDATA[
entry:36 %xor_ln55_4 = xor i8 %select_ln55_6, i8 %select_ln55_7

]]></Node>
<StgValue><ssdm name="xor_ln55_4"/></StgValue>
</operation>

<operation id="39" st_id="1" stage="1" lat="1">
<core>LogicGate</core>
<MemPortIdVec></MemPortIdVec>
<condition id="-1">
<or_exp><and_exp></and_exp></or_exp>
</condition>

<Node id="40" bw="8" op_0_bw="8" op_1_bw="8">
<![CDATA[
entry:37 %xor_ln55_5 = xor i8 %xor_ln55_4, i8 %zext_ln55_2

]]></Node>
<StgValue><ssdm name="xor_ln55_5"/></StgValue>
</operation>

<operation id="40" st_id="1" stage="1" lat="1">
<core>LogicGate</core>
<MemPortIdVec></MemPortIdVec>
<condition id="-1">
<or_exp><and_exp></and_exp></or_exp>
</condition>

<Node id="41" bw="8" op_0_bw="8" op_1_bw="8">
<![CDATA[
entry:38 %p = xor i8 %xor_ln55_5, i8 %zext_ln55_1

]]></Node>
<StgValue><ssdm name="p"/></StgValue>
</operation>

<operation id="41" st_id="1" stage="1" lat="1">
<core>NULL</core>
<MemPortIdVec></MemPortIdVec>
<condition id="-1">
<or_exp><and_exp></and_exp></or_exp>
</condition>

<Node id="42" bw="0" op_0_bw="8">
<![CDATA[
entry:39 %ret_ln61 = ret i8 %p

]]></Node>
<StgValue><ssdm name="ret_ln61"/></StgValue>
</operation>
</state>
</state_list>


<ports>
<port id="43" name="a" dir="0" iftype="0">
<core>NULL</core><StgValue><ssdm name="a"/></StgValue>
</port>
<port id="44" name="b" dir="0" iftype="0">
<core>NULL</core><StgValue><ssdm name="b"/></StgValue>
</port>
</ports>


<dataflows>
<dataflow id="46" from="_ssdm_op_Read.ap_auto.i8" to="b_read" fromId="45" toId="2">
</dataflow>
<dataflow id="47" from="b" to="b_read" fromId="44" toId="2">
</dataflow>
<dataflow id="49" from="_ssdm_op_Read.ap_auto.i2" to="a_read" fromId="48" toId="3">
</dataflow>
<dataflow id="50" from="a" to="a_read" fromId="43" toId="3">
</dataflow>
<dataflow id="51" from="b_read" to="trunc_ln52" fromId="2" toId="4">
</dataflow>
<dataflow id="52" from="trunc_ln52" to="select_ln55" fromId="4" toId="5">
</dataflow>
<dataflow id="53" from="a_read" to="select_ln55" fromId="3" toId="5">
</dataflow>
<dataflow id="55" from="StgValue_54" to="select_ln55" fromId="54" toId="5">
</dataflow>
<dataflow id="56" from="select_ln55" to="zext_ln57" fromId="5" toId="6">
</dataflow>
<dataflow id="58" from="_ssdm_op_BitConcatenate.i3.i2.i1" to="a_1" fromId="57" toId="7">
</dataflow>
<dataflow id="59" from="a_read" to="a_1" fromId="3" toId="7">
</dataflow>
<dataflow id="61" from="StgValue_60" to="a_1" fromId="60" toId="7">
</dataflow>
<dataflow id="63" from="_ssdm_op_BitSelect.i1.i8.i32" to="tmp" fromId="62" toId="8">
</dataflow>
<dataflow id="64" from="b_read" to="tmp" fromId="2" toId="8">
</dataflow>
<dataflow id="66" from="StgValue_65" to="tmp" fromId="65" toId="8">
</dataflow>
<dataflow id="67" from="tmp" to="select_ln55_1" fromId="8" toId="9">
</dataflow>
<dataflow id="68" from="a_1" to="select_ln55_1" fromId="7" toId="9">
</dataflow>
<dataflow id="70" from="StgValue_69" to="select_ln55_1" fromId="69" toId="9">
</dataflow>
<dataflow id="72" from="_ssdm_op_BitConcatenate.i4.i2.i2" to="a_2" fromId="71" toId="10">
</dataflow>
<dataflow id="73" from="a_read" to="a_2" fromId="3" toId="10">
</dataflow>
<dataflow id="74" from="StgValue_54" to="a_2" fromId="54" toId="10">
</dataflow>
<dataflow id="75" from="_ssdm_op_BitSelect.i1.i8.i32" to="tmp_1" fromId="62" toId="11">
</dataflow>
<dataflow id="76" from="b_read" to="tmp_1" fromId="2" toId="11">
</dataflow>
<dataflow id="78" from="StgValue_77" to="tmp_1" fromId="77" toId="11">
</dataflow>
<dataflow id="79" from="tmp_1" to="select_ln55_2" fromId="11" toId="12">
</dataflow>
<dataflow id="80" from="a_2" to="select_ln55_2" fromId="10" toId="12">
</dataflow>
<dataflow id="82" from="StgValue_81" to="select_ln55_2" fromId="81" toId="12">
</dataflow>
<dataflow id="83" from="select_ln55_2" to="zext_ln57_1" fromId="12" toId="13">
</dataflow>
<dataflow id="85" from="_ssdm_op_BitConcatenate.i5.i2.i3" to="a_3" fromId="84" toId="14">
</dataflow>
<dataflow id="86" from="a_read" to="a_3" fromId="3" toId="14">
</dataflow>
<dataflow id="87" from="StgValue_69" to="a_3" fromId="69" toId="14">
</dataflow>
<dataflow id="88" from="_ssdm_op_BitSelect.i1.i8.i32" to="tmp_2" fromId="62" toId="15">
</dataflow>
<dataflow id="89" from="b_read" to="tmp_2" fromId="2" toId="15">
</dataflow>
<dataflow id="91" from="StgValue_90" to="tmp_2" fromId="90" toId="15">
</dataflow>
<dataflow id="92" from="tmp_2" to="select_ln55_3" fromId="15" toId="16">
</dataflow>
<dataflow id="93" from="a_3" to="select_ln55_3" fromId="14" toId="16">
</dataflow>
<dataflow id="95" from="StgValue_94" to="select_ln55_3" fromId="94" toId="16">
</dataflow>
<dataflow id="97" from="_ssdm_op_BitConcatenate.i6.i2.i4" to="a_4" fromId="96" toId="17">
</dataflow>
<dataflow id="98" from="a_read" to="a_4" fromId="3" toId="17">
</dataflow>
<dataflow id="99" from="StgValue_81" to="a_4" fromId="81" toId="17">
</dataflow>
<dataflow id="100" from="_ssdm_op_BitSelect.i1.i8.i32" to="tmp_3" fromId="62" toId="18">
</dataflow>
<dataflow id="101" from="b_read" to="tmp_3" fromId="2" toId="18">
</dataflow>
<dataflow id="103" from="StgValue_102" to="tmp_3" fromId="102" toId="18">
</dataflow>
<dataflow id="104" from="tmp_3" to="select_ln55_4" fromId="18" toId="19">
</dataflow>
<dataflow id="105" from="a_4" to="select_ln55_4" fromId="17" toId="19">
</dataflow>
<dataflow id="107" from="StgValue_106" to="select_ln55_4" fromId="106" toId="19">
</dataflow>
<dataflow id="108" from="select_ln55_4" to="zext_ln57_2" fromId="19" toId="20">
</dataflow>
<dataflow id="110" from="_ssdm_op_BitConcatenate.i7.i2.i5" to="a_5" fromId="109" toId="21">
</dataflow>
<dataflow id="111" from="a_read" to="a_5" fromId="3" toId="21">
</dataflow>
<dataflow id="112" from="StgValue_94" to="a_5" fromId="94" toId="21">
</dataflow>
<dataflow id="113" from="_ssdm_op_BitSelect.i1.i8.i32" to="tmp_4" fromId="62" toId="22">
</dataflow>
<dataflow id="114" from="b_read" to="tmp_4" fromId="2" toId="22">
</dataflow>
<dataflow id="116" from="StgValue_115" to="tmp_4" fromId="115" toId="22">
</dataflow>
<dataflow id="117" from="tmp_4" to="select_ln55_5" fromId="22" toId="23">
</dataflow>
<dataflow id="118" from="a_5" to="select_ln55_5" fromId="21" toId="23">
</dataflow>
<dataflow id="120" from="StgValue_119" to="select_ln55_5" fromId="119" toId="23">
</dataflow>
<dataflow id="122" from="_ssdm_op_BitConcatenate.i8.i2.i6" to="a_6" fromId="121" toId="24">
</dataflow>
<dataflow id="123" from="a_read" to="a_6" fromId="3" toId="24">
</dataflow>
<dataflow id="124" from="StgValue_106" to="a_6" fromId="106" toId="24">
</dataflow>
<dataflow id="125" from="_ssdm_op_BitSelect.i1.i8.i32" to="tmp_5" fromId="62" toId="25">
</dataflow>
<dataflow id="126" from="b_read" to="tmp_5" fromId="2" toId="25">
</dataflow>
<dataflow id="128" from="StgValue_127" to="tmp_5" fromId="127" toId="25">
</dataflow>
<dataflow id="129" from="tmp_5" to="select_ln55_6" fromId="25" toId="26">
</dataflow>
<dataflow id="130" from="a_6" to="select_ln55_6" fromId="24" toId="26">
</dataflow>
<dataflow id="132" from="StgValue_131" to="select_ln55_6" fromId="131" toId="26">
</dataflow>
<dataflow id="133" from="a_read" to="trunc_ln57" fromId="3" toId="27">
</dataflow>
<dataflow id="135" from="_ssdm_op_BitConcatenate.i8.i1.i7" to="a_7" fromId="134" toId="28">
</dataflow>
<dataflow id="136" from="trunc_ln57" to="a_7" fromId="27" toId="28">
</dataflow>
<dataflow id="138" from="StgValue_137" to="a_7" fromId="137" toId="28">
</dataflow>
<dataflow id="139" from="_ssdm_op_BitSelect.i1.i8.i32" to="tmp_6" fromId="62" toId="29">
</dataflow>
<dataflow id="140" from="b_read" to="tmp_6" fromId="2" toId="29">
</dataflow>
<dataflow id="142" from="StgValue_141" to="tmp_6" fromId="141" toId="29">
</dataflow>
<dataflow id="143" from="tmp_6" to="select_ln55_7" fromId="29" toId="30">
</dataflow>
<dataflow id="144" from="a_7" to="select_ln55_7" fromId="28" toId="30">
</dataflow>
<dataflow id="145" from="StgValue_131" to="select_ln55_7" fromId="131" toId="30">
</dataflow>
<dataflow id="146" from="zext_ln57" to="xor_ln55" fromId="6" toId="31">
</dataflow>
<dataflow id="147" from="select_ln55_1" to="xor_ln55" fromId="9" toId="31">
</dataflow>
<dataflow id="148" from="xor_ln55" to="zext_ln55" fromId="31" toId="32">
</dataflow>
<dataflow id="149" from="zext_ln57_1" to="xor_ln55_1" fromId="13" toId="33">
</dataflow>
<dataflow id="150" from="select_ln55_3" to="xor_ln55_1" fromId="16" toId="33">
</dataflow>
<dataflow id="151" from="xor_ln55_1" to="xor_ln55_2" fromId="33" toId="34">
</dataflow>
<dataflow id="152" from="zext_ln55" to="xor_ln55_2" fromId="32" toId="34">
</dataflow>
<dataflow id="153" from="xor_ln55_2" to="zext_ln55_1" fromId="34" toId="35">
</dataflow>
<dataflow id="154" from="zext_ln57_2" to="xor_ln55_3" fromId="20" toId="36">
</dataflow>
<dataflow id="155" from="select_ln55_5" to="xor_ln55_3" fromId="23" toId="36">
</dataflow>
<dataflow id="156" from="xor_ln55_3" to="zext_ln55_2" fromId="36" toId="37">
</dataflow>
<dataflow id="157" from="select_ln55_6" to="xor_ln55_4" fromId="26" toId="38">
</dataflow>
<dataflow id="158" from="select_ln55_7" to="xor_ln55_4" fromId="30" toId="38">
</dataflow>
<dataflow id="159" from="xor_ln55_4" to="xor_ln55_5" fromId="38" toId="39">
</dataflow>
<dataflow id="160" from="zext_ln55_2" to="xor_ln55_5" fromId="37" toId="39">
</dataflow>
<dataflow id="161" from="xor_ln55_5" to="p" fromId="39" toId="40">
</dataflow>
<dataflow id="162" from="zext_ln55_1" to="p" fromId="35" toId="40">
</dataflow>
<dataflow id="163" from="p" to="ret_ln61" fromId="40" toId="41">
</dataflow>
<dataflow id="164" from="tmp" to="StgValue_1" fromId="8" toId="1">
</dataflow>
<dataflow id="165" from="tmp_1" to="StgValue_1" fromId="11" toId="1">
</dataflow>
<dataflow id="166" from="tmp_2" to="StgValue_1" fromId="15" toId="1">
</dataflow>
<dataflow id="167" from="tmp_3" to="StgValue_1" fromId="18" toId="1">
</dataflow>
<dataflow id="168" from="tmp_4" to="StgValue_1" fromId="22" toId="1">
</dataflow>
<dataflow id="169" from="tmp_5" to="StgValue_1" fromId="25" toId="1">
</dataflow>
<dataflow id="170" from="tmp_6" to="StgValue_1" fromId="29" toId="1">
</dataflow>
</dataflows>


</stg>
