<profile>

<section name = "Vitis HLS Report for 'gmul'" level="0">
<item name = "Date">Mon Jul 21 15:22:49 2025
</item>
<item name = "Version">2025.1 (Build 6135595 on May 21 2025)</item>
<item name = "Project">aes_core</item>
<item name = "Solution">hls (Vivado IP Flow Target)</item>
<item name = "Product family">zynquplus</item>
<item name = "Target device">xck26-sfvc784-2LV-c</item>
</section>

<section name = "Performance Estimates" level="0">
<item name = "Timing">
<section name = "" level="1">
<item name = "Summary"><table name="" hasTotal="0">
<keys size="4">Clock, Target, Estimated, Uncertainty</keys>
<column name="ap_clk">10.00 ns, 1.015 ns, 2.70 ns</column>
</table>
</item>
</section>
</item>
<item name = "Latency">
<section name = "" level="1">
<item name = "Summary"><table name="" hasTotal="0">
<keys size="8">, min, max, min, max, min, max, Type</keys>
<column name="">0, 0, 0 ns, 0 ns, 1, 1, yes</column>
</table>
</item>
<item name = "Detail">
<section name = "" level="1">
<item name = "Instance"><table name="" hasTotal="0">
<keys size="9">Instance, Module, min, max, min, max, min, max, Type</keys>
</table>
</item>
<item name = "Loop"><table name="" hasTotal="0">
<keys size="8">Loop Name, min, max, Latency, achieved, target, Count, Pipelined</keys>
</table>
</item>
</section>
</item>
</section>
</item>
</section>

<section name = "Utilization Estimates" level="0">
<item name = "Summary"><table name="" hasTotal="1">
<keys size="6">Name, BRAM_18K, DSP, FF, LUT, URAM</keys>
<column name="DSP">-, -, -, -, -</column>
<column name="Expression">-, -, 0, 87, -</column>
<column name="FIFO">-, -, -, -, -</column>
<column name="Instance">-, -, -, -, -</column>
<column name="Memory">-, -, -, -, -</column>
<column name="Multiplexer">-, -, -, -, -</column>
<column name="Register">-, -, -, -, -</column>
<specialColumn name="Available">288, 1248, 234240, 117120, 64</specialColumn>
<specialColumn name="Utilization (%)">0, 0, 0, ~0, 0</specialColumn>
</table>
</item>
<item name = "Detail">
<section name = "" level="1">
<item name = "Instance"><table name="" hasTotal="1">
<keys size="7">Instance, Module, BRAM_18K, DSP, FF, LUT, URAM</keys>
</table>
</item>
<item name = "DSP"><table name="" hasTotal="0">
<keys size="3">Instance, Module, Expression</keys>
</table>
</item>
<item name = "Memory"><table name="" hasTotal="1">
<keys size="10">Memory, Module, BRAM_18K, FF, LUT, URAM, Words, Bits, Banks, W*Bits*Banks</keys>
</table>
</item>
<item name = "FIFO"><table name="" hasTotal="1">
<keys size="8">Name, BRAM_18K, FF, LUT, URAM, Depth, Bits, Size:D*B</keys>
</table>
</item>
<item name = "Expression"><table name="" hasTotal="1">
<keys size="7">Variable Name, Operation, DSP, FF, LUT, Bitwidth P0, Bitwidth P1</keys>
<column name="select_ln55_1_fu_100_p3">select, 0, 0, 3, 1, 3</column>
<column name="select_ln55_2_fu_124_p3">select, 0, 0, 4, 1, 4</column>
<column name="select_ln55_3_fu_152_p3">select, 0, 0, 5, 1, 5</column>
<column name="select_ln55_4_fu_176_p3">select, 0, 0, 6, 1, 6</column>
<column name="select_ln55_5_fu_204_p3">select, 0, 0, 7, 1, 7</column>
<column name="select_ln55_6_fu_228_p3">select, 0, 0, 8, 1, 8</column>
<column name="select_ln55_7_fu_256_p3">select, 0, 0, 8, 1, 8</column>
<column name="select_ln55_fu_72_p3">select, 0, 0, 2, 1, 2</column>
<column name="ap_return">xor, 0, 0, 8, 8, 8</column>
<column name="xor_ln55_1_fu_274_p2">xor, 0, 0, 5, 5, 5</column>
<column name="xor_ln55_2_fu_280_p2">xor, 0, 0, 5, 5, 5</column>
<column name="xor_ln55_3_fu_290_p2">xor, 0, 0, 7, 7, 7</column>
<column name="xor_ln55_4_fu_300_p2">xor, 0, 0, 8, 8, 8</column>
<column name="xor_ln55_5_fu_306_p2">xor, 0, 0, 8, 8, 8</column>
<column name="xor_ln55_fu_264_p2">xor, 0, 0, 3, 3, 3</column>
</table>
</item>
<item name = "Multiplexer"><table name="" hasTotal="1">
<keys size="5">Name, LUT, Input Size, Bits, Total Bits</keys>
</table>
</item>
<item name = "Register"><table name="" hasTotal="1">
<keys size="5">Name, FF, LUT, Bits, Const Bits</keys>
</table>
</item>
</section>
</item>
</section>

<section name = "Interface" level="0">
<item name = "Summary"><table name="" hasTotal="0">
<keys size="6">RTL Ports, Dir, Bits, Protocol, Source Object, C Type</keys>
<column name="ap_ready">out, 1, ap_ctrl_hs, gmul, return value</column>
<column name="ap_return">out, 8, ap_ctrl_hs, gmul, return value</column>
<column name="ap_rst">in, 1, ap_ctrl_hs, gmul, return value</column>
<column name="a">in, 2, ap_none, a, scalar</column>
<column name="b">in, 8, ap_none, b, scalar</column>
</table>
</item>
</section>
</profile>
