<stg><name>gmul</name>


<trans_list>
</trans_list>



<state_list>

<state id="1" st_id="1">

<operation id="2" st_id="1" stage="1" lat="1">
<core>NULL</core>
<MemPortIdVec></MemPortIdVec>
<condition id="-1">
<or_exp><and_exp></and_exp></or_exp>
</condition>

<Node id="3" bw="8" op_0_bw="8" op_1_bw="8">
<![CDATA[
entry:0 %b_read = read i8 @_ssdm_op_Read.ap_auto.i8, i8 %b

]]></Node>
<StgValue><ssdm name="b_read"/></StgValue>
</operation>

<operation id="3" st_id="1" stage="1" lat="1">
<core>NULL</core>
<MemPortIdVec></MemPortIdVec>
<condition id="-1">
<or_exp><and_exp></and_exp></or_exp>
</condition>

<Node id="4" bw="2" op_0_bw="2" op_1_bw="2">
<![CDATA[
entry:1 %a_read = read i2 @_ssdm_op_Read.ap_auto.i2, i2 %a

]]></Node>
<StgValue><ssdm name="a_read"/></StgValue>
</operation>

<operation id="4" st_id="1" stage="1" lat="1">
<core>NULL</core>
<MemPortIdVec></MemPortIdVec>
<condition id="-1">
<or_exp><and_exp></and_exp></or_exp>
</condition>

<Node id="5" bw="1" op_0_bw="8">
<![CDATA[
entry:2 %trunc_ln52 = trunc i8 %b_read

]]></Node>
<StgValue><ssdm name="trunc_ln52"/></StgValue>
</operation>

<operation id="5" st_id="1" stage="1" lat="1">
<core>Sel</core>
<MemPortIdVec></MemPortIdVec>
<condition id="-1">
<or_exp><and_exp></and_exp></or_exp>
</condition>

<Node id="6" bw="2" op_0_bw="1" op_1_bw="2" op_2_bw="2">
<![CDATA[
entry:3 %select_ln55 = select i1 %trunc_ln52, i2 %a_read, i2 0

]]></Node>
<StgValue><ssdm name="select_ln55"/></StgValue>
</operation>

<operation id="6" st_id="1" stage="1" lat="1">
<core>NULL</core>
<MemPortIdVec></MemPortIdVec>
<condition id="-1">
<or_exp><and_exp></and_exp></or_exp>
</condition>

<Node id="7" bw="3" op_0_bw="2">
<![CDATA[
entry:4 %zext_ln57 = zext i2 %select_ln55

]]></Node>
<StgValue><ssdm name="zext_ln57"/></StgValue>
</operation>

<operation id="7" st_id="1" stage="1" lat="1">
<core>NULL</core>
<MemPortIdVec></MemPortIdVec>
<condition id="-1">
<or_exp><and_exp><literal name="tmp" val="1"/>
</and_exp></or_exp>
</condition>

<Node id="8" bw="3" op_0_bw="3" op_1_bw="2" op_2_bw="1">
<![CDATA[
entry:5 %a_1 = bitconcatenate i3 @_ssdm_op_BitConcatenate.i3.i2.i1, i2 %a_read, i1 0

]]></Node>
<StgValue><ssdm name="a_1"/></StgValue>
</operation>

<operation id="8" st_id="1" stage="1" lat="1">
<core>NULL</core>
<MemPortIdVec></MemPortIdVec>
<condition id="-1">
<or_exp><and_exp></and_exp></or_exp>
</condition>

<Node id="9" bw="1" op_0_bw="1" op_1_bw="8" op_2_bw="32">
<![CDATA[
entry:6 %tmp = bitselect i1 @_ssdm_op_BitSelect.i1.i8.i32, i8 %b_read, i32 1

]]></Node>
<StgValue><ssdm name="tmp"/></StgValue>
</operation>

<operation id="9" st_id="1" stage="1" lat="1">
<core>Sel</core>
<MemPortIdVec></MemPortIdVec>
<condition id="-1">
<or_exp><and_exp></and_exp></or_exp>
</condition>

<Node id="10" bw="3" op_0_bw="1" op_1_bw="3" op_2_bw="3">
<![CDATA[
entry:7 %select_ln55_1 = select i1 %tmp, i3 %a_1, i3 0

]]></Node>
<StgValue><ssdm name="select_ln55_1"/></StgValue>
</operation>

<operation id="10" st_id="1" stage="1" lat="1">
<core>NULL</core>
<MemPortIdVec></MemPortIdVec>
<condition id="-1">
<or_exp><and_exp><literal name="tmp_1" val="1"/>
</and_exp></or_exp>
</condition>

<Node id="11" bw="4" op_0_bw="4" op_1_bw="2" op_2_bw="2">
<![CDATA[
entry:8 %a_2 = bitconcatenate i4 @_ssdm_op_BitConcatenate.i4.i2.i2, i2 %a_read, i2 0

]]></Node>
<StgValue><ssdm name="a_2"/></StgValue>
</operation>

<operation id="11" st_id="1" stage="1" lat="1">
<core>NULL</core>
<MemPortIdVec></MemPortIdVec>
<condition id="-1">
<or_exp><and_exp></and_exp></or_exp>
</condition>

<Node id="12" bw="1" op_0_bw="1" op_1_bw="8" op_2_bw="32">
<![CDATA[
entry:9 %tmp_1 = bitselect i1 @_ssdm_op_BitSelect.i1.i8.i32, i8 %b_read, i32 2

]]></Node>
<StgValue><ssdm name="tmp_1"/></StgValue>
</operation>

<operation id="12" st_id="1" stage="1" lat="1">
<core>Sel</core>
<MemPortIdVec></MemPortIdVec>
<condition id="-1">
<or_exp><and_exp></and_exp></or_exp>
</condition>

<Node id="13" bw="4" op_0_bw="1" op_1_bw="4" op_2_bw="4">
<![CDATA[
entry:10 %select_ln55_2 = select i1 %tmp_1, i4 %a_2, i4 0

]]></Node>
<StgValue><ssdm name="select_ln55_2"/></StgValue>
</operation>

<operation id="13" st_id="1" stage="1" lat="1">
<core>NULL</core>
<MemPortIdVec></MemPortIdVec>
<condition id="-1">
<or_exp><and_exp></and_exp></or_exp>
</condition>

<Node id="14" bw="5" op_0_bw="4">
<![CDATA[
entry:11 %zext_ln57_1 = zext i4 %select_ln55_2

]]></Node>
<StgValue><ssdm name="zext_ln57_1"/></StgValue>
</operation>

<operation id="14" st_id="1" stage="1" lat="1">
<core>NULL</core>
<MemPortIdVec></MemPortIdVec>
<condition id="-1">
<or_exp><and_exp><literal name="tmp_2" val="1"/>
</and_exp></or_exp>
</condition>

<Node id="15" bw="5" op_0_bw="5" op_1_bw="2" op_2_bw="3">
<![CDATA[
entry:12 %a_3 = bitconcatenate i5 @_ssdm_op_BitConcatenate.i5.i2.i3, i2 %a_read, i3 0

]]></Node>
<StgValue><ssdm name="a_3"/></StgValue>
</operation>

<operation id="15" st_id="1" stage="1" lat="1">
<core>NULL</core>
<MemPortIdVec></MemPortIdVec>
<condition id="-1">
<or_exp><and_exp></and_exp></or_exp>
</condition>

<Node id="16" bw="1" op_0_bw="1" op_1_bw="8" op_2_bw="32">
<![CDATA[
entry:13 %tmp_2 = bitselect i1 @_ssdm_op_BitSelect.i1.i8.i32, i8 %b_read, i32 3

]]></Node>
<StgValue><ssdm name="tmp_2"/></StgValue>
</operation>

<operation id="16" st_id="1" stage="1" lat="1">
<core>Sel</core>
<MemPortIdVec></MemPortIdVec>
<condition id="-1">
<or_exp><and_exp></and_exp></or_exp>
</condition>

<Node id="17" bw="5" op_0_bw="1" op_1_bw="5" op_2_bw="5">
<![CDATA[
entry:14 %select_ln55_3 = select i1 %tmp_2, i5 %a_3, i5 0

]]></Node>
<StgValue><ssdm name="select_ln55_3"/></StgValue>
</operation>

<operation id="17" st_id="1" stage="1" lat="1">
<core>NULL</core>
<MemPortIdVec></MemPortIdVec>
<condition id="-1">
<or_exp><and_exp><literal name="tmp_3" val="1"/>
</and_exp></or_exp>
</condition>

<Node id="18" bw="6" op_0_bw="6" op_1_bw="2" op_2_bw="4">
<![CDATA[
entry:15 %a_4 = bitconcatenate i6 @_ssdm_op_BitConcatenate.i6.i2.i4, i2 %a_read, i4 0

]]></Node>
<StgValue><ssdm name="a_4"/></StgValue>
</operation>

<operation id="18" st_id="1" stage="1" lat="1">
<core>NULL</core>
<MemPortIdVec></MemPortIdVec>
<condition id="-1">
<or_exp><and_exp></and_exp></or_exp>
</condition>

<Node id="19" bw="1" op_0_bw="1" op_1_bw="8" op_2_bw="32">
<![CDATA[
entry:16 %tmp_3 = bitselect i1 @_ssdm_op_BitSelect.i1.i8.i32, i8 %b_read, i32 4

]]></Node>
<StgValue><ssdm name="tmp_3"/></StgValue>
</operation>

<operation id="19" st_id="1" stage="1" lat="1">
<core>Sel</core>
<MemPortIdVec></MemPortIdVec>
<condition id="-1">
<or_exp><and_exp></and_exp></or_exp>
</condition>

<Node id="20" bw="6" op_0_bw="1" op_1_bw="6" op_2_bw="6">
<![CDATA[
entry:17 %select_ln55_4 = select i1 %tmp_3, i6 %a_4, i6 0

]]></Node>
<StgValue><ssdm name="select_ln55_4"/></StgValue>
</operation>

<operation id="20" st_id="1" stage="1" lat="1">
<core>NULL</core>
<MemPortIdVec></MemPortIdVec>
<condition id="-1">
<or_exp><and_exp></and_exp></or_exp>
</condition>

<Node id="21" bw="7" op_0_bw="6">
<![CDATA[
entry:18 %zext_ln57_2 = zext i6 %select_ln55_4

]]></Node>
<StgValue><ssdm name="zext_ln57_2"/></StgValue>
</operation>

<operation id="21" st_id="1" stage="1" lat="1">
<core>NULL</core>
<MemPortIdVec></MemPortIdVec>
<condition id="-1">
<or_exp><and_exp><literal name="tmp_4" val="1"/>
</and_exp></or_exp>
</condition>

<Node id="22" bw="7" op_0_bw="7" op_1_bw="2" op_2_bw="5">
<![CDATA[
entry:19 %a_5 = bitconcatenate i7 @_ssdm_op_BitConcatenate.i7.i2.i5, i2 %a_read, i5 0

]]></Node>
<StgValue><ssdm name="a_5"/></StgValue>
</operation>

<operation id="22" st_id="1" stage="1" lat="1">
<core>NULL</core>
<MemPortIdVec></MemPortIdVec>
<condition id="-1">
<or_exp><and_exp></and_exp></or_exp>
</condition>

<Node id="23" bw="1" op_0_bw="1" op_1_bw="8" op_2_bw="32">
<![CDATA[
entry:20 %tmp_4 = bitselect i1 @_ssdm_op_BitSelect.i1.i8.i32, i8 %b_read, i32 5

]]></Node>
<StgValue><ssdm name="tmp_4"/></StgValue>
</operation>

<operation id="23" st_id="1" stage="1" lat="1">
<core>Sel</core>
<MemPortIdVec></MemPortIdVec>
<condition id="-1">
<or_exp><and_exp></and_exp></or_exp>
</condition>

<Node id="24" bw="7" op_0_bw="1" op_1_bw="7" op_2_bw="7">
<![CDATA[
entry:21 %select_ln55_5 = select i1 %tmp_4, i7 %a_5, i7 0

]]></Node>
<StgValue><ssdm name="select_ln55_5"/></StgValue>
</operation>

<operation id="24" st_id="1" stage="1" lat="1">
<core>NULL</core>
<MemPortIdVec></MemPortIdVec>
<condition id="-1">
<or_exp><and_exp><literal name="tmp_5" val="1"/>
</and_exp></or_exp>
</condition>

<Node id="25" bw="8" op_0_bw="8" op_1_bw="2" op_2_bw="6">
<![CDATA[
entry:22 %a_6 = bitconcatenate i8 @_ssdm_op_BitConcatenate.i8.i2.i6, i2 %a_read, i6 0

]]></Node>
<StgValue><ssdm name="a_6"/></StgValue>
</operation>

<operation id="25" st_id="1" stage="1" lat="1">
<core>NULL</core>
<MemPortIdVec></MemPortIdVec>
<condition id="-1">
<or_exp><and_exp></and_exp></or_exp>
</condition>

<Node id="26" bw="1" op_0_bw="1" op_1_bw="8" op_2_bw="32">
<![CDATA[
entry:23 %tmp_5 = bitselect i1 @_ssdm_op_BitSelect.i1.i8.i32, i8 %b_read, i32 6

]]></Node>
<StgValue><ssdm name="tmp_5"/></StgValue>
</operation>

<operation id="26" st_id="1" stage="1" lat="1">
<core>Sel</core>
<MemPortIdVec></MemPortIdVec>
<condition id="-1">
<or_exp><and_exp></and_exp></or_exp>
</condition>

<Node id="27" bw="8" op_0_bw="1" op_1_bw="8" op_2_bw="8">
<![CDATA[
entry:24 %select_ln55_6 = select i1 %tmp_5, i8 %a_6, i8 0

]]></Node>
<StgValue><ssdm name="select_ln55_6"/></StgValue>
</operation>

<operation id="27" st_id="1" stage="1" lat="1">
<core>NULL</core>
<MemPortIdVec></MemPortIdVec>
<condition id="-1">
<or_exp><and_exp><literal name="tmp_6" val="1"/>
</and_exp></or_exp>
</condition>

<Node id="28" bw="1" op_0_bw="2">
<![CDATA[
entry:25 %trunc_ln57 = trunc i2 %a_read

]]></Node>
<StgValue><ssdm name="trunc_ln57"/></StgValue>
</operation>

<operation id="28" st_id="1" stage="1" lat="1">
<core>NULL</core>
<MemPortIdVec></MemPortIdVec>
<condition id="-1">
<or_exp><and_exp><literal name="tmp_6" val="1"/>
</and_exp></or_exp>
</condition>

<Node id="29" bw="8" op_0_bw="8" op_1_bw="1" op_2_bw="7">
<![CDATA[
entry:26 %a_7 = bitconcatenate i8 @_ssdm_op_BitConcatenate.i8.i1.i7, i1 %trunc_ln57, i7 27

]]></Node>
<StgValue><ssdm name="a_7"/></StgValue>
</operation>

<operation id="29" st_id="1" stage="1" lat="1">
<core>NULL</core>
<MemPortIdVec></MemPortIdVec>
<condition id="-1">
<or_exp><and_exp></and_exp></or_exp>
</condition>

<Node id="30" bw="1" op_0_bw="1" op_1_bw="8" op_2_bw="32">
<![CDATA[
entry:27 %tmp_6 = bitselect i1 @_ssdm_op_BitSelect.i1.i8.i32, i8 %b_read, i32 7

]]></Node>
<StgValue><ssdm name="tmp_6"/></StgValue>
</operation>

<operation id="30" st_id="1" stage="1" lat="1">
<core>Sel</core>
<MemPortIdVec></MemPortIdVec>
<condition id="-1">
<or_exp><and_exp></and_exp></or_exp>
</condition>

<Node id="31" bw="8" op_0_bw="1" op_1_bw="8" op_2_bw="8">
<![CDATA[
entry:28 %select_ln55_7 = select i1 %tmp_6, i8 %a_7, i8 0

]]></Node>
<StgValue><ssdm name="select_ln55_7"/></StgValue>
</operation>

<operation id="31" st_id="1" stage="1" lat="1">
<core>LogicGate</core>
<MemPortIdVec></MemPortIdVec>
<condition id="-1">
<or_exp><and_exp></and_exp></or_exp>
</condition>

<Node id="32" bw="3" op_0_bw="3" op_1_bw="3">
<![CDATA[
entry:29 %xor_ln55 = xor i3 %zext_ln57, i3 %select_ln55_1

]]></Node>
<StgValue><ssdm name="xor_ln55"/></StgValue>
</operation>

<operation id="32" st_id="1" stage="1" lat="1">
<core>NULL</core>
<MemPortIdVec></MemPortIdVec>
<condition id="-1">
<or_exp><and_exp></and_exp></or_exp>
</condition>

<Node id="33" bw="5" op_0_bw="3">
<![CDATA[
entry:30 %zext_ln55 = zext i3 %xor_ln55

]]></Node>
<StgValue><ssdm name="zext_ln55"/></StgValue>
</operation>

<operation id="33" st_id="1" stage="1" lat="1">
<core>LogicGate</core>
<MemPortIdVec></MemPortIdVec>
<condition id="-1">
<or_exp><and_exp></and_exp></or_exp>
</condition>

<Node id="34" bw="5" op_0_bw="5" op_1_bw="5">
<![CDATA[
entry:31 %xor_ln55_1 = xor i5 %zext_ln57_1, i5 %select_ln55_3

]]></Node>
<StgValue><ssdm name="xor_ln55_1"/></StgValue>
</operation>

<operation id="34" st_id="1" stage="1" lat="1">
<core>LogicGate</core>
<MemPortIdVec></MemPortIdVec>
<condition id="-1">
<or_exp><and_exp></and_exp></or_exp>
</condition>

<Node id="35" bw="5" op_0_bw="5" op_1_bw="5">
<![CDATA[
entry:32 %xor_ln55_2 = xor i5 %xor_ln55_1, i5 %zext_ln55

]]></Node>
<StgValue><ssdm name="xor_ln55_2"/></StgValue>
</operation>

<operation id="35" st_id="1" stage="1" lat="1">
<core>NULL</core>
<MemPortIdVec></MemPortIdVec>
<condition id="-1">
<or_exp><and_exp></and_exp></or_exp>
</condition>

<Node id="36" bw="8" op_0_bw="5">
<![CDATA[
entry:33 %zext_ln55_1 = zext i5 %xor_ln55_2

]]></Node>
<StgValue><ssdm name="zext_ln55_1"/></StgValue>
</operation>

<operation id="36" st_id="1" stage="1" lat="1">
<core>LogicGate</core>
<MemPortIdVec></MemPortIdVec>
<condition id="-1">
<or_exp><and_exp></and_exp></or_exp>
</condition>

<Node id="37" bw="7" op_0_bw="7" op_1_bw="7">
<![CDATA[
entry:34 %xor_ln55_3 = xor i7 %zext_ln57_2, i7 %select_ln55_5

]]></Node>
<StgValue><ssdm name="xor_ln55_3"/></StgValue>
</operation>

<operation id="37" st_id="1" stage="1" lat="1">
<core>NULL</core>
<MemPortIdVec></MemPortIdVec>
<condition id="-1">
<or_exp><and_exp></and_exp></or_exp>
</condition>

<Node id="38" bw="8" op_0_bw="7">
<![CDATA[
entry:35 %zext_ln55_2 = zext i7 %xor_ln55_3

]]></Node>
<StgValue><ssdm name="zext_ln55_2"/></StgValue>
</operation>

<operation id="38" st_id="1" stage="1" lat="1">
<core>LogicGate</core>
<MemPortIdVec></MemPortIdVec>
<condition id="-1">
<or_exp><and_exp></and_exp></or_exp>
</condition>

<Node id="39" bw="8" op_0_bw="8" op_1_bw="8">
<![CDATA[
entry:36 %xor_ln55_4 = xor i8 %select_ln55_6, i8 %select_ln55_7

]]></Node>
<StgValue><ssdm name="xor_ln55_4"/></StgValue>
</operation>

<operation id="39" st_id="1" stage="1" lat="1">
<core>LogicGate</core>
<MemPortIdVec></MemPortIdVec>
<condition id="-1">
<or_exp><and_exp></and_exp></or_exp>
</condition>

<Node id="40" bw="8" op_0_bw="8" op_1_bw="8">
<![CDATA[
entry:37 %xor_ln55_5 = xor i8 %xor_ln55_4, i8 %zext_ln55_2

]]></Node>
<StgValue><ssdm name="xor_ln55_5"/></StgValue>
</operation>

<operation id="40" st_id="1" stage="1" lat="1">
<core>LogicGate</core>
<MemPortIdVec></MemPortIdVec>
<condition id="-1">
<or_exp><and_exp></and_exp></or_exp>
</condition>

<Node id="41" bw="8" op_0_bw="8" op_1_bw="8">
<![CDATA[
entry:38 %p = xor i8 %xor_ln55_5, i8 %zext_ln55_1

]]></Node>
<StgValue><ssdm name="p"/></StgValue>
</operation>

<operation id="41" st_id="1" stage="1" lat="1">
<core>NULL</core>
<MemPortIdVec></MemPortIdVec>
<condition id="-1">
<or_exp><and_exp></and_exp></or_exp>
</condition>

<Node id="42" bw="0" op_0_bw="8">
<![CDATA[
entry:39 %ret_ln61 = ret i8 %p

]]></Node>
<StgValue><ssdm name="ret_ln61"/></StgValue>
</operation>
</state>
</state_list>


<ports>
</ports>


<dataflows>
</dataflows>


</stg>
