<dict>
  <key>main-file</key>
  <string>C:/Users/Administrator/Desktop/6420_proj/example_workspace/aes_core/aes_core/hls/.autopilot/db/HLS_top.pp.0.cpp</string>
  <key>diagnostics</key>
  <array>
    <dict>
      <key>level</key>
      <string>warning</string>
      <key>filename</key>
      <string>directive</string>
      <key>line</key>
      <integer>1</integer>
      <key>column</key>
      <integer>9</integer>
      <key>message</key>
      <string>HLS pragma dump _XLX_SEP_ PragmaIsValid=1_XLX_SEP_ PragmaType=top_XLX_SEP_ PragmaContext=directive_XLX_SEP_ PragmaFunction=aes_top_XLX_SEP_ PragmaOptions=name=aes_top_XLX_SEP_</string>
      <key>ID</key>
      <integer>5471</integer>
      <key>WarningOption</key>
      <string>dump-hls-pragmas</string>
    </dict>
    <dict>
      <key>level</key>
      <string>warning</string>
      <key>filename</key>
      <string>C:/Users/Administrator/Desktop/6420_proj/COMP4601_prj_encryption/AES_hls_cpp/HLS_top.cpp</string>
      <key>line</key>
      <integer>12</integer>
      <key>column</key>
      <integer>9</integer>
      <key>message</key>
      <string>HLS pragma dump _XLX_SEP_ PragmaIsValid=1_XLX_SEP_ PragmaType=interface_XLX_SEP_ PragmaContext=_XLX_SEP_ PragmaFunction=aes_top_XLX_SEP_ PragmaOptions=mode=s_axilite port=return_XLX_SEP_</string>
      <key>ID</key>
      <integer>5471</integer>
      <key>WarningOption</key>
      <string>dump-hls-pragmas</string>
    </dict>
    <dict>
      <key>level</key>
      <string>warning</string>
      <key>filename</key>
      <string>C:/Users/Administrator/Desktop/6420_proj/COMP4601_prj_encryption/AES_hls_cpp/HLS_top.cpp</string>
      <key>line</key>
      <integer>13</integer>
      <key>column</key>
      <integer>9</integer>
      <key>message</key>
      <string>HLS pragma dump _XLX_SEP_ PragmaIsValid=1_XLX_SEP_ PragmaType=interface_XLX_SEP_ PragmaContext=_XLX_SEP_ PragmaFunction=aes_top_XLX_SEP_ PragmaOptions=mode=s_axilite port=in_XLX_SEP_</string>
      <key>ID</key>
      <integer>5471</integer>
      <key>WarningOption</key>
      <string>dump-hls-pragmas</string>
    </dict>
    <dict>
      <key>level</key>
      <string>warning</string>
      <key>filename</key>
      <string>C:/Users/Administrator/Desktop/6420_proj/COMP4601_prj_encryption/AES_hls_cpp/HLS_top.cpp</string>
      <key>line</key>
      <integer>14</integer>
      <key>column</key>
      <integer>9</integer>
      <key>message</key>
      <string>HLS pragma dump _XLX_SEP_ PragmaIsValid=1_XLX_SEP_ PragmaType=interface_XLX_SEP_ PragmaContext=_XLX_SEP_ PragmaFunction=aes_top_XLX_SEP_ PragmaOptions=mode=s_axilite port=out_XLX_SEP_</string>
      <key>ID</key>
      <integer>5471</integer>
      <key>WarningOption</key>
      <string>dump-hls-pragmas</string>
    </dict>
    <dict>
      <key>level</key>
      <string>warning</string>
      <key>filename</key>
      <string>C:/Users/Administrator/Desktop/6420_proj/COMP4601_prj_encryption/AES_hls_cpp/HLS_top.cpp</string>
      <key>line</key>
      <integer>15</integer>
      <key>column</key>
      <integer>9</integer>
      <key>message</key>
      <string>HLS pragma dump _XLX_SEP_ PragmaIsValid=1_XLX_SEP_ PragmaType=interface_XLX_SEP_ PragmaContext=_XLX_SEP_ PragmaFunction=aes_top_XLX_SEP_ PragmaOptions=mode=s_axilite port=w_XLX_SEP_</string>
      <key>ID</key>
      <integer>5471</integer>
      <key>WarningOption</key>
      <string>dump-hls-pragmas</string>
    </dict>
  </array>
</dict>
